user_id,signup_date,corporate_id
100001,2023-08-29,
100002,2025-05-22,
100003,2025-06-01,
100004,2024-09-08,
100005,2023-05-03,
100006,2024-03-11,
100007,2023-03-25,
100008,2023-02-01,
100009,2025-02-04,
100010,2023-01-30,
100011,2024-01-26,254
100012,2023-01-23,74
100013,2023-05-13,
100014,2023-02-11,
100015,2024-05-06,
100016,2024-02-21,
100017,2024-07-14,
100018,2023-03-06,
100019,2023-03-21,
100020,2024-11-03,
100021,2023-09-01,389
100022,2023-02-04,
100023,2023-05-12,
100024,2023-11-19,
100025,2025-03-07,58
100026,2025-02-22,
100027,2024-11-05,
100028,2023-10-02,
100029,2023-04-15,103
100030,2022-12-30,
100031,2023-09-28,
100032,2023-11-09,
100033,2023-01-19,171
100034,2024-08-16,
100035,2023-03-15,
100036,2024-07-26,327
100037,2023-11-16,
100038,2025-05-14,
100039,2023-04-02,
100040,2024-12-07,
100041,2023-08-16,241
100042,2024-08-28,
100043,2024-06-29,
100044,2025-03-23,
100045,2025-05-10,
100046,2024-07-14,
100047,2023-07-12,
100048,2024-11-01,
100049,2024-06-28,269
100050,2023-06-01,
100051,2024-02-12,
100052,2024-11-01,141
100053,2024-06-21,
100054,2023-03-14,
100055,2023-07-21,248
100056,2024-07-04,
100057,2023-07-05,358
100058,2024-03-08,
100059,2024-08-18,
100060,2023-05-05,344
100061,2023-03-25,
100062,2024-02-07,
100063,2023-04-05,
100064,2025-01-06,
100065,2025-05-20,
100066,2023-08-10,
100067,2023-02-28,64
100068,2023-04-28,
100069,2023-02-12,
100070,2023-05-09,
100071,2024-07-04,159
100072,2024-01-20,
100073,2025-03-08,
100074,2024-10-20,371
100075,2023-08-26,
100076,2024-03-21,
100077,2024-03-22,
100078,2023-05-27,
100079,2024-01-15,
100080,2023-07-12,259
100081,2024-04-06,
100082,2023-06-05,
100083,2023-04-24,
100084,2024-02-29,
100085,2023-04-06,
100086,2024-07-15,
100087,2024-10-07,
100088,2024-07-04,
100089,2025-02-28,
100090,2024-05-29,
100091,2023-02-03,186
100092,2024-08-19,
100093,2023-08-20,
100094,2023-03-12,26
100095,2023-05-29,
100096,2024-01-29,
100097,2024-05-25,
100098,2023-03-08,
100099,2025-03-13,63
100100,2024-09-07,
100101,2023-03-29,
100102,2025-03-01,100
100103,2025-05-09,
100104,2023-03-31,
100105,2024-06-11,
100106,2023-09-03,
100107,2025-04-24,17
100108,2024-10-12,307
100109,2024-10-26,
100110,2023-03-17,
100111,2023-08-05,
100112,2023-06-14,
100113,2023-12-03,261
100114,2024-07-28,
100115,2023-01-14,
100116,2023-05-26,366
100117,2024-11-11,100
100118,2023-10-13,
100119,2023-11-18,
100120,2023-01-17,
100121,2023-08-06,
100122,2024-09-27,
100123,2025-04-10,91
100124,2025-04-22,235
100125,2025-05-27,224
100126,2024-09-18,
100127,2025-02-20,
100128,2025-04-18,
100129,2024-08-28,157
100130,2025-06-02,
100131,2023-08-15,
100132,2023-02-12,36
100133,2024-01-09,
100134,2023-03-17,
100135,2023-01-27,
100136,2024-02-10,
100137,2025-02-18,
100138,2023-05-15,
100139,2025-03-24,
100140,2023-07-29,
100141,2024-10-25,209
100142,2024-04-04,182
100143,2025-01-28,12
100144,2024-11-02,
100145,2023-10-30,330
100146,2025-04-09,
100147,2024-04-07,
100148,2024-05-11,77
100149,2025-02-13,
100150,2025-03-01,
100151,2023-01-28,
100152,2025-04-09,
100153,2024-09-13,99
100154,2024-09-30,316
100155,2024-03-21,
100156,2024-08-03,110
100157,2024-03-10,26
100158,2024-03-14,128
100159,2025-03-29,
100160,2023-10-09,
100161,2024-06-28,
100162,2024-08-18,212
100163,2024-03-05,
100164,2023-03-03,
100165,2024-01-01,
100166,2024-05-30,262
100167,2024-11-08,
100168,2023-12-24,
100169,2025-02-03,
100170,2025-05-14,
100171,2023-09-15,
100172,2024-05-18,
100173,2025-05-02,
100174,2025-03-09,330
100175,2025-04-27,
100176,2024-03-03,
100177,2024-02-10,
100178,2024-01-15,
100179,2023-12-25,
100180,2024-04-17,
100181,2024-03-25,
100182,2024-05-18,
100183,2023-11-09,
100184,2024-08-27,
100185,2025-03-05,
100186,2024-12-27,
100187,2024-08-16,
100188,2023-03-13,
100189,2025-01-13,75
100190,2024-11-14,
100191,2025-02-09,
100192,2023-01-01,
100193,2025-02-27,
100194,2024-12-14,
100195,2025-01-22,
100196,2024-02-05,
100197,2024-10-18,
100198,2023-03-18,
100199,2023-10-30,
100200,2023-03-10,
100201,2024-08-29,
100202,2023-11-18,
100203,2024-06-06,
100204,2024-02-18,
100205,2025-02-22,3
100206,2024-01-07,
100207,2024-09-27,116
100208,2025-05-17,
100209,2023-04-25,
100210,2023-02-23,
100211,2025-04-10,
100212,2023-10-23,
100213,2025-04-07,
100214,2024-01-12,
100215,2023-07-13,
100216,2025-05-29,
100217,2023-04-17,
100218,2024-08-09,
100219,2024-07-31,
100220,2023-08-31,
100221,2025-02-22,
100222,2023-03-18,
100223,2024-08-09,
100224,2025-01-27,
100225,2024-06-07,118
100226,2023-06-15,278
100227,2024-02-03,
100228,2024-06-27,
100229,2025-05-25,
100230,2023-07-07,
100231,2025-02-26,
100232,2024-05-08,
100233,2023-08-10,177
100234,2024-03-11,104
100235,2023-09-10,
100236,2025-05-12,
100237,2023-11-25,
100238,2023-02-13,
100239,2023-11-17,
100240,2025-04-24,
100241,2023-12-10,328
100242,2023-03-05,
100243,2023-10-19,
100244,2024-08-10,
100245,2024-06-04,
100246,2024-09-19,396
100247,2025-03-25,
100248,2023-06-04,
100249,2023-05-22,
100250,2023-08-18,
100251,2024-06-19,
100252,2024-09-16,185
100253,2024-10-26,162
100254,2023-09-15,282
100255,2025-02-26,
100256,2023-12-15,150
100257,2024-06-24,
100258,2023-06-16,
100259,2024-06-17,
100260,2023-04-21,
100261,2025-01-11,
100262,2024-07-15,
100263,2023-01-04,
100264,2023-05-01,
100265,2023-10-09,388
100266,2024-01-09,
100267,2024-11-28,
100268,2024-11-12,
100269,2023-02-26,
100270,2024-07-31,
100271,2024-12-22,
100272,2023-04-20,
100273,2024-12-19,
100274,2023-12-23,
100275,2023-11-03,
100276,2023-03-28,
100277,2023-06-04,62
100278,2025-05-28,
100279,2023-11-25,364
100280,2023-11-16,364
100281,2025-01-09,
100282,2024-12-02,
100283,2023-11-06,
100284,2024-07-23,
100285,2024-03-14,276
100286,2025-02-17,
100287,2024-02-26,
100288,2024-04-06,
100289,2025-02-01,295
100290,2023-11-19,
100291,2024-09-12,97
100292,2024-11-11,
100293,2024-06-03,236
100294,2024-08-30,
100295,2025-04-07,
100296,2024-09-08,
100297,2024-01-02,
100298,2024-05-06,
100299,2023-06-07,
100300,2023-06-19,10
100301,2024-09-22,
100302,2025-04-30,
100303,2023-01-29,
100304,2024-09-08,
100305,2023-02-22,
100306,2024-02-05,39
100307,2024-06-10,
100308,2024-11-16,
100309,2024-10-12,
100310,2025-02-25,91
100311,2025-03-03,
100312,2024-05-21,
100313,2023-07-06,
100314,2023-04-23,
100315,2023-09-14,
100316,2023-02-14,271
100317,2023-06-05,124
100318,2024-01-22,
100319,2024-05-12,
100320,2023-12-06,
100321,2024-11-25,
100322,2025-02-09,
100323,2023-02-28,
100324,2023-06-20,
100325,2024-12-27,
100326,2024-11-10,
100327,2024-02-04,
100328,2024-05-31,
100329,2025-01-22,
100330,2023-02-10,
100331,2023-11-20,
100332,2024-07-13,
100333,2023-05-31,
100334,2025-04-05,
100335,2024-07-04,
100336,2024-09-19,
100337,2024-08-05,
100338,2025-04-03,
100339,2023-12-04,
100340,2023-03-29,
100341,2024-10-03,392
100342,2024-03-11,
100343,2023-03-14,
100344,2023-11-18,
100345,2025-05-13,
100346,2024-07-09,
100347,2024-06-21,
100348,2023-12-22,
100349,2023-08-16,30
100350,2024-03-27,
100351,2023-02-09,367
100352,2024-06-25,
100353,2025-03-06,
100354,2025-01-30,329
100355,2023-11-17,63
100356,2025-01-14,133
100357,2023-05-11,
100358,2023-09-20,
100359,2024-09-23,
100360,2024-10-25,
100361,2023-10-17,
100362,2023-08-31,
100363,2025-04-06,
100364,2023-05-04,
100365,2023-01-21,
100366,2023-09-13,
100367,2025-04-19,
100368,2024-04-25,
100369,2024-09-21,
100370,2023-03-07,
100371,2023-10-27,
100372,2023-08-03,
100373,2024-09-20,
100374,2023-04-23,
100375,2023-02-13,
100376,2023-06-25,154
100377,2024-05-25,
100378,2024-12-13,
100379,2023-03-16,
100380,2023-07-28,
100381,2023-06-05,38
100382,2024-10-25,
100383,2023-06-24,
100384,2024-02-01,
100385,2024-05-11,27
100386,2023-04-09,
100387,2024-05-10,357
100388,2024-01-29,104
100389,2024-04-18,
100390,2024-04-28,192
100391,2024-04-21,
100392,2025-02-20,
100393,2025-03-01,
100394,2023-03-08,
100395,2023-03-18,
100396,2024-03-13,109
100397,2024-04-22,84
100398,2023-10-22,
100399,2024-11-25,
100400,2024-03-11,
100401,2023-04-11,
100402,2025-03-04,
100403,2023-10-25,208
100404,2024-04-10,
100405,2024-11-12,
100406,2025-05-30,225
100407,2023-01-30,
100408,2024-05-20,
100409,2023-07-02,
100410,2024-11-25,
100411,2023-01-22,
100412,2023-11-17,
100413,2024-10-24,
100414,2024-02-07,
100415,2023-10-20,33
100416,2025-04-22,
100417,2025-02-15,
100418,2024-12-15,
100419,2024-09-14,
100420,2023-08-14,
100421,2024-05-22,
100422,2023-10-26,
100423,2023-05-04,
100424,2023-05-10,32
100425,2025-05-01,
100426,2023-10-09,351
100427,2023-01-18,
100428,2023-11-12,
100429,2025-02-26,
100430,2023-11-12,
100431,2025-02-10,
100432,2024-07-05,
100433,2025-04-24,
100434,2024-08-27,
100435,2023-07-15,
100436,2024-10-02,105
100437,2023-05-21,
100438,2024-08-28,
100439,2024-12-15,
100440,2023-01-25,
100441,2023-05-24,
100442,2024-11-20,
100443,2023-05-09,
100444,2025-05-14,
100445,2023-09-10,156
100446,2023-08-08,
100447,2024-03-31,
100448,2024-03-02,
100449,2025-04-08,
100450,2024-02-02,
100451,2023-11-27,
100452,2024-04-22,
100453,2024-10-12,
100454,2023-06-18,
100455,2023-02-15,
100456,2023-07-12,
100457,2023-04-24,
100458,2025-01-05,96
100459,2023-03-09,
100460,2023-03-22,
100461,2023-12-14,
100462,2024-10-07,
100463,2025-03-31,294
100464,2024-04-01,
100465,2023-02-25,
100466,2023-07-22,
100467,2025-03-27,
100468,2025-02-15,
100469,2023-07-08,
100470,2024-08-09,
100471,2024-07-16,
100472,2025-03-22,
100473,2023-04-12,
100474,2024-01-07,
100475,2025-01-04,
100476,2025-01-25,
100477,2023-08-26,
100478,2024-08-07,
100479,2024-06-10,131
100480,2023-02-08,
100481,2023-09-01,
100482,2024-02-25,36
100483,2023-04-04,318
100484,2025-05-22,
100485,2023-06-10,
100486,2023-10-03,
100487,2025-02-22,
100488,2023-03-04,
100489,2023-03-24,334
100490,2024-03-06,
100491,2024-03-29,
100492,2023-06-29,367
100493,2024-01-11,
100494,2024-02-22,
100495,2024-01-07,
100496,2023-12-03,
100497,2023-03-22,44
100498,2023-09-23,289
100499,2024-10-26,
100500,2024-04-03,
100501,2024-12-30,
100502,2024-07-13,
100503,2023-04-28,
100504,2024-09-19,
100505,2024-12-21,
100506,2024-05-15,
100507,2025-04-14,280
100508,2023-12-08,
100509,2025-02-20,
100510,2025-04-02,
100511,2024-06-21,
100512,2023-12-30,
100513,2024-08-01,262
100514,2023-01-28,
100515,2023-12-04,
100516,2025-03-10,
100517,2023-12-14,
100518,2024-08-01,
100519,2023-10-14,
100520,2023-09-05,
100521,2023-09-18,
100522,2023-02-26,
100523,2024-02-25,
100524,2023-10-24,
100525,2024-12-31,
100526,2024-02-14,
100527,2024-12-30,
100528,2024-02-16,347
100529,2025-01-03,
100530,2023-01-02,
100531,2023-09-20,
100532,2024-11-22,
100533,2023-12-08,
100534,2025-05-23,
100535,2024-02-17,
100536,2024-07-02,
100537,2023-11-06,
100538,2024-07-01,
100539,2024-01-02,265
100540,2023-03-04,
100541,2023-10-20,
100542,2023-10-08,
100543,2023-02-06,
100544,2024-05-03,5
100545,2025-03-05,
100546,2025-02-20,
100547,2024-09-03,
100548,2024-08-12,
100549,2023-05-29,
100550,2024-03-16,7
100551,2023-02-08,
100552,2024-05-10,
100553,2023-11-25,
100554,2023-12-05,
100555,2023-07-23,326
100556,2023-08-11,
100557,2023-03-06,
100558,2025-02-05,
100559,2023-06-20,
100560,2024-12-20,
100561,2023-10-05,
100562,2023-12-03,
100563,2023-02-19,
100564,2025-03-12,
100565,2024-11-18,56
100566,2024-10-04,
100567,2023-10-30,
100568,2024-08-26,
100569,2024-10-26,
100570,2023-05-01,
100571,2025-03-07,
100572,2025-06-01,
100573,2023-08-01,
100574,2024-12-12,
100575,2023-11-22,129
100576,2024-06-24,
100577,2024-05-20,
100578,2024-07-08,
100579,2025-02-26,
100580,2023-10-20,
100581,2024-11-02,
100582,2025-01-10,
100583,2024-07-04,
100584,2024-07-11,
100585,2023-10-04,
100586,2025-05-13,
100587,2024-07-12,55
100588,2024-02-13,
100589,2023-07-30,
100590,2023-09-04,
100591,2023-06-02,130
100592,2023-07-14,161
100593,2023-05-17,
100594,2023-05-02,
100595,2024-01-22,
100596,2023-01-02,
100597,2023-07-01,
100598,2025-03-19,
100599,2023-01-05,
100600,2023-03-30,246
100601,2024-03-30,
100602,2024-01-03,
100603,2025-01-15,
100604,2023-10-24,
100605,2023-07-05,
100606,2024-01-21,
100607,2024-01-08,
100608,2024-09-08,90
100609,2023-08-30,44
100610,2024-06-10,
100611,2023-06-23,
100612,2023-04-24,
100613,2023-10-03,
100614,2025-03-21,
100615,2024-02-06,
100616,2024-03-18,
100617,2025-04-20,
100618,2023-07-05,162
100619,2023-03-29,
100620,2024-01-11,
100621,2023-02-28,
100622,2025-03-07,
100623,2024-07-31,
100624,2023-01-13,251
100625,2024-09-30,
100626,2024-01-05,
100627,2024-02-15,
100628,2024-01-12,219
100629,2024-01-27,
100630,2024-06-16,
100631,2023-03-19,305
100632,2025-03-16,
100633,2024-10-31,
100634,2023-09-18,
100635,2024-06-16,
100636,2024-03-19,
100637,2025-05-22,
100638,2024-07-19,
100639,2024-11-19,4
100640,2025-01-30,
100641,2024-05-22,
100642,2023-03-28,
100643,2023-06-25,
100644,2024-01-31,
100645,2023-09-07,54
100646,2024-07-17,45
100647,2023-07-25,
100648,2024-08-13,
100649,2023-06-30,5
100650,2024-01-24,
100651,2023-03-10,
100652,2023-10-15,
100653,2023-07-03,207
100654,2023-10-18,
100655,2023-02-03,
100656,2023-12-14,
100657,2023-06-03,292
100658,2023-11-12,18
100659,2024-07-31,360
100660,2024-12-10,327
100661,2023-06-17,
100662,2023-04-09,
100663,2023-01-30,
100664,2025-05-23,
100665,2023-08-10,
100666,2024-10-17,377
100667,2024-07-03,
100668,2024-04-24,
100669,2023-01-23,
100670,2023-08-25,
100671,2025-04-15,
100672,2023-07-14,
100673,2024-12-08,
100674,2025-01-28,31
100675,2024-03-22,
100676,2023-08-21,
100677,2025-01-31,17
100678,2023-02-16,
100679,2024-08-10,155
100680,2024-11-23,
100681,2022-12-29,
100682,2024-03-30,
100683,2024-06-07,
100684,2023-10-26,
100685,2023-04-29,224
100686,2024-02-17,
100687,2024-07-22,
100688,2024-06-01,
100689,2025-03-12,
100690,2023-04-08,
100691,2025-03-10,313
100692,2024-10-01,
100693,2023-02-12,
100694,2024-12-04,
100695,2023-11-23,
100696,2023-08-02,
100697,2024-03-07,192
100698,2025-04-12,
100699,2023-11-30,140
100700,2024-07-21,
100701,2023-12-24,
100702,2023-11-25,109
100703,2024-01-29,
100704,2023-05-01,
100705,2023-01-29,
100706,2024-12-31,214
100707,2024-02-10,182
100708,2025-01-17,
100709,2025-02-13,
100710,2023-05-10,
100711,2023-09-02,
100712,2023-03-23,
100713,2024-10-02,
100714,2024-06-03,
100715,2023-09-22,
100716,2025-04-24,
100717,2023-02-08,
100718,2024-11-24,
100719,2024-01-07,
100720,2024-04-28,
100721,2025-04-10,
100722,2024-03-03,
100723,2024-08-14,
100724,2024-11-08,262
100725,2024-09-08,
100726,2023-08-22,
100727,2023-01-04,
100728,2025-04-10,
100729,2024-05-25,
100730,2024-11-22,
100731,2024-01-03,
100732,2023-09-01,
100733,2023-02-21,
100734,2023-02-05,
100735,2024-08-05,
100736,2023-01-23,
100737,2024-06-17,204
100738,2023-11-24,87
100739,2025-05-06,
100740,2024-06-03,225
100741,2025-01-16,
100742,2024-08-03,
100743,2024-10-08,
100744,2025-03-07,
100745,2025-02-12,
100746,2023-02-09,73
100747,2025-05-14,
100748,2023-08-25,
100749,2023-05-21,
100750,2023-11-11,
100751,2024-06-24,
100752,2023-04-08,
100753,2024-08-25,
100754,2024-12-15,
100755,2024-03-02,
100756,2025-03-08,
100757,2024-02-29,
100758,2024-03-07,
100759,2025-01-31,
100760,2023-09-16,
100761,2024-01-07,
100762,2023-08-22,
100763,2025-04-28,
100764,2024-01-08,
100765,2023-02-17,
100766,2023-12-07,
100767,2024-12-10,
100768,2024-12-10,
100769,2023-05-16,
100770,2024-04-09,
100771,2024-09-20,
100772,2023-12-03,
100773,2025-05-18,249
100774,2023-11-29,80
100775,2025-04-23,213
100776,2025-02-02,
100777,2024-06-20,
100778,2025-01-18,
100779,2023-01-10,
100780,2024-06-21,
100781,2023-10-16,
100782,2024-11-23,
100783,2023-10-05,
100784,2024-07-09,
100785,2025-03-15,
100786,2025-04-03,99
100787,2024-06-15,70
100788,2023-09-24,
100789,2023-01-21,350
100790,2025-01-25,
100791,2023-03-26,
100792,2023-08-01,
100793,2025-01-09,
100794,2024-09-02,
100795,2024-07-29,
100796,2023-07-05,
100797,2025-01-02,
100798,2024-11-12,
100799,2024-12-11,
100800,2025-03-13,
100801,2024-11-09,
100802,2023-10-10,
100803,2023-10-17,
100804,2023-06-22,
100805,2024-08-01,
100806,2024-04-03,
100807,2024-10-07,330
100808,2025-04-25,
100809,2023-09-20,
100810,2025-02-22,
100811,2023-11-02,
100812,2025-02-04,
100813,2023-04-13,399
100814,2025-05-21,
100815,2024-10-21,
100816,2023-07-18,
100817,2024-02-17,
100818,2023-06-15,301
100819,2025-03-14,
100820,2024-08-10,
100821,2024-09-08,
100822,2023-02-12,
100823,2023-02-04,260
100824,2025-01-11,
100825,2025-05-26,262
100826,2025-05-14,
100827,2024-01-10,
100828,2024-12-27,117
100829,2024-06-16,
100830,2024-07-26,
100831,2023-08-08,
100832,2023-06-03,
100833,2024-12-20,
100834,2023-10-31,
100835,2023-06-19,
100836,2024-06-18,
100837,2023-01-14,
100838,2023-09-24,
100839,2023-06-29,
100840,2024-04-03,167
100841,2024-05-19,
100842,2024-09-20,
100843,2024-11-29,
100844,2023-06-27,
100845,2023-05-04,
100846,2024-11-02,
100847,2025-02-17,
100848,2023-10-28,
100849,2025-06-06,342
100850,2024-07-08,
100851,2025-05-16,
100852,2025-05-28,
100853,2024-05-11,
100854,2024-05-17,
100855,2024-10-05,
100856,2025-02-18,
100857,2025-04-14,
100858,2023-08-27,
100859,2024-05-05,
100860,2023-02-05,
100861,2023-09-03,
100862,2023-11-01,
100863,2023-05-03,
100864,2023-11-04,
100865,2023-12-18,
100866,2024-04-28,
100867,2023-01-31,254
100868,2024-04-17,
100869,2024-04-13,
100870,2024-09-13,
100871,2024-10-25,
100872,2023-11-10,
100873,2023-09-29,
100874,2025-02-27,
100875,2023-07-25,185
100876,2024-11-24,
100877,2024-05-23,
100878,2023-11-17,
100879,2024-04-22,323
100880,2023-12-20,
100881,2024-07-19,
100882,2023-05-14,
100883,2023-02-09,
100884,2025-01-04,
100885,2025-04-27,
100886,2023-07-18,341
100887,2023-02-12,
100888,2024-08-01,
100889,2024-03-20,
100890,2025-05-21,
100891,2025-04-25,
100892,2023-06-20,
100893,2023-12-29,256
100894,2023-08-24,
100895,2024-07-07,
100896,2025-05-20,
100897,2023-01-02,
100898,2025-06-03,
100899,2024-09-01,
100900,2024-09-10,
100901,2023-04-05,
100902,2025-02-10,
100903,2025-03-26,
100904,2023-04-22,
100905,2024-02-20,336
100906,2023-05-05,
100907,2023-11-18,
100908,2023-11-13,
100909,2023-04-24,
100910,2023-12-17,
100911,2025-03-03,
100912,2023-09-01,
100913,2025-03-10,
100914,2023-01-27,274
100915,2023-11-13,
100916,2024-01-26,
100917,2024-11-10,
100918,2024-10-07,
100919,2023-11-23,
100920,2023-02-02,
100921,2024-03-10,
100922,2023-05-15,
100923,2023-06-16,
100924,2024-06-24,
100925,2024-12-12,
100926,2024-11-03,
100927,2023-12-27,
100928,2023-08-30,
100929,2024-11-25,135
100930,2023-06-20,
100931,2024-10-09,
100932,2025-01-26,390
100933,2023-01-21,
100934,2025-03-23,
100935,2023-10-16,
100936,2024-10-19,
100937,2024-07-09,
100938,2023-02-28,265
100939,2023-09-05,
100940,2024-01-23,
100941,2023-09-15,
100942,2024-06-10,
100943,2024-07-06,
100944,2025-06-03,309
100945,2024-03-07,
100946,2023-04-21,
100947,2023-06-15,
100948,2023-07-28,
100949,2024-12-26,
100950,2023-10-21,1
100951,2025-01-27,
100952,2023-11-21,
100953,2023-05-16,
100954,2023-08-29,
100955,2024-12-12,
100956,2025-03-06,
100957,2023-07-29,
100958,2023-07-23,
100959,2023-02-01,
100960,2023-06-07,
100961,2025-03-09,
100962,2025-03-26,
100963,2023-09-10,
100964,2023-07-09,
100965,2024-12-05,
100966,2024-05-08,
100967,2024-12-27,
100968,2023-05-19,
100969,2022-12-31,
100970,2023-07-22,
100971,2024-02-09,74
100972,2025-03-20,
100973,2023-01-18,
100974,2025-04-17,
100975,2024-07-22,166
100976,2024-10-01,111
100977,2023-01-23,
100978,2025-01-26,
100979,2023-03-07,95
100980,2024-05-08,
100981,2025-02-27,
100982,2023-01-07,191
100983,2024-05-01,
100984,2023-08-08,7
100985,2024-10-28,
100986,2023-08-14,
100987,2025-03-31,
100988,2025-02-28,
100989,2024-06-07,
100990,2024-07-21,190
100991,2024-06-25,
100992,2023-06-17,184
100993,2025-03-31,
100994,2024-05-04,228
100995,2023-10-14,
100996,2023-12-03,
100997,2025-01-17,
100998,2025-04-08,
100999,2023-03-27,
101000,2025-04-13,
101001,2024-12-28,
101002,2023-11-08,
101003,2024-10-09,
101004,2025-06-01,
101005,2023-08-25,
101006,2023-04-06,189
101007,2025-03-20,
101008,2023-07-06,
101009,2024-10-22,
101010,2024-11-23,
101011,2023-10-25,168
101012,2024-03-20,
101013,2023-02-02,119
101014,2023-11-18,
101015,2025-02-06,
101016,2023-01-28,136
101017,2023-02-19,
101018,2025-02-15,
101019,2023-02-20,
101020,2023-01-14,
101021,2023-09-26,
101022,2023-10-28,
101023,2024-07-07,28
101024,2024-01-08,
101025,2023-12-21,211
101026,2024-12-17,
101027,2024-10-28,
101028,2024-04-05,
101029,2025-03-20,
101030,2023-05-11,
101031,2023-05-06,
101032,2024-01-04,
101033,2023-05-14,
101034,2024-06-13,
101035,2023-05-24,
101036,2024-02-25,340
101037,2024-10-10,
101038,2024-08-31,
101039,2023-01-10,
101040,2024-08-31,
101041,2023-11-11,
101042,2023-10-22,
101043,2024-08-06,
101044,2023-04-14,251
101045,2022-12-30,
101046,2023-03-28,
101047,2025-04-01,
101048,2024-01-20,
101049,2023-07-12,
101050,2023-08-01,
101051,2023-07-01,355
101052,2023-06-28,246
101053,2024-11-29,
101054,2023-10-02,
101055,2023-08-15,
101056,2024-07-28,
101057,2025-04-27,
101058,2025-02-23,328
101059,2023-02-12,
101060,2024-03-29,166
101061,2023-04-18,
101062,2024-07-18,83
101063,2024-11-15,
101064,2023-10-12,
101065,2025-05-04,
101066,2023-07-04,
101067,2023-03-06,48
101068,2025-03-20,
101069,2023-10-21,
101070,2024-12-12,298
101071,2024-01-17,
101072,2025-01-18,
101073,2024-05-10,
101074,2023-06-28,
101075,2023-04-01,126
101076,2024-06-20,
101077,2023-02-19,
101078,2023-12-06,
101079,2024-07-26,
101080,2024-11-02,
101081,2024-09-20,
101082,2025-04-17,
101083,2024-02-01,
101084,2023-06-02,
101085,2023-09-10,361
101086,2023-10-27,
101087,2023-01-28,
101088,2024-07-20,142
101089,2023-08-15,
101090,2023-05-07,395
101091,2023-09-27,
101092,2024-01-14,
101093,2023-10-15,
101094,2025-04-07,
101095,2023-01-03,
101096,2024-11-09,
101097,2025-05-07,
101098,2024-11-18,
101099,2025-04-15,
101100,2023-01-05,128
101101,2024-06-05,295
101102,2023-01-30,
101103,2023-02-03,
101104,2023-11-15,
101105,2023-08-13,
101106,2025-04-26,
101107,2024-05-25,
101108,2023-11-02,
101109,2023-12-10,
101110,2023-01-26,
101111,2024-06-20,
101112,2024-08-11,
101113,2025-03-15,100
101114,2025-06-04,
101115,2023-05-06,
101116,2025-03-28,
101117,2023-08-21,
101118,2024-10-31,
101119,2023-02-13,
101120,2023-05-13,
101121,2023-08-15,
101122,2023-03-30,
101123,2023-03-16,
101124,2023-08-19,95
101125,2024-04-24,
101126,2023-09-23,
101127,2023-09-09,
101128,2023-05-18,
101129,2024-02-26,388
101130,2024-07-31,
101131,2023-07-19,
101132,2023-10-01,
101133,2025-05-07,
101134,2023-10-04,
101135,2024-07-15,
101136,2024-03-26,
101137,2023-03-19,
101138,2024-06-19,309
101139,2023-03-01,
101140,2024-05-03,19
101141,2023-11-11,
101142,2025-03-23,
101143,2023-05-17,
101144,2024-04-01,
101145,2024-05-05,
101146,2023-10-08,
101147,2025-01-18,
101148,2024-01-24,
101149,2024-03-12,
101150,2023-03-19,
101151,2024-10-09,
101152,2025-02-11,
101153,2023-04-12,
101154,2023-10-04,
101155,2024-06-28,
101156,2024-07-28,356
101157,2024-12-16,319
101158,2024-04-06,327
101159,2024-09-13,
101160,2024-11-26,
101161,2025-01-08,
101162,2025-02-04,
101163,2023-03-26,
101164,2024-04-20,
101165,2025-01-23,
101166,2023-09-21,
101167,2024-11-10,
101168,2024-09-30,
101169,2023-11-24,
101170,2024-11-14,
101171,2025-01-07,
101172,2024-03-03,112
101173,2023-09-04,
101174,2024-08-02,
101175,2024-06-24,
101176,2025-01-22,
101177,2025-02-04,214
101178,2025-04-19,
101179,2023-12-17,
101180,2024-12-07,
101181,2023-07-18,
101182,2023-10-09,77
101183,2024-03-21,
101184,2025-04-30,
101185,2024-10-06,
101186,2025-03-31,
101187,2023-04-09,
101188,2023-06-11,
101189,2024-12-18,
101190,2023-04-21,
101191,2024-12-31,123
101192,2025-04-16,
101193,2023-05-01,
101194,2024-05-21,
101195,2025-01-03,
101196,2024-11-15,368
101197,2025-06-03,
101198,2024-04-07,
101199,2023-04-24,
101200,2024-12-14,
101201,2025-04-28,
101202,2024-05-21,82
101203,2023-10-17,
101204,2023-09-10,135
101205,2024-12-02,
101206,2025-03-22,
101207,2024-12-18,183
101208,2024-12-15,
101209,2024-09-30,
101210,2025-04-29,
101211,2025-05-19,240
101212,2023-03-29,299
101213,2025-03-15,
101214,2024-05-29,77
101215,2023-01-12,93
101216,2023-04-10,
101217,2023-09-10,
101218,2024-02-04,
101219,2025-04-03,
101220,2023-12-03,
101221,2023-03-14,
101222,2023-08-29,
101223,2025-05-14,
101224,2025-02-27,
101225,2023-08-09,87
101226,2023-01-04,
101227,2024-09-06,310
101228,2023-12-21,
101229,2024-02-03,
101230,2024-03-29,
101231,2023-11-02,
101232,2024-06-25,
101233,2023-08-27,220
101234,2023-11-05,
101235,2023-02-22,
101236,2024-08-17,
101237,2024-05-03,
101238,2023-04-10,
101239,2023-08-27,
101240,2023-10-27,
101241,2023-07-20,
101242,2024-06-03,
101243,2025-04-18,374
101244,2023-08-07,
101245,2022-12-30,136
101246,2023-09-12,
101247,2024-02-11,222
101248,2024-01-03,
101249,2024-12-23,
101250,2024-11-04,
101251,2024-03-30,
101252,2024-04-10,
101253,2024-02-20,
101254,2023-12-10,334
101255,2024-04-27,39
101256,2023-05-13,42
101257,2023-01-13,
101258,2024-02-16,
101259,2024-07-18,
101260,2023-01-15,
101261,2023-08-07,
101262,2025-04-04,
101263,2025-01-20,
101264,2025-06-03,76
101265,2023-05-10,
101266,2024-09-13,130
101267,2025-05-23,
101268,2024-07-24,
101269,2025-04-02,
101270,2023-12-07,
101271,2023-10-14,
101272,2024-05-01,
101273,2023-04-01,
101274,2024-05-17,
101275,2023-12-29,
101276,2023-10-29,
101277,2023-11-06,
101278,2024-05-01,
101279,2024-07-06,
101280,2023-01-26,
101281,2024-02-21,
101282,2023-05-01,
101283,2024-07-08,
101284,2023-07-31,
101285,2025-06-07,
101286,2024-04-05,
101287,2024-02-14,352
101288,2023-07-07,
101289,2023-01-28,
101290,2024-12-11,231
101291,2025-05-03,
101292,2025-04-29,322
101293,2024-11-06,
101294,2024-04-23,
101295,2025-01-11,
101296,2023-04-14,
101297,2023-03-26,
101298,2024-09-27,
101299,2023-02-16,
101300,2025-04-26,
101301,2023-03-02,179
101302,2023-01-31,355
101303,2023-11-06,
101304,2025-01-22,160
101305,2024-09-07,145
101306,2023-12-25,
101307,2024-04-14,
101308,2023-08-08,
101309,2024-10-23,
101310,2024-09-14,
101311,2023-09-26,
101312,2024-02-05,
101313,2023-04-23,
101314,2023-12-29,154
101315,2025-05-29,
101316,2023-01-19,54
101317,2024-01-23,
101318,2024-01-13,
101319,2024-09-02,
101320,2023-09-24,
101321,2023-12-28,
101322,2023-08-04,
101323,2023-09-05,
101324,2024-10-29,
101325,2024-11-29,130
101326,2024-07-15,
101327,2023-08-29,
101328,2023-04-26,
101329,2025-01-29,382
101330,2024-09-24,
101331,2023-10-05,256
101332,2023-03-03,44
101333,2023-03-25,
101334,2024-04-26,
101335,2023-05-06,
101336,2023-10-04,345
101337,2024-12-25,
101338,2023-06-25,
101339,2024-08-15,
101340,2023-06-14,
101341,2023-12-14,
101342,2023-04-11,
101343,2023-06-21,
101344,2023-02-06,
101345,2025-04-19,
101346,2024-03-13,
101347,2024-02-03,
101348,2024-05-25,
101349,2024-05-30,39
101350,2024-06-29,
101351,2023-08-16,
101352,2025-03-06,
101353,2025-02-02,312
101354,2024-05-12,
101355,2023-11-16,
101356,2023-05-26,
101357,2023-09-03,
101358,2024-12-09,
101359,2025-05-17,
101360,2023-06-25,
101361,2024-05-10,214
101362,2024-08-23,
101363,2023-07-07,200
101364,2023-08-08,
101365,2024-08-29,328
101366,2023-12-19,
101367,2024-11-30,
101368,2023-09-18,
101369,2023-07-23,64
101370,2023-11-19,
101371,2023-05-13,
101372,2025-03-13,383
101373,2023-06-03,
101374,2024-05-11,
101375,2023-05-10,
101376,2024-09-29,
101377,2024-07-19,60
101378,2023-02-19,
101379,2024-12-10,
101380,2023-07-13,
101381,2024-04-11,
101382,2023-11-04,
101383,2024-01-05,
101384,2024-02-28,
101385,2023-02-17,21
101386,2024-10-06,
101387,2023-04-26,
101388,2025-03-13,
101389,2025-04-02,
101390,2024-01-25,
101391,2023-01-13,
101392,2024-11-08,
101393,2023-04-17,
101394,2023-03-27,
101395,2024-05-11,
101396,2024-04-27,
101397,2025-01-02,
101398,2023-05-31,
101399,2024-09-18,
101400,2024-03-26,
101401,2023-12-20,
101402,2024-12-09,
101403,2023-07-26,
101404,2024-11-23,
101405,2023-05-15,
101406,2023-09-01,
101407,2023-03-15,193
101408,2024-04-19,
101409,2024-05-02,
101410,2025-01-17,
101411,2025-03-30,190
101412,2023-05-20,
101413,2023-03-16,
101414,2023-06-14,
101415,2024-12-17,103
101416,2025-03-29,
101417,2023-10-29,
101418,2025-04-29,134
101419,2024-07-09,
101420,2023-01-13,
101421,2024-12-29,
101422,2024-09-25,
101423,2023-03-07,
101424,2023-03-16,84
101425,2023-09-12,
101426,2023-06-18,
101427,2023-01-14,
101428,2023-08-05,273
101429,2024-06-28,
101430,2024-12-20,
101431,2024-11-17,
101432,2023-08-18,
101433,2023-06-27,
101434,2023-11-07,
101435,2023-08-02,
101436,2024-05-22,84
101437,2024-07-11,
101438,2025-01-14,337
101439,2023-06-28,
101440,2024-10-09,
101441,2024-12-17,
101442,2025-02-09,
101443,2024-03-07,
101444,2024-10-11,
101445,2024-10-02,
101446,2025-02-01,
101447,2024-10-09,
101448,2025-02-12,
101449,2023-04-05,
101450,2024-10-21,
101451,2025-05-06,
101452,2023-03-26,
101453,2023-07-11,
101454,2024-12-21,
101455,2023-02-19,
101456,2024-04-04,
101457,2024-07-18,
101458,2023-10-30,
101459,2024-07-20,
101460,2024-04-02,
101461,2024-12-06,43
101462,2023-09-11,
101463,2025-01-27,308
101464,2023-05-01,
101465,2024-06-23,
101466,2023-02-13,267
101467,2025-04-11,374
101468,2025-01-17,
101469,2025-03-09,
101470,2023-01-01,
101471,2022-12-29,244
101472,2023-10-29,237
101473,2023-09-12,
101474,2024-11-12,
101475,2023-06-08,
101476,2023-11-08,
101477,2023-01-06,
101478,2024-03-18,
101479,2023-11-27,
101480,2025-04-13,
101481,2024-07-15,
101482,2025-04-27,
101483,2025-01-22,
101484,2024-08-30,317
101485,2024-05-02,
101486,2024-04-06,
101487,2023-06-24,
101488,2023-04-08,
101489,2023-09-06,
101490,2024-08-05,
101491,2024-07-20,
101492,2024-05-30,
101493,2024-12-04,
101494,2023-04-28,
101495,2023-11-23,267
101496,2024-06-17,
101497,2024-12-02,
101498,2023-12-11,
101499,2025-02-12,
101500,2025-05-21,
101501,2023-06-08,143
101502,2023-06-23,
101503,2024-09-26,
101504,2023-08-19,
101505,2023-03-15,
101506,2024-12-15,
101507,2023-06-23,
101508,2023-04-04,
101509,2023-11-29,
101510,2024-06-20,
101511,2023-02-08,
101512,2023-08-17,
101513,2025-02-09,
101514,2023-07-14,
101515,2023-09-15,
101516,2024-04-24,
101517,2024-02-09,
101518,2023-05-02,
101519,2023-08-01,
101520,2024-05-21,
101521,2023-10-09,
101522,2025-06-04,
101523,2024-10-16,
101524,2025-02-10,
101525,2023-09-05,
101526,2025-04-17,82
101527,2024-10-13,
101528,2024-08-09,
101529,2023-05-18,
101530,2024-02-03,196
101531,2024-07-14,
101532,2023-03-12,
101533,2024-06-13,
101534,2024-01-29,
101535,2024-05-16,
101536,2023-04-19,
101537,2023-06-17,
101538,2024-09-21,
101539,2024-11-05,
101540,2023-05-27,
101541,2023-12-09,
101542,2024-05-29,
101543,2023-05-31,
101544,2023-04-27,
101545,2025-05-22,
101546,2023-04-06,356
101547,2024-08-06,
101548,2023-05-28,
101549,2024-11-15,
101550,2024-01-28,
101551,2024-10-20,296
101552,2023-06-03,
101553,2024-01-13,
101554,2024-04-19,340
101555,2024-11-12,
101556,2023-04-29,
101557,2023-08-25,
101558,2025-04-22,
101559,2024-10-21,
101560,2024-03-01,
101561,2023-03-15,83
101562,2024-12-29,
101563,2023-02-15,
101564,2024-05-27,
101565,2024-12-31,
101566,2024-04-18,
101567,2024-11-13,
101568,2023-12-13,235
101569,2025-03-08,
101570,2024-11-28,
101571,2024-10-23,
101572,2024-02-23,
101573,2024-06-20,183
101574,2023-01-15,
101575,2024-03-03,
101576,2024-10-25,
101577,2024-12-04,
101578,2023-07-15,25
101579,2025-05-28,
101580,2024-10-19,242
101581,2024-02-17,
101582,2023-02-13,
101583,2024-09-28,277
101584,2025-04-20,
101585,2024-09-17,
101586,2025-01-02,
101587,2024-01-17,
101588,2023-11-01,
101589,2024-12-07,
101590,2025-03-06,
101591,2025-02-17,169
101592,2024-12-19,
101593,2024-03-01,
101594,2024-12-03,
101595,2023-05-25,
101596,2024-10-14,
101597,2023-09-03,
101598,2023-10-23,
101599,2024-01-23,133
101600,2022-12-31,
101601,2024-06-28,
101602,2024-04-05,
101603,2023-11-20,
101604,2025-03-23,
101605,2023-12-19,
101606,2024-03-16,
101607,2025-01-23,
101608,2025-05-12,
101609,2024-11-05,
101610,2024-03-24,
101611,2024-07-14,398
101612,2023-03-18,
101613,2025-03-27,296
101614,2024-08-24,
101615,2023-12-29,
101616,2024-02-22,
101617,2024-01-30,109
101618,2024-10-02,
101619,2023-05-13,
101620,2024-10-15,
101621,2023-02-21,
101622,2023-10-22,
101623,2023-07-09,198
101624,2023-03-08,
101625,2023-09-23,347
101626,2024-12-16,
101627,2023-02-23,
101628,2024-11-23,
101629,2023-11-07,362
101630,2024-10-08,
101631,2024-09-09,
101632,2025-01-31,
101633,2023-10-31,
101634,2025-01-15,
101635,2024-07-17,
101636,2024-05-22,
101637,2024-10-06,392
101638,2025-01-24,
101639,2024-06-14,152
101640,2024-12-20,
101641,2024-12-07,
101642,2024-12-29,
101643,2023-10-24,
101644,2025-05-11,
101645,2024-12-31,
101646,2024-12-15,
101647,2025-01-20,165
101648,2023-11-14,
101649,2023-08-16,
101650,2024-04-10,196
101651,2024-08-15,
101652,2024-01-17,136
101653,2023-10-01,
101654,2023-01-25,133
101655,2025-03-24,
101656,2023-01-18,
101657,2024-07-16,
101658,2024-02-18,
101659,2023-10-28,
101660,2025-05-26,381
101661,2023-08-18,
101662,2023-12-12,
101663,2023-09-14,243
101664,2025-06-08,
101665,2025-04-15,
101666,2023-05-23,
101667,2024-03-14,
101668,2024-11-16,141
101669,2024-06-14,
101670,2023-10-27,
101671,2024-11-17,
101672,2025-05-01,
101673,2024-05-10,
101674,2024-03-29,51
101675,2023-03-11,219
101676,2024-03-28,
101677,2024-02-06,
101678,2025-05-29,
101679,2023-01-21,
101680,2025-06-05,286
101681,2025-06-03,
101682,2025-05-11,
101683,2023-11-16,
101684,2024-07-18,29
101685,2023-07-27,
101686,2025-03-01,
101687,2025-03-02,
101688,2025-04-07,
101689,2024-09-20,
101690,2024-05-18,7
101691,2024-09-12,
101692,2024-10-11,
101693,2025-02-12,
101694,2025-03-09,
101695,2025-04-15,98
101696,2025-04-26,
101697,2024-01-07,362
101698,2025-03-19,
101699,2024-04-29,
101700,2024-12-18,
101701,2024-12-11,
101702,2023-07-03,
101703,2023-12-17,
101704,2024-11-28,
101705,2023-12-11,
101706,2023-07-29,
101707,2024-09-24,
101708,2023-03-08,
101709,2023-04-03,
101710,2024-07-04,
101711,2025-01-21,
101712,2024-07-28,
101713,2024-07-31,
101714,2023-03-25,335
101715,2025-05-11,
101716,2024-03-19,186
101717,2025-02-25,
101718,2024-08-29,
101719,2024-05-09,
101720,2023-05-11,
101721,2024-11-25,12
101722,2024-10-27,
101723,2024-03-16,
101724,2023-06-14,274
101725,2025-02-02,142
101726,2023-02-23,
101727,2025-01-27,
101728,2023-03-04,
101729,2025-01-23,
101730,2025-06-06,
101731,2024-12-13,
101732,2024-05-07,
101733,2025-02-07,
101734,2023-01-24,
101735,2024-04-30,
101736,2024-03-07,
101737,2024-01-01,353
101738,2025-06-05,
101739,2024-12-06,
101740,2023-12-04,
101741,2024-03-30,
101742,2024-06-19,
101743,2025-05-19,
101744,2025-01-17,
101745,2025-05-08,
101746,2024-08-24,
101747,2024-10-16,
101748,2024-07-16,
101749,2024-07-14,
101750,2025-03-27,
101751,2023-07-29,
101752,2025-03-31,
101753,2024-03-31,
101754,2024-07-09,
101755,2023-08-22,
101756,2023-10-04,
101757,2025-02-19,
101758,2024-12-10,358
101759,2023-07-01,
101760,2025-01-19,
101761,2025-02-13,
101762,2023-11-24,
101763,2024-11-04,
101764,2024-02-07,
101765,2023-11-20,
101766,2023-12-12,
101767,2023-03-30,72
101768,2024-01-04,
101769,2023-11-23,
101770,2023-04-15,
101771,2025-05-21,
101772,2023-08-22,
101773,2024-09-27,
101774,2024-02-22,
101775,2024-06-25,
101776,2023-04-02,
101777,2023-05-29,
101778,2024-04-17,
101779,2024-09-06,
101780,2023-04-17,
101781,2024-05-30,
101782,2025-06-10,
101783,2023-10-18,
101784,2023-05-24,
101785,2024-10-02,
101786,2023-02-09,
101787,2023-11-05,36
101788,2023-07-19,
101789,2025-01-25,
101790,2024-09-30,
101791,2023-07-14,
101792,2024-10-13,
101793,2023-03-02,
101794,2024-02-14,
101795,2024-04-22,53
101796,2025-04-21,
101797,2023-05-23,
101798,2024-07-03,
101799,2024-08-15,
101800,2023-08-22,
101801,2025-03-31,90
101802,2023-02-16,
101803,2024-12-24,
101804,2024-03-04,
101805,2025-03-20,
101806,2024-06-13,
101807,2023-08-03,
101808,2025-01-11,
101809,2025-01-05,
101810,2023-08-31,207
101811,2024-11-09,
101812,2023-03-26,
101813,2023-09-24,
101814,2023-06-26,
101815,2023-06-20,
101816,2025-02-11,
101817,2023-06-07,
101818,2023-02-14,152
101819,2025-05-26,
101820,2023-03-09,
101821,2025-05-31,
101822,2023-02-01,
101823,2024-09-19,74
101824,2024-01-23,
101825,2024-09-22,
101826,2023-04-24,
101827,2023-10-20,
101828,2024-09-06,
101829,2024-02-06,
101830,2024-11-28,
101831,2024-02-21,
101832,2024-09-05,
101833,2024-12-11,
101834,2024-06-17,
101835,2024-02-29,222
101836,2024-09-17,
101837,2024-02-01,257
101838,2023-07-05,
101839,2023-06-27,
101840,2024-12-23,
101841,2025-05-30,
101842,2024-03-27,
101843,2023-06-29,303
101844,2024-08-21,
101845,2023-05-19,91
101846,2024-02-20,292
101847,2023-07-02,
101848,2024-10-25,
101849,2025-06-09,
101850,2025-05-07,
101851,2025-03-06,
101852,2024-08-14,
101853,2023-07-26,
101854,2024-04-01,
101855,2023-04-10,
101856,2023-11-17,334
101857,2024-06-20,
101858,2024-10-14,
101859,2024-06-15,
101860,2023-01-02,
101861,2024-03-13,
101862,2023-07-17,139
101863,2024-10-27,
101864,2025-01-06,
101865,2023-06-22,44
101866,2025-05-18,362
101867,2024-01-27,
101868,2023-12-29,
101869,2023-12-26,
101870,2025-03-13,
101871,2023-12-12,
101872,2024-02-18,
101873,2024-06-22,
101874,2024-11-17,
101875,2023-08-13,
101876,2023-12-11,
101877,2025-04-01,
101878,2025-01-15,
101879,2024-11-28,
101880,2025-03-11,
101881,2025-02-28,
101882,2023-10-06,
101883,2023-01-30,
101884,2024-04-19,
101885,2024-03-25,
101886,2025-02-23,
101887,2023-12-01,
101888,2024-06-11,
101889,2024-12-20,
101890,2024-04-08,
101891,2023-03-13,
101892,2024-11-08,227
101893,2025-02-04,
101894,2024-08-17,
101895,2023-04-07,
101896,2024-11-17,
101897,2023-06-11,
101898,2024-11-23,
101899,2024-03-16,
101900,2024-04-03,
101901,2025-04-14,
101902,2025-02-21,
101903,2025-03-10,
101904,2024-05-22,
101905,2024-10-07,
101906,2023-05-23,
101907,2024-07-10,
101908,2025-02-04,356
101909,2023-11-08,
101910,2024-07-04,386
101911,2025-01-31,
101912,2023-07-22,
101913,2025-02-01,
101914,2023-07-25,262
101915,2025-01-01,
101916,2024-11-25,
101917,2023-10-15,
101918,2023-11-07,
101919,2024-09-25,168
101920,2024-09-17,
101921,2023-10-13,
101922,2024-12-02,
101923,2023-07-09,
101924,2024-10-12,
101925,2024-10-03,
101926,2025-05-14,
101927,2024-09-06,
101928,2024-03-23,
101929,2024-11-19,
101930,2023-12-06,
101931,2024-01-19,
101932,2025-02-15,
101933,2023-12-19,
101934,2023-08-04,
101935,2024-03-09,
101936,2024-10-21,
101937,2025-05-14,
101938,2023-05-31,
101939,2023-07-15,72
101940,2025-01-24,
101941,2025-01-10,
101942,2024-07-12,
101943,2023-09-08,
101944,2023-04-18,
101945,2023-02-09,
101946,2024-10-13,
101947,2024-04-16,
101948,2023-06-28,
101949,2023-12-21,
101950,2023-10-14,
101951,2023-06-26,
101952,2023-05-27,
101953,2025-01-15,29
101954,2024-05-20,
101955,2023-08-03,
101956,2023-03-03,252
101957,2023-03-26,
101958,2023-08-09,277
101959,2024-02-11,
101960,2025-04-01,
101961,2023-08-19,
101962,2024-09-24,
101963,2025-05-27,
101964,2024-08-28,
101965,2025-04-09,
101966,2023-08-12,
101967,2025-01-17,
101968,2024-08-11,285
101969,2025-04-08,
101970,2023-02-26,
101971,2023-02-08,
101972,2024-05-11,
101973,2024-11-25,
101974,2025-04-18,
101975,2023-11-03,
101976,2024-11-26,
101977,2024-12-10,
101978,2025-05-21,285
101979,2024-02-13,
101980,2023-03-05,
101981,2023-10-30,
101982,2023-02-24,
101983,2024-02-23,
101984,2023-10-03,
101985,2023-09-05,
101986,2023-02-15,
101987,2023-04-23,
101988,2024-12-27,
101989,2024-03-16,
101990,2023-05-27,57
101991,2024-04-18,
101992,2023-04-18,288
101993,2024-07-08,
101994,2024-10-07,
101995,2024-02-02,
101996,2023-05-04,
101997,2024-07-08,
101998,2023-12-13,
101999,2024-12-02,
102000,2024-05-15,
102001,2024-02-16,336
102002,2023-06-03,
102003,2023-02-17,
102004,2024-04-24,
102005,2023-12-14,
102006,2025-02-24,
102007,2025-03-25,
102008,2024-08-07,214
102009,2023-08-19,
102010,2023-04-15,
102011,2023-09-28,
102012,2023-09-07,
102013,2023-11-17,
102014,2024-11-01,287
102015,2024-11-01,115
102016,2023-10-12,262
102017,2025-02-28,388
102018,2024-03-14,
102019,2023-07-19,
102020,2023-10-28,
102021,2025-02-21,
102022,2024-08-16,
102023,2025-01-22,
102024,2024-04-23,
102025,2024-07-29,
102026,2023-11-08,
102027,2023-08-24,
102028,2024-01-27,
102029,2023-01-09,
102030,2024-11-17,
102031,2025-05-26,
102032,2024-04-18,
102033,2024-06-14,
102034,2025-04-02,
102035,2024-06-08,
102036,2024-04-29,
102037,2023-12-22,
102038,2025-04-09,
102039,2024-02-25,
102040,2022-12-30,
102041,2024-10-13,113
102042,2023-04-13,
102043,2023-04-12,
102044,2024-05-26,345
102045,2024-06-13,
102046,2025-03-29,
102047,2023-01-23,
102048,2023-04-16,178
102049,2024-01-18,
102050,2024-07-23,
102051,2023-05-14,319
102052,2024-02-01,
102053,2023-01-20,
102054,2023-08-29,
102055,2024-02-18,373
102056,2024-10-18,
102057,2024-12-08,
102058,2025-01-20,
102059,2024-01-08,
102060,2025-01-27,
102061,2024-01-03,
102062,2024-06-05,
102063,2023-07-10,
102064,2023-12-05,107
102065,2024-01-23,
102066,2024-07-31,
102067,2025-02-23,
102068,2024-10-13,
102069,2024-02-19,260
102070,2024-06-09,
102071,2025-01-26,
102072,2023-02-22,
102073,2024-10-13,
102074,2024-04-13,
102075,2023-05-04,
102076,2023-04-21,
102077,2024-02-02,
102078,2023-08-24,
102079,2024-01-21,
102080,2025-03-19,
102081,2024-01-15,
102082,2024-08-06,371
102083,2024-11-22,
102084,2024-07-18,
102085,2024-07-30,
102086,2023-11-23,
102087,2025-02-22,
102088,2024-10-30,
102089,2023-05-30,
102090,2023-03-12,
102091,2025-02-16,
102092,2025-02-14,
102093,2024-03-30,
102094,2024-11-19,
102095,2025-01-05,
102096,2025-02-13,369
102097,2023-05-10,192
102098,2023-06-22,195
102099,2024-07-27,
102100,2024-02-18,
102101,2024-08-03,
102102,2023-08-23,
102103,2023-02-25,90
102104,2025-05-22,46
102105,2024-09-13,
102106,2023-05-27,197
102107,2023-01-05,
102108,2025-05-31,
102109,2025-06-01,
102110,2024-05-11,
102111,2023-09-16,271
102112,2025-01-20,
102113,2025-03-02,
102114,2023-06-11,
102115,2025-04-05,
102116,2023-12-22,
102117,2023-01-02,
102118,2024-12-22,253
102119,2024-10-18,
102120,2024-05-18,
102121,2025-05-02,
102122,2023-03-13,
102123,2024-06-04,
102124,2025-06-09,
102125,2023-11-22,
102126,2023-11-10,
102127,2024-12-20,
102128,2024-01-25,
102129,2024-05-14,107
102130,2024-06-15,
102131,2025-01-20,
102132,2025-05-18,
102133,2024-07-26,
102134,2023-01-13,52
102135,2024-12-10,
102136,2023-10-10,
102137,2023-09-19,128
102138,2023-06-26,
102139,2025-05-27,
102140,2024-01-12,
102141,2023-01-15,
102142,2024-08-28,352
102143,2023-07-16,
102144,2024-01-29,
102145,2023-12-17,
102146,2023-10-21,
102147,2023-09-17,
102148,2024-05-21,
102149,2025-05-22,
102150,2023-01-26,
102151,2024-03-31,
102152,2024-08-23,
102153,2023-09-29,
102154,2023-04-27,197
102155,2024-11-05,
102156,2023-11-04,307
102157,2025-04-30,
102158,2024-10-24,275
102159,2024-01-11,
102160,2023-11-06,
102161,2023-10-09,
102162,2024-02-07,
102163,2023-09-27,
102164,2023-04-24,
102165,2024-02-16,
102166,2024-09-27,207
102167,2025-05-13,54
102168,2023-01-16,297
102169,2023-04-16,
102170,2024-02-25,
102171,2025-02-03,106
102172,2025-04-08,
102173,2023-12-23,
102174,2023-05-31,
102175,2023-09-29,
102176,2023-07-26,
102177,2023-03-14,209
102178,2023-03-05,
102179,2024-03-29,
102180,2023-09-06,
102181,2024-10-28,
102182,2024-04-10,
102183,2024-02-08,
102184,2023-01-30,
102185,2023-02-01,
102186,2025-04-29,
102187,2024-07-01,
102188,2023-10-09,
102189,2023-12-12,
102190,2023-04-14,
102191,2023-11-02,
102192,2024-01-30,
102193,2024-04-07,
102194,2023-04-12,
102195,2024-10-13,29
102196,2024-05-08,
102197,2024-11-20,
102198,2024-05-21,
102199,2023-04-14,
102200,2025-02-16,
102201,2023-06-26,
102202,2023-02-05,227
102203,2023-05-09,
102204,2023-07-12,
102205,2023-12-23,
102206,2022-12-28,115
102207,2024-02-04,
102208,2023-07-04,41
102209,2024-01-04,
102210,2025-05-03,
102211,2024-02-04,
102212,2023-03-03,
102213,2024-03-24,
102214,2023-03-13,
102215,2024-06-13,
102216,2023-08-28,
102217,2024-08-19,
102218,2025-03-21,
102219,2024-04-06,
102220,2023-05-17,
102221,2023-06-12,
102222,2023-01-27,306
102223,2023-04-07,
102224,2025-02-04,
102225,2024-05-03,
102226,2023-10-25,
102227,2023-06-01,387
102228,2025-03-02,
102229,2025-05-25,
102230,2024-12-10,
102231,2024-10-24,40
102232,2023-12-08,
102233,2024-05-07,213
102234,2024-07-10,
102235,2024-07-13,147
102236,2023-08-06,179
102237,2025-06-05,
102238,2023-05-05,
102239,2024-01-07,
102240,2024-09-13,253
102241,2025-05-20,295
102242,2024-02-27,
102243,2025-05-23,
102244,2024-03-18,
102245,2025-04-14,
102246,2024-11-14,
102247,2024-09-24,
102248,2023-01-02,
102249,2024-05-17,
102250,2024-11-15,
102251,2024-06-29,
102252,2025-01-31,
102253,2024-09-13,
102254,2023-02-08,
102255,2024-01-29,340
102256,2023-10-31,
102257,2025-04-21,
102258,2024-07-13,
102259,2024-09-08,
102260,2023-03-12,
102261,2024-12-04,344
102262,2024-06-01,
102263,2024-01-09,
102264,2023-06-20,54
102265,2023-08-29,160
102266,2023-09-09,
102267,2023-05-24,
102268,2025-03-08,
102269,2023-01-09,
102270,2023-03-22,
102271,2023-11-15,62
102272,2024-02-17,1
102273,2024-09-20,
102274,2023-10-21,
102275,2024-05-04,
102276,2023-02-22,
102277,2024-11-16,291
102278,2023-04-20,
102279,2024-01-20,
102280,2024-10-13,
102281,2024-10-17,
102282,2025-01-10,
102283,2024-11-05,15
102284,2025-02-09,
102285,2023-08-08,
102286,2024-08-08,
102287,2024-10-25,
102288,2023-01-05,
102289,2023-03-16,
102290,2025-04-08,318
102291,2024-08-06,
102292,2024-03-11,
102293,2025-05-03,
102294,2024-10-17,160
102295,2025-01-21,
102296,2025-05-08,
102297,2023-02-23,
102298,2023-04-08,
102299,2024-04-27,241
102300,2023-04-20,
102301,2024-08-31,187
102302,2023-06-18,72
102303,2024-03-06,357
102304,2023-07-09,
102305,2024-10-19,
102306,2023-02-04,54
102307,2025-06-01,
102308,2024-04-28,
102309,2024-11-26,
102310,2023-01-10,
102311,2025-02-12,
102312,2023-05-05,
102313,2023-02-16,
102314,2024-12-20,
102315,2024-02-21,132
102316,2023-01-29,
102317,2024-10-06,
102318,2023-10-15,
102319,2023-05-21,
102320,2024-08-04,32
102321,2023-07-29,
102322,2024-06-27,
102323,2023-01-10,
102324,2023-11-09,
102325,2025-03-19,
102326,2023-06-26,
102327,2023-05-20,359
102328,2023-10-23,
102329,2024-08-14,
102330,2025-05-18,
102331,2025-03-29,
102332,2024-03-24,
102333,2023-10-16,126
102334,2025-06-02,
102335,2025-03-25,
102336,2023-12-10,
102337,2023-03-05,3
102338,2023-02-09,
102339,2025-03-03,
102340,2025-06-08,
102341,2024-11-12,374
102342,2024-06-06,
102343,2024-09-24,
102344,2024-02-26,
102345,2024-02-21,395
102346,2024-10-10,
102347,2024-12-21,
102348,2023-11-14,
102349,2023-03-03,
102350,2023-09-11,
102351,2023-04-16,
102352,2023-05-09,297
102353,2024-11-25,
102354,2023-04-25,11
102355,2024-12-05,
102356,2024-08-20,
102357,2024-12-04,
102358,2025-02-25,
102359,2023-10-21,
102360,2025-01-30,
102361,2023-09-08,
102362,2023-10-04,
102363,2023-04-19,
102364,2023-09-05,
102365,2023-09-06,
102366,2024-06-26,
102367,2024-10-25,
102368,2024-10-17,110
102369,2023-04-22,57
102370,2023-03-10,
102371,2023-07-31,
102372,2023-11-12,
102373,2024-12-07,
102374,2023-11-24,
102375,2024-10-26,
102376,2023-03-28,
102377,2025-01-05,
102378,2025-01-23,
102379,2024-02-25,
102380,2023-07-25,
102381,2023-08-25,
102382,2023-12-20,364
102383,2025-05-24,71
102384,2023-01-07,
102385,2023-02-20,
102386,2023-11-17,
102387,2023-04-27,
102388,2023-01-17,
102389,2025-02-06,
102390,2024-11-06,
102391,2024-06-10,
102392,2023-11-05,
102393,2025-01-24,
102394,2025-01-01,
102395,2023-12-13,
102396,2023-05-09,191
102397,2024-08-13,
102398,2024-08-08,24
102399,2024-12-02,
102400,2023-02-21,
102401,2024-05-12,150
102402,2024-02-15,
102403,2025-02-27,
102404,2024-06-12,
102405,2024-05-29,
102406,2023-09-10,93
102407,2025-03-05,
102408,2025-04-06,
102409,2023-09-08,
102410,2024-01-11,
102411,2023-06-18,
102412,2025-05-31,137
102413,2024-01-14,73
102414,2024-08-06,
102415,2023-05-20,
102416,2023-03-26,
102417,2024-05-19,
102418,2025-01-04,
102419,2024-03-25,
102420,2024-11-05,
102421,2023-12-07,
102422,2023-05-21,
102423,2023-12-17,
102424,2024-05-11,
102425,2024-10-07,
102426,2023-01-06,
102427,2023-06-25,
102428,2023-10-31,
102429,2024-08-17,
102430,2023-02-18,
102431,2024-04-21,
102432,2023-04-07,
102433,2024-02-22,254
102434,2023-05-26,
102435,2024-02-19,
102436,2025-05-14,
102437,2024-01-01,348
102438,2024-10-18,28
102439,2024-01-12,
102440,2023-10-18,
102441,2024-04-11,
102442,2023-09-16,184
102443,2024-11-08,
102444,2023-08-16,
102445,2023-08-23,
102446,2024-10-25,155
102447,2023-10-25,
102448,2024-09-16,
102449,2023-03-04,
102450,2025-04-05,
102451,2025-02-26,
102452,2024-12-11,
102453,2024-12-08,
102454,2023-11-05,
102455,2024-06-10,326
102456,2023-04-03,
102457,2023-07-14,
102458,2023-01-31,316
102459,2023-07-03,
102460,2023-10-22,
102461,2023-08-03,
102462,2023-05-16,
102463,2025-01-05,
102464,2024-07-08,
102465,2023-01-15,17
102466,2023-03-23,
102467,2025-05-12,
102468,2025-02-10,
102469,2025-03-13,
102470,2023-10-01,
102471,2024-09-25,
102472,2023-12-09,
102473,2023-03-10,
102474,2025-06-01,
102475,2024-04-22,
102476,2024-03-04,
102477,2023-06-10,
102478,2024-01-05,
102479,2023-01-17,
102480,2023-09-14,
102481,2023-11-22,134
102482,2025-05-20,
102483,2024-02-12,
102484,2024-04-02,399
102485,2024-10-23,
102486,2024-12-27,
102487,2023-08-23,7
102488,2025-04-30,
102489,2023-07-20,
102490,2025-03-30,
102491,2023-01-18,
102492,2023-01-28,
102493,2023-05-17,
102494,2023-04-26,
102495,2025-02-25,
102496,2024-02-23,
102497,2024-07-11,
102498,2024-12-10,
102499,2023-07-31,
102500,2023-02-22,225
102501,2024-02-21,
102502,2024-02-28,
102503,2023-05-01,
102504,2025-01-08,
102505,2025-05-19,
102506,2024-01-02,
102507,2023-07-21,
102508,2024-07-21,
102509,2025-05-13,
102510,2024-09-16,
102511,2023-04-05,
102512,2025-01-05,
102513,2023-06-07,
102514,2024-01-09,
102515,2024-04-01,
102516,2025-03-07,239
102517,2023-10-26,
102518,2025-02-03,317
102519,2025-05-18,343
102520,2025-04-03,
102521,2023-09-28,
102522,2025-03-10,
102523,2023-10-24,344
102524,2023-01-21,
102525,2024-09-17,183
102526,2023-04-04,
102527,2024-05-22,
102528,2025-05-24,
102529,2025-03-27,328
102530,2024-07-20,
102531,2024-06-14,
102532,2024-09-19,
102533,2024-10-31,305
102534,2024-10-24,
102535,2023-03-15,
102536,2024-03-07,
102537,2025-04-22,
102538,2024-02-04,
102539,2023-05-05,
102540,2024-05-31,
102541,2023-02-14,
102542,2023-04-25,
102543,2024-08-26,
102544,2023-10-18,
102545,2024-04-12,
102546,2023-12-23,383
102547,2023-02-19,
102548,2023-04-12,
102549,2024-03-08,140
102550,2024-03-29,
102551,2023-03-13,
102552,2023-11-28,62
102553,2023-11-07,
102554,2025-04-20,
102555,2023-02-09,
102556,2024-04-22,
102557,2024-12-12,
102558,2024-03-21,
102559,2023-10-18,
102560,2024-10-26,103
102561,2024-03-03,
102562,2024-06-18,154
102563,2023-09-21,
102564,2023-02-21,
102565,2024-09-08,
102566,2025-03-23,45
102567,2023-03-01,118
102568,2024-09-06,
102569,2025-04-23,275
102570,2025-04-09,
102571,2023-10-04,
102572,2024-06-01,110
102573,2024-06-20,
102574,2023-12-07,247
102575,2024-10-28,
102576,2024-12-01,
102577,2024-07-10,
102578,2024-03-16,
102579,2024-06-06,
102580,2023-07-20,
102581,2023-04-28,
102582,2025-01-22,
102583,2023-05-26,
102584,2025-05-15,
102585,2025-04-19,
102586,2025-01-25,
102587,2024-05-21,310
102588,2023-10-27,
102589,2023-06-17,
102590,2024-06-26,
102591,2023-08-14,
102592,2024-12-04,
102593,2024-08-17,372
102594,2023-10-15,132
102595,2024-09-09,
102596,2023-11-26,
102597,2024-07-31,
102598,2023-10-01,
102599,2023-04-22,
102600,2024-09-15,
102601,2024-01-08,
102602,2025-01-01,
102603,2023-08-09,167
102604,2024-10-12,
102605,2024-06-22,
102606,2025-03-14,
102607,2023-05-31,
102608,2025-02-21,
102609,2023-08-18,
102610,2024-05-07,
102611,2023-02-26,
102612,2025-04-04,
102613,2023-11-12,
102614,2023-06-22,
102615,2023-05-14,
102616,2024-01-29,
102617,2025-04-12,
102618,2023-04-11,
102619,2023-07-31,
102620,2025-04-04,
102621,2024-01-04,
102622,2024-04-20,
102623,2024-11-22,
102624,2023-05-16,
102625,2023-04-27,
102626,2024-08-26,7
102627,2025-03-09,
102628,2025-04-17,
102629,2024-01-16,
102630,2023-06-30,
102631,2024-01-25,114
102632,2024-09-30,
102633,2023-08-15,
102634,2024-02-02,
102635,2023-05-25,
102636,2023-11-08,189
102637,2023-04-19,
102638,2023-09-17,
102639,2025-03-29,
102640,2024-08-07,
102641,2024-03-27,
102642,2025-02-07,
102643,2024-05-23,
102644,2023-12-26,
102645,2025-01-23,110
102646,2024-07-06,
102647,2023-03-13,
102648,2023-01-10,
102649,2024-03-30,
102650,2023-09-03,
102651,2024-07-08,
102652,2025-01-05,300
102653,2024-11-21,
102654,2024-03-10,216
102655,2023-03-07,
102656,2025-01-08,
102657,2024-08-22,
102658,2025-04-07,
102659,2023-10-26,
102660,2024-01-28,217
102661,2023-04-08,
102662,2025-02-15,
102663,2024-01-27,
102664,2024-03-18,
102665,2025-02-04,345
102666,2024-07-06,
102667,2023-07-20,222
102668,2024-02-20,58
102669,2023-09-25,
102670,2023-07-22,
102671,2024-07-10,
102672,2024-02-01,
102673,2025-01-23,
102674,2024-06-04,
102675,2023-05-01,375
102676,2025-04-22,
102677,2024-08-28,396
102678,2023-07-11,228
102679,2023-12-03,
102680,2025-05-14,
102681,2023-01-07,
102682,2022-12-31,
102683,2024-07-30,
102684,2023-05-27,
102685,2025-05-09,
102686,2023-08-25,
102687,2024-06-04,
102688,2024-01-12,
102689,2023-09-16,
102690,2024-06-23,
102691,2023-05-06,
102692,2023-07-19,
102693,2023-09-10,357
102694,2024-10-21,
102695,2023-05-07,112
102696,2023-06-05,
102697,2024-04-13,252
102698,2024-06-03,
102699,2023-04-07,191
102700,2023-01-13,
102701,2024-01-10,
102702,2024-04-04,
102703,2025-01-23,
102704,2023-12-30,
102705,2023-03-24,265
102706,2024-10-08,
102707,2024-02-12,
102708,2024-06-24,
102709,2024-08-04,
102710,2023-06-01,
102711,2024-11-13,158
102712,2023-04-17,
102713,2024-04-28,107
102714,2024-11-15,
102715,2024-10-28,
102716,2024-12-10,
102717,2024-11-18,
102718,2025-04-09,
102719,2025-02-08,
102720,2023-08-20,
102721,2023-03-16,
102722,2023-06-07,60
102723,2024-12-15,
102724,2023-03-06,395
102725,2025-04-05,
102726,2023-07-21,
102727,2023-03-01,
102728,2023-10-23,
102729,2023-04-17,
102730,2025-02-07,
102731,2024-07-16,307
102732,2023-07-26,
102733,2024-04-17,
102734,2024-11-12,
102735,2024-02-22,132
102736,2025-03-22,
102737,2024-02-05,
102738,2024-02-05,
102739,2024-06-25,
102740,2023-01-26,
102741,2024-06-10,
102742,2023-09-04,46
102743,2023-02-12,
102744,2023-04-24,
102745,2023-06-16,
102746,2024-02-12,
102747,2023-09-28,
102748,2024-05-17,
102749,2023-08-05,
102750,2024-10-03,
102751,2024-02-23,
102752,2024-03-14,
102753,2024-11-29,
102754,2024-04-05,
102755,2023-09-26,84
102756,2024-03-29,
102757,2023-10-01,
102758,2023-04-24,
102759,2025-04-07,58
102760,2023-07-14,55
102761,2023-10-12,141
102762,2025-05-27,1
102763,2023-02-11,
102764,2023-10-13,198
102765,2025-03-17,372
102766,2024-08-23,
102767,2025-01-14,
102768,2025-02-01,184
102769,2023-07-07,202
102770,2023-10-25,
102771,2025-01-16,
102772,2024-09-03,
102773,2025-01-06,
102774,2024-02-28,
102775,2024-10-17,
102776,2024-12-19,
102777,2023-09-10,
102778,2024-11-17,
102779,2023-07-17,
102780,2024-01-11,
102781,2024-03-22,
102782,2025-05-31,
102783,2024-01-18,
102784,2024-04-12,
102785,2025-05-01,
102786,2023-03-09,68
102787,2024-12-22,
102788,2023-12-20,
102789,2024-02-27,
102790,2025-03-04,
102791,2023-03-10,
102792,2024-02-02,
102793,2024-01-23,
102794,2023-05-21,
102795,2023-04-02,
102796,2025-04-23,
102797,2024-03-20,
102798,2023-08-23,
102799,2024-09-25,146
102800,2023-10-31,
102801,2023-10-07,193
102802,2023-03-25,
102803,2023-12-07,
102804,2023-05-06,
102805,2025-02-10,
102806,2023-07-04,12
102807,2023-11-28,
102808,2024-07-31,
102809,2024-08-20,
102810,2025-01-29,
102811,2023-05-05,216
102812,2025-02-12,
102813,2023-09-02,
102814,2024-09-20,
102815,2023-09-19,380
102816,2024-06-21,
102817,2024-08-10,
102818,2024-01-31,
102819,2024-05-28,71
102820,2025-05-26,
102821,2023-07-14,
102822,2023-02-11,
102823,2025-04-02,
102824,2024-05-06,
102825,2024-09-22,
102826,2024-12-21,
102827,2024-04-06,
102828,2024-05-24,
102829,2025-05-25,
102830,2023-02-16,263
102831,2023-07-07,
102832,2025-05-04,226
102833,2025-05-20,
102834,2024-01-03,
102835,2023-01-21,302
102836,2023-07-15,
102837,2024-09-22,
102838,2025-05-07,
102839,2023-01-09,
102840,2023-12-05,213
102841,2023-11-24,143
102842,2023-03-05,
102843,2025-02-08,
102844,2023-07-24,
102845,2023-06-19,244
102846,2023-11-26,
102847,2023-05-24,
102848,2023-03-04,315
102849,2025-01-20,
102850,2024-11-21,236
102851,2024-05-15,
102852,2024-01-22,
102853,2024-04-23,
102854,2025-05-16,
102855,2024-08-21,
102856,2024-08-09,
102857,2023-12-10,
102858,2023-02-14,147
102859,2023-01-19,79
102860,2023-12-05,
102861,2023-04-29,281
102862,2024-11-16,
102863,2023-07-29,
102864,2023-12-10,
102865,2024-05-18,307
102866,2023-08-17,
102867,2025-03-04,362
102868,2024-11-06,
102869,2023-06-14,177
102870,2023-05-19,13
102871,2023-04-10,
102872,2024-02-09,
102873,2025-03-23,
102874,2024-07-17,137
102875,2024-03-17,
102876,2023-07-30,
102877,2025-02-08,11
102878,2023-12-13,
102879,2024-06-21,
102880,2023-01-27,
102881,2024-02-19,
102882,2023-12-20,
102883,2023-03-02,
102884,2025-03-07,
102885,2024-11-10,
102886,2024-09-27,
102887,2024-06-13,
102888,2025-05-03,
102889,2024-08-02,
102890,2024-12-03,
102891,2023-02-11,
102892,2025-02-19,
102893,2025-01-24,
102894,2023-01-05,
102895,2024-04-21,
102896,2023-09-29,
102897,2023-05-04,116
102898,2023-02-13,
102899,2023-08-11,
102900,2023-01-06,
102901,2023-06-25,
102902,2024-07-15,
102903,2024-12-21,
102904,2023-06-22,
102905,2023-02-10,
102906,2025-04-03,
102907,2023-09-01,63
102908,2025-03-07,
102909,2023-02-21,
102910,2023-06-19,
102911,2023-07-04,157
102912,2025-05-31,144
102913,2024-04-21,
102914,2024-10-24,356
102915,2023-06-13,
102916,2023-01-10,
102917,2023-03-29,
102918,2024-06-01,
102919,2023-06-03,
102920,2024-07-26,334
102921,2024-07-10,
102922,2023-09-27,
102923,2023-11-16,259
102924,2025-04-04,106
102925,2024-05-30,
102926,2024-07-28,
102927,2023-06-08,
102928,2024-09-30,
102929,2023-07-22,
102930,2024-09-27,88
102931,2023-06-03,
102932,2024-12-01,
102933,2024-05-20,
102934,2024-07-28,
102935,2024-11-06,
102936,2023-07-01,
102937,2023-11-10,
102938,2024-10-19,
102939,2023-11-28,195
102940,2024-02-22,309
102941,2023-10-20,260
102942,2024-02-26,147
102943,2025-02-18,
102944,2023-05-24,
102945,2024-09-24,60
102946,2024-01-24,
102947,2023-03-10,
102948,2024-07-13,
102949,2024-02-22,
102950,2024-01-04,
102951,2024-08-11,
102952,2023-08-01,111
102953,2023-05-19,
102954,2023-04-19,
102955,2023-05-28,
102956,2025-05-22,
102957,2023-06-13,
102958,2024-09-05,
102959,2024-10-24,
102960,2024-08-29,
102961,2024-07-20,
102962,2024-03-13,
102963,2024-06-27,246
102964,2023-12-04,
102965,2024-03-30,
102966,2023-04-06,
102967,2023-05-27,51
102968,2023-04-25,
102969,2024-05-03,
102970,2023-02-01,
102971,2023-03-28,
102972,2024-08-31,
102973,2025-02-02,342
102974,2023-03-14,
102975,2025-02-26,
102976,2024-08-13,
102977,2023-01-09,
102978,2025-03-02,
102979,2025-05-25,
102980,2023-10-02,
102981,2023-08-07,
102982,2023-05-04,
102983,2024-09-26,269
102984,2024-09-04,
102985,2023-08-15,
102986,2023-05-15,159
102987,2023-01-10,
102988,2024-04-22,
102989,2024-01-28,
102990,2023-10-27,1
102991,2024-09-25,
102992,2025-05-20,
102993,2023-07-28,
102994,2022-12-29,
102995,2025-02-13,
102996,2025-05-21,123
102997,2024-07-25,
102998,2023-02-04,
102999,2025-01-07,
103000,2023-02-06,
103001,2023-03-01,94
103002,2024-07-31,
103003,2024-04-20,
103004,2023-07-17,
103005,2024-03-03,
103006,2024-07-28,77
103007,2023-12-14,27
103008,2023-04-21,130
103009,2024-03-25,
103010,2023-02-13,
103011,2023-10-17,
103012,2023-10-04,
103013,2024-05-01,235
103014,2023-11-05,
103015,2024-12-02,51
103016,2024-07-26,128
103017,2023-06-08,
103018,2024-02-14,
103019,2023-06-29,
103020,2024-10-29,
103021,2023-09-28,
103022,2024-03-18,
103023,2024-09-22,
103024,2024-05-19,
103025,2024-10-03,
103026,2024-10-15,
103027,2024-10-27,
103028,2023-02-05,
103029,2024-01-27,
103030,2023-01-06,
103031,2023-11-26,
103032,2025-02-23,
103033,2024-05-30,
103034,2025-04-29,
103035,2024-11-28,
103036,2023-08-07,
103037,2025-04-06,
103038,2023-12-25,250
103039,2024-12-21,
103040,2024-03-13,
103041,2024-11-26,377
103042,2023-10-13,
103043,2023-12-15,68
103044,2024-09-21,
103045,2024-02-20,
103046,2024-12-07,1
103047,2023-10-26,
103048,2023-04-17,
103049,2024-10-15,
103050,2023-07-27,
103051,2025-04-12,242
103052,2024-10-19,
103053,2025-03-20,
103054,2023-05-17,277
103055,2025-01-05,
103056,2024-05-19,321
103057,2023-08-05,
103058,2024-02-16,
103059,2023-04-11,
103060,2024-11-04,
103061,2025-04-12,
103062,2025-01-19,
103063,2023-10-02,
103064,2023-09-26,
103065,2023-11-21,
103066,2024-01-01,170
103067,2023-04-17,
103068,2025-04-13,
103069,2024-02-20,
103070,2025-04-29,
103071,2024-05-30,
103072,2024-04-11,
103073,2023-03-29,282
103074,2025-06-05,359
103075,2024-06-30,
103076,2023-08-31,
103077,2024-04-13,323
103078,2024-03-23,
103079,2023-02-16,390
103080,2024-11-24,
103081,2024-08-24,264
103082,2025-05-11,178
103083,2023-05-02,
103084,2023-07-10,
103085,2023-12-15,382
103086,2023-10-10,
103087,2024-04-19,
103088,2023-09-14,
103089,2024-06-23,
103090,2024-02-20,
103091,2023-06-05,181
103092,2024-11-07,
103093,2024-01-11,
103094,2024-08-12,41
103095,2023-10-22,
103096,2024-11-26,
103097,2023-10-20,
103098,2023-04-16,
103099,2024-06-18,43
103100,2025-04-29,
103101,2023-04-17,
103102,2023-11-27,
103103,2024-10-29,
103104,2023-08-02,89
103105,2023-08-30,
103106,2023-06-25,
103107,2025-06-03,
103108,2024-10-27,
103109,2024-06-06,
103110,2024-01-01,
103111,2024-05-21,
103112,2023-12-31,
103113,2023-03-10,
103114,2023-10-06,336
103115,2025-02-28,
103116,2024-11-24,
103117,2023-10-21,
103118,2024-04-22,
103119,2024-06-24,262
103120,2024-10-28,128
103121,2025-01-21,234
103122,2024-11-30,
103123,2024-11-23,
103124,2024-08-16,
103125,2025-04-13,
103126,2023-04-30,292
103127,2024-04-27,3
103128,2024-05-26,
103129,2024-05-12,
103130,2024-09-05,64
103131,2023-08-16,167
103132,2024-01-01,
103133,2024-05-08,
103134,2023-04-29,
103135,2023-01-14,
103136,2023-09-26,
103137,2024-10-16,
103138,2024-01-11,
103139,2024-10-17,
103140,2024-03-23,
103141,2023-02-16,
103142,2023-04-15,
103143,2024-06-22,
103144,2023-05-21,
103145,2023-11-04,
103146,2024-10-05,
103147,2022-12-31,
103148,2025-03-23,
103149,2025-03-27,
103150,2024-04-06,
103151,2024-04-23,
103152,2024-02-25,92
103153,2025-04-30,253
103154,2025-04-06,
103155,2023-07-29,265
103156,2025-01-21,
103157,2024-02-09,125
103158,2024-07-02,
103159,2024-01-04,
103160,2024-05-16,136
103161,2024-02-29,
103162,2023-03-03,
103163,2025-03-12,
103164,2024-06-10,
103165,2023-05-18,
103166,2023-05-21,
103167,2024-10-12,
103168,2024-10-28,
103169,2024-05-20,
103170,2024-02-17,
103171,2024-06-04,
103172,2025-02-21,
103173,2023-08-04,
103174,2023-02-04,
103175,2023-07-02,97
103176,2023-05-29,
103177,2024-02-09,
103178,2023-03-23,
103179,2023-05-20,
103180,2023-08-03,
103181,2024-07-10,
103182,2024-02-24,181
103183,2023-02-09,
103184,2023-09-18,
103185,2024-01-26,
103186,2023-08-11,
103187,2024-11-09,
103188,2024-03-10,
103189,2025-03-20,382
103190,2023-12-01,
103191,2024-04-25,
103192,2023-03-13,
103193,2025-05-24,154
103194,2023-02-25,
103195,2023-11-27,
103196,2023-02-25,
103197,2025-04-07,
103198,2024-11-13,
103199,2024-11-25,
103200,2025-01-30,
103201,2024-03-01,
103202,2024-04-25,115
103203,2024-11-28,
103204,2025-05-06,286
103205,2023-11-09,
103206,2023-06-20,
103207,2023-01-05,
103208,2024-01-29,
103209,2023-05-06,
103210,2023-06-12,
103211,2024-08-17,
103212,2023-01-06,27
103213,2025-05-23,
103214,2024-04-17,
103215,2023-09-18,
103216,2024-01-05,
103217,2023-02-02,
103218,2024-10-25,
103219,2023-12-01,
103220,2024-02-21,
103221,2023-02-13,
103222,2024-09-06,244
103223,2023-09-20,188
103224,2023-10-12,
103225,2025-05-12,
103226,2025-02-01,
103227,2024-05-09,
103228,2025-05-17,
103229,2023-09-12,327
103230,2024-02-20,
103231,2025-03-29,
103232,2023-05-07,
103233,2024-10-01,
103234,2023-03-13,
103235,2023-01-01,275
103236,2024-07-17,
103237,2023-12-07,83
103238,2024-10-06,
103239,2024-08-31,
103240,2024-11-10,71
103241,2023-12-10,
103242,2024-12-06,
103243,2024-11-26,
103244,2023-01-18,
103245,2025-02-20,
103246,2024-08-03,
103247,2024-04-17,
103248,2025-04-08,
103249,2023-10-07,
103250,2024-05-09,
103251,2023-05-18,
103252,2024-07-22,
103253,2025-04-14,
103254,2023-06-06,
103255,2024-07-10,
103256,2024-01-14,86
103257,2023-12-02,
103258,2024-07-07,
103259,2025-05-28,
103260,2025-05-27,
103261,2025-04-08,
103262,2023-12-07,
103263,2024-11-26,
103264,2024-07-25,
103265,2024-05-25,
103266,2025-01-22,
103267,2024-03-06,
103268,2025-04-24,
103269,2024-08-06,
103270,2024-10-08,
103271,2023-02-19,
103272,2023-01-28,
103273,2023-08-27,
103274,2025-04-08,
103275,2023-12-28,337
103276,2023-11-13,
103277,2023-07-15,
103278,2025-05-19,
103279,2023-08-17,
103280,2024-08-28,151
103281,2024-04-16,
103282,2023-09-27,
103283,2023-12-25,267
103284,2024-03-20,
103285,2025-01-15,
103286,2024-12-19,349
103287,2024-11-08,
103288,2025-02-09,
103289,2023-12-26,
103290,2025-03-28,
103291,2023-01-06,
103292,2024-12-11,
103293,2023-06-23,
103294,2024-08-24,
103295,2025-05-22,
103296,2024-08-05,
103297,2024-02-14,
103298,2024-03-09,
103299,2023-05-05,
103300,2023-04-01,
103301,2023-09-20,23
103302,2023-12-07,
103303,2024-07-26,
103304,2024-02-13,
103305,2024-02-13,
103306,2023-04-22,
103307,2025-04-19,250
103308,2023-10-31,
103309,2024-05-25,
103310,2023-09-08,
103311,2023-09-26,
103312,2023-01-25,
103313,2024-05-16,
103314,2025-05-07,193
103315,2024-05-24,
103316,2023-09-17,
103317,2025-05-13,143
103318,2024-07-12,
103319,2024-07-27,
103320,2023-02-04,
103321,2024-04-20,
103322,2023-10-06,
103323,2025-04-29,
103324,2025-04-13,
103325,2025-05-22,
103326,2025-05-22,
103327,2023-07-25,
103328,2024-12-28,
103329,2024-02-18,
103330,2023-03-24,153
103331,2024-05-21,
103332,2023-10-08,
103333,2025-01-30,
103334,2023-04-03,
103335,2024-07-31,
103336,2025-04-29,
103337,2025-05-10,
103338,2025-03-12,
103339,2025-03-14,
103340,2025-02-01,
103341,2023-12-12,
103342,2024-04-16,
103343,2024-05-07,
103344,2023-04-11,
103345,2024-10-27,
103346,2025-05-19,
103347,2023-10-24,75
103348,2025-03-10,
103349,2025-05-04,
103350,2023-07-08,
103351,2023-05-04,373
103352,2023-10-15,
103353,2023-12-23,399
103354,2025-02-21,
103355,2023-06-18,164
103356,2023-05-17,
103357,2025-03-14,
103358,2024-02-16,
103359,2023-05-12,
103360,2023-01-04,47
103361,2023-12-09,
103362,2025-02-23,
103363,2025-01-18,
103364,2024-05-17,228
103365,2024-05-06,
103366,2023-01-28,283
103367,2025-05-08,
103368,2023-04-12,
103369,2024-12-31,240
103370,2024-02-27,
103371,2023-04-11,
103372,2023-10-22,
103373,2024-08-16,5
103374,2023-03-16,
103375,2023-09-15,
103376,2025-05-02,
103377,2024-05-20,
103378,2023-04-03,
103379,2022-12-31,
103380,2025-05-14,
103381,2025-05-06,
103382,2024-03-20,
103383,2024-06-15,
103384,2023-10-09,105
103385,2023-08-06,
103386,2024-09-07,351
103387,2024-06-06,
103388,2025-05-16,
103389,2025-01-01,
103390,2025-01-10,147
103391,2023-10-21,
103392,2024-12-31,32
103393,2025-05-11,
103394,2024-04-13,
103395,2023-12-19,
103396,2024-11-21,
103397,2024-08-03,
103398,2023-11-06,
103399,2025-03-26,
103400,2023-10-25,
103401,2024-01-22,
103402,2024-01-16,
103403,2025-04-19,
103404,2023-02-27,
103405,2023-10-12,
103406,2024-07-28,
103407,2024-08-25,
103408,2023-04-20,393
103409,2023-12-22,
103410,2024-11-12,202
103411,2023-11-14,225
103412,2023-12-24,
103413,2024-08-14,
103414,2023-12-03,
103415,2024-03-16,
103416,2023-01-09,69
103417,2023-09-14,
103418,2024-03-23,226
103419,2025-02-25,
103420,2024-08-04,
103421,2025-01-29,
103422,2024-12-01,
103423,2025-03-16,
103424,2025-04-16,
103425,2024-01-05,
103426,2025-01-25,
103427,2024-09-24,
103428,2023-08-27,
103429,2025-05-01,
103430,2025-01-25,
103431,2024-04-29,
103432,2024-04-19,
103433,2023-01-20,
103434,2025-03-21,
103435,2024-03-14,
103436,2024-08-05,
103437,2023-12-23,
103438,2023-09-05,
103439,2023-11-17,
103440,2023-03-03,
103441,2025-04-15,275
103442,2023-06-30,11
103443,2024-08-26,143
103444,2024-03-23,
103445,2025-03-29,
103446,2024-08-10,
103447,2024-04-22,
103448,2024-07-21,
103449,2023-08-23,240
103450,2024-06-01,
103451,2025-02-24,
103452,2025-02-09,
103453,2023-07-05,
103454,2025-05-05,151
103455,2023-10-07,180
103456,2024-03-02,
103457,2025-02-21,
103458,2024-10-01,
103459,2023-06-10,
103460,2023-04-23,
103461,2024-05-16,
103462,2024-11-05,
103463,2024-04-27,
103464,2023-08-11,
103465,2025-04-25,
103466,2024-09-17,
103467,2023-10-01,
103468,2023-04-02,361
103469,2024-05-13,
103470,2023-12-23,
103471,2024-10-28,
103472,2024-09-18,
103473,2023-03-29,
103474,2025-05-02,
103475,2024-02-10,
103476,2023-02-25,
103477,2024-02-16,132
103478,2023-09-21,
103479,2024-10-27,
103480,2025-04-21,183
103481,2023-11-12,
103482,2023-08-14,177
103483,2023-08-31,
103484,2024-07-01,
103485,2024-08-07,
103486,2025-03-08,
103487,2023-08-13,
103488,2023-03-21,
103489,2023-06-19,
103490,2024-02-08,
103491,2024-10-09,
103492,2023-03-28,
103493,2024-02-25,
103494,2025-02-03,
103495,2023-03-26,256
103496,2023-12-15,282
103497,2024-06-20,
103498,2023-12-19,
103499,2024-05-02,
103500,2023-04-15,1
103501,2023-05-26,
103502,2025-04-24,
103503,2024-07-28,147
103504,2023-10-07,
103505,2023-04-20,
103506,2023-11-25,
103507,2025-01-13,
103508,2025-01-22,
103509,2023-09-28,
103510,2023-06-12,
103511,2023-07-01,
103512,2023-03-31,
103513,2024-07-19,
103514,2024-02-02,65
103515,2023-06-06,
103516,2024-02-25,
103517,2023-07-06,
103518,2024-01-29,
103519,2024-03-30,
103520,2024-12-13,12
103521,2024-08-13,
103522,2025-04-29,
103523,2023-12-30,
103524,2024-03-30,
103525,2023-08-17,148
103526,2024-08-30,
103527,2024-05-27,
103528,2023-12-20,354
103529,2025-06-02,
103530,2025-03-11,
103531,2025-03-07,48
103532,2023-04-10,
103533,2023-11-14,
103534,2024-05-31,
103535,2023-01-13,
103536,2023-09-08,
103537,2024-05-26,
103538,2023-03-16,
103539,2023-01-13,
103540,2024-07-11,
103541,2023-02-03,
103542,2024-03-16,
103543,2023-04-24,
103544,2025-01-10,
103545,2025-04-01,
103546,2023-11-05,
103547,2024-07-28,
103548,2025-05-22,
103549,2023-04-22,
103550,2023-01-23,
103551,2024-03-27,
103552,2023-08-12,
103553,2025-03-20,
103554,2024-09-27,
103555,2023-08-03,
103556,2023-09-07,
103557,2023-10-03,
103558,2024-10-21,
103559,2023-09-12,
103560,2024-05-23,
103561,2023-09-17,
103562,2023-04-09,
103563,2024-05-14,
103564,2024-09-17,
103565,2025-02-17,250
103566,2025-05-11,
103567,2023-08-12,
103568,2023-01-06,
103569,2023-04-26,
103570,2024-08-11,
103571,2023-04-15,
103572,2023-10-14,
103573,2023-03-03,
103574,2025-02-06,
103575,2024-10-31,
103576,2024-07-02,
103577,2025-04-06,
103578,2023-04-04,
103579,2023-08-07,
103580,2024-03-16,
103581,2023-11-06,
103582,2025-05-14,200
103583,2024-07-07,
103584,2024-06-28,
103585,2023-10-13,
103586,2023-02-27,
103587,2024-01-14,
103588,2024-05-27,15
103589,2024-11-07,151
103590,2024-02-07,342
103591,2024-01-20,
103592,2025-05-12,
103593,2024-06-16,
103594,2024-07-24,
103595,2023-12-15,
103596,2024-09-28,361
103597,2025-02-12,
103598,2024-06-11,377
103599,2023-01-01,
103600,2024-08-25,
103601,2024-01-03,128
103602,2024-05-02,
103603,2024-09-27,
103604,2023-02-14,
103605,2024-03-02,
103606,2025-02-14,
103607,2024-08-17,
103608,2025-05-09,
103609,2023-10-28,
103610,2024-09-09,
103611,2023-07-09,216
103612,2023-12-18,35
103613,2023-05-03,
103614,2024-07-30,
103615,2024-07-13,
103616,2024-12-09,
103617,2024-08-15,
103618,2024-07-28,
103619,2025-05-24,
103620,2023-11-30,
103621,2024-12-17,
103622,2025-04-16,
103623,2024-12-04,
103624,2025-02-09,
103625,2023-01-07,
103626,2025-01-20,
103627,2024-10-13,336
103628,2023-10-04,
103629,2023-05-05,
103630,2023-09-06,
103631,2025-04-08,
103632,2024-02-18,
103633,2023-06-10,
103634,2023-07-24,
103635,2024-04-30,
103636,2023-04-12,
103637,2025-02-13,
103638,2023-08-13,
103639,2025-02-28,
103640,2023-07-18,
103641,2024-08-31,
103642,2024-06-17,
103643,2024-09-13,
103644,2023-02-08,
103645,2024-06-28,
103646,2023-02-12,
103647,2025-05-24,
103648,2022-12-31,
103649,2024-01-20,
103650,2025-03-28,
103651,2025-04-24,
103652,2023-10-20,209
103653,2025-03-28,
103654,2024-09-17,130
103655,2025-06-09,
103656,2025-01-09,
103657,2023-12-16,
103658,2024-04-01,
103659,2024-06-18,
103660,2023-09-15,
103661,2024-05-16,
103662,2024-09-17,
103663,2023-09-09,
103664,2024-09-05,
103665,2023-01-30,
103666,2023-07-25,
103667,2023-07-19,167
103668,2023-06-15,
103669,2023-02-16,
103670,2023-06-10,
103671,2024-05-05,
103672,2024-11-02,
103673,2024-06-14,
103674,2024-09-18,
103675,2025-05-28,173
103676,2024-06-02,
103677,2023-05-09,
103678,2024-09-25,
103679,2024-05-29,
103680,2024-12-07,
103681,2023-09-28,
103682,2023-02-12,304
103683,2025-02-26,
103684,2023-09-12,
103685,2024-10-20,
103686,2024-08-11,319
103687,2023-06-20,
103688,2024-07-10,
103689,2023-10-19,
103690,2024-05-28,
103691,2024-02-17,
103692,2023-07-13,
103693,2025-01-31,232
103694,2023-04-17,
103695,2023-04-16,233
103696,2023-07-12,
103697,2023-07-13,
103698,2025-04-26,
103699,2023-08-13,
103700,2023-12-23,
103701,2023-09-22,
103702,2024-03-03,55
103703,2025-06-08,
103704,2023-02-28,
103705,2024-04-15,393
103706,2024-12-16,
103707,2024-06-20,
103708,2023-02-21,
103709,2024-09-22,
103710,2025-02-25,
103711,2024-10-14,
103712,2025-01-22,
103713,2023-07-14,162
103714,2024-07-02,
103715,2024-07-28,
103716,2023-01-24,
103717,2023-11-28,
103718,2024-03-22,
103719,2023-10-09,142
103720,2024-08-01,
103721,2025-01-08,
103722,2024-05-21,
103723,2024-02-17,
103724,2024-01-06,
103725,2024-07-06,52
103726,2023-01-29,
103727,2023-12-10,
103728,2024-05-01,
103729,2024-11-27,
103730,2025-01-25,
103731,2025-02-24,
103732,2023-03-02,
103733,2023-02-09,
103734,2023-02-24,237
103735,2024-06-07,
103736,2023-06-18,264
103737,2023-11-14,269
103738,2023-07-23,97
103739,2025-02-04,
103740,2025-03-26,
103741,2023-01-12,
103742,2023-08-16,138
103743,2025-04-24,
103744,2023-01-10,
103745,2023-07-28,
103746,2025-01-15,
103747,2023-07-03,
103748,2023-03-05,
103749,2024-07-10,169
103750,2023-01-26,
103751,2024-08-12,
103752,2023-06-04,
103753,2024-01-05,
103754,2024-03-21,
103755,2023-06-09,261
103756,2025-01-30,
103757,2024-10-13,
103758,2023-03-31,52
103759,2023-04-22,
103760,2023-04-20,
103761,2023-05-26,
103762,2024-04-02,
103763,2024-05-20,
103764,2023-06-13,
103765,2023-04-28,191
103766,2024-02-21,
103767,2024-11-05,
103768,2023-06-26,
103769,2025-04-12,
103770,2024-06-21,
103771,2025-04-16,
103772,2023-11-18,
103773,2024-09-01,
103774,2024-02-24,222
103775,2024-08-25,
103776,2024-05-14,
103777,2025-02-17,159
103778,2023-09-28,
103779,2025-03-19,
103780,2025-05-10,
103781,2024-07-12,
103782,2024-08-25,
103783,2023-06-07,
103784,2023-10-15,
103785,2025-06-06,93
103786,2025-02-03,
103787,2023-09-09,
103788,2023-07-15,
103789,2025-05-30,100
103790,2024-08-24,326
103791,2025-05-03,57
103792,2024-11-26,
103793,2024-12-23,
103794,2024-11-30,
103795,2024-12-17,
103796,2024-07-31,
103797,2024-02-23,
103798,2024-06-21,
103799,2023-03-09,10
103800,2023-09-28,
103801,2023-08-31,
103802,2024-12-27,
103803,2024-05-26,
103804,2024-05-26,200
103805,2024-09-08,
103806,2024-11-30,
103807,2024-06-10,148
103808,2025-01-18,
103809,2023-12-15,120
103810,2023-03-20,
103811,2024-09-13,63
103812,2024-06-01,
103813,2023-05-06,
103814,2023-05-13,
103815,2025-06-08,
103816,2025-02-08,
103817,2024-02-16,
103818,2023-02-14,
103819,2023-05-14,
103820,2024-04-03,
103821,2024-10-09,
103822,2024-04-25,126
103823,2024-05-26,
103824,2025-02-18,
103825,2025-04-28,81
103826,2023-08-27,353
103827,2023-08-30,
103828,2023-09-09,
103829,2023-06-21,
103830,2024-01-28,
103831,2025-04-11,
103832,2023-07-13,243
103833,2024-11-05,
103834,2024-09-02,
103835,2024-07-25,
103836,2024-04-11,
103837,2025-03-31,
103838,2025-04-20,6
103839,2023-06-30,
103840,2025-03-10,392
103841,2023-08-16,
103842,2023-06-26,
103843,2023-08-24,
103844,2023-03-20,124
103845,2023-09-24,8
103846,2025-05-31,
103847,2023-02-13,
103848,2024-07-26,
103849,2024-05-26,
103850,2024-08-05,
103851,2024-10-08,
103852,2024-01-08,192
103853,2024-12-18,
103854,2023-06-12,
103855,2024-02-24,
103856,2025-04-22,
103857,2024-01-16,
103858,2023-12-20,
103859,2023-01-04,
103860,2023-03-23,
103861,2023-01-15,
103862,2025-01-10,
103863,2024-08-06,
103864,2025-02-20,
103865,2025-03-09,
103866,2024-11-05,
103867,2025-05-30,47
103868,2024-09-22,
103869,2023-03-21,40
103870,2022-12-29,
103871,2025-02-14,
103872,2024-03-28,
103873,2024-02-10,255
103874,2024-05-11,
103875,2023-02-03,
103876,2024-10-17,
103877,2023-04-14,
103878,2024-10-28,358
103879,2023-02-21,
103880,2024-07-30,251
103881,2023-01-29,
103882,2023-11-08,
103883,2025-01-12,
103884,2023-10-28,
103885,2025-02-16,
103886,2024-05-01,
103887,2023-01-12,
103888,2025-03-08,
103889,2024-10-04,
103890,2023-09-07,82
103891,2025-05-04,
103892,2024-11-18,
103893,2024-11-05,
103894,2024-10-30,
103895,2024-10-22,
103896,2024-01-09,
103897,2025-04-29,
103898,2023-04-06,
103899,2023-02-28,
103900,2023-03-08,
103901,2024-06-11,
103902,2023-01-06,
103903,2024-07-14,
103904,2023-10-31,
103905,2024-01-18,
103906,2023-08-04,
103907,2023-11-09,
103908,2023-05-19,
103909,2023-06-18,
103910,2024-03-06,
103911,2023-12-05,93
103912,2024-03-16,
103913,2023-11-12,345
103914,2023-01-13,
103915,2025-04-26,
103916,2024-10-09,
103917,2025-04-27,
103918,2023-10-11,
103919,2024-09-21,
103920,2025-04-03,65
103921,2023-10-19,
103922,2023-10-17,
103923,2023-02-03,
103924,2024-05-29,
103925,2024-07-26,
103926,2023-05-31,309
103927,2025-01-23,
103928,2023-04-17,
103929,2023-10-14,
103930,2023-05-06,
103931,2024-02-23,
103932,2024-11-30,
103933,2024-10-08,
103934,2023-08-13,
103935,2024-10-24,
103936,2023-08-20,136
103937,2025-02-06,
103938,2024-01-15,249
103939,2024-11-21,311
103940,2024-08-10,
103941,2024-09-19,
103942,2024-10-15,
103943,2023-04-03,
103944,2023-09-02,
103945,2023-05-21,
103946,2024-11-06,
103947,2023-05-18,
103948,2024-09-09,
103949,2025-02-21,
103950,2023-01-05,
103951,2025-03-08,
103952,2024-01-25,
103953,2023-03-12,
103954,2023-02-04,
103955,2025-02-01,177
103956,2024-05-30,
103957,2024-10-15,
103958,2023-03-29,
103959,2025-03-21,
103960,2023-11-03,
103961,2024-11-21,
103962,2023-04-10,
103963,2024-05-20,
103964,2023-12-25,
103965,2024-06-03,
103966,2023-11-12,31
103967,2024-03-17,
103968,2024-03-29,
103969,2024-01-19,
103970,2023-12-11,
103971,2025-04-07,377
103972,2024-04-11,
103973,2025-01-22,
103974,2025-03-26,
103975,2024-02-22,
103976,2023-08-29,
103977,2023-09-26,155
103978,2025-04-10,
103979,2024-05-28,
103980,2024-05-19,
103981,2023-03-07,
103982,2023-04-05,
103983,2024-09-27,393
103984,2024-12-04,
103985,2023-12-25,
103986,2023-06-06,
103987,2025-06-02,
103988,2024-05-11,287
103989,2024-11-16,
103990,2023-07-05,
103991,2024-03-12,
103992,2023-02-28,
103993,2023-05-09,
103994,2024-10-21,160
103995,2024-01-03,
103996,2023-09-26,
103997,2024-01-21,
103998,2023-02-15,124
103999,2023-05-30,12
104000,2024-12-18,
104001,2024-03-08,341
104002,2023-11-26,
104003,2023-02-02,
104004,2023-04-05,
104005,2024-08-20,
104006,2025-01-28,
104007,2025-01-30,
104008,2023-01-09,
104009,2023-08-08,
104010,2024-08-15,
104011,2023-09-05,
104012,2023-12-19,
104013,2023-11-09,175
104014,2023-05-03,69
104015,2023-08-22,
104016,2025-05-04,
104017,2024-12-19,
104018,2023-07-03,
104019,2023-05-12,
104020,2025-03-03,
104021,2023-01-28,225
104022,2025-02-21,
104023,2023-11-17,
104024,2024-10-11,
104025,2023-11-28,
104026,2024-08-19,
104027,2023-08-17,
104028,2024-05-27,
104029,2024-04-30,270
104030,2025-04-28,291
104031,2023-05-07,
104032,2023-06-19,
104033,2023-07-09,
104034,2025-05-18,
104035,2025-01-24,
104036,2023-09-06,
104037,2024-12-18,
104038,2024-12-09,
104039,2024-04-05,
104040,2023-02-03,
104041,2025-04-07,
104042,2023-05-07,
104043,2023-01-21,191
104044,2024-04-14,
104045,2023-04-28,
104046,2024-11-03,61
104047,2025-05-29,
104048,2023-11-01,75
104049,2025-05-19,231
104050,2024-08-29,
104051,2023-05-08,
104052,2023-05-02,
104053,2024-08-28,
104054,2023-11-09,
104055,2023-09-29,
104056,2024-08-17,
104057,2023-06-20,
104058,2024-11-26,
104059,2023-11-29,
104060,2024-07-15,
104061,2024-12-20,
104062,2024-12-15,
104063,2024-07-21,
104064,2025-04-17,
104065,2023-09-08,
104066,2023-06-06,
104067,2024-10-31,
104068,2025-03-28,
104069,2023-09-24,
104070,2025-04-07,
104071,2024-05-06,
104072,2023-07-09,
104073,2023-10-30,
104074,2025-01-24,163
104075,2023-12-29,
104076,2024-12-21,346
104077,2024-07-04,
104078,2023-10-07,
104079,2023-04-23,
104080,2023-04-10,
104081,2024-06-20,209
104082,2024-11-19,
104083,2023-10-26,
104084,2024-02-10,
104085,2024-05-15,
104086,2023-11-25,
104087,2024-12-28,
104088,2024-05-22,
104089,2023-04-28,
104090,2024-11-10,
104091,2024-03-12,
104092,2023-12-24,
104093,2025-05-23,
104094,2025-03-24,234
104095,2024-09-18,
104096,2023-11-06,
104097,2024-07-28,
104098,2023-07-21,
104099,2025-04-22,
104100,2024-11-12,
104101,2024-04-29,
104102,2024-03-18,
104103,2024-07-16,
104104,2023-07-24,
104105,2023-01-21,
104106,2023-12-24,187
104107,2024-10-24,
104108,2024-08-06,
104109,2023-07-26,
104110,2024-04-25,
104111,2023-02-14,158
104112,2024-10-30,
104113,2024-09-10,198
104114,2024-09-30,
104115,2024-12-03,
104116,2024-04-12,
104117,2024-09-04,
104118,2024-08-01,
104119,2022-12-30,
104120,2023-08-04,314
104121,2024-08-02,
104122,2023-06-11,62
104123,2023-04-04,
104124,2025-03-12,
104125,2023-11-01,
104126,2023-11-21,
104127,2024-12-24,
104128,2023-12-02,153
104129,2023-08-25,
104130,2025-02-27,
104131,2024-12-13,105
104132,2025-05-17,
104133,2024-07-17,
104134,2023-02-25,
104135,2024-01-10,
104136,2023-12-08,
104137,2024-05-08,
104138,2025-06-07,390
104139,2025-05-07,400
104140,2024-11-25,
104141,2023-11-17,
104142,2024-03-09,324
104143,2023-08-05,
104144,2025-02-24,
104145,2025-02-20,
104146,2024-10-30,
104147,2024-08-03,
104148,2024-04-08,
104149,2023-12-20,
104150,2024-08-19,
104151,2024-05-07,298
104152,2024-10-18,
104153,2023-08-01,
104154,2023-02-09,398
104155,2025-02-28,
104156,2023-01-24,
104157,2025-03-09,
104158,2024-07-28,
104159,2024-03-26,
104160,2024-05-17,
104161,2024-07-19,
104162,2025-05-08,
104163,2024-04-24,
104164,2023-05-09,
104165,2023-08-17,
104166,2024-07-20,
104167,2025-03-22,
104168,2024-08-23,297
104169,2023-04-24,
104170,2024-12-09,
104171,2023-10-04,357
104172,2023-07-31,
104173,2025-01-22,301
104174,2024-12-25,
104175,2023-02-24,
104176,2024-01-04,249
104177,2024-03-04,
104178,2024-06-17,337
104179,2024-02-16,
104180,2024-05-26,
104181,2023-04-05,
104182,2024-02-21,
104183,2024-03-22,
104184,2023-08-06,
104185,2023-09-10,
104186,2023-03-28,
104187,2025-03-29,
104188,2023-12-24,
104189,2022-12-31,48
104190,2023-12-06,
104191,2024-10-28,68
104192,2023-09-08,
104193,2024-04-05,
104194,2024-09-08,
104195,2024-10-16,
104196,2023-06-21,
104197,2024-08-03,
104198,2023-08-23,
104199,2024-08-07,358
104200,2024-12-16,
104201,2023-02-09,
104202,2024-02-14,
104203,2025-03-03,187
104204,2023-04-20,
104205,2023-10-31,
104206,2024-10-09,
104207,2023-06-23,
104208,2023-01-08,
104209,2024-06-25,
104210,2024-08-10,
104211,2024-07-07,
104212,2023-06-12,
104213,2023-04-12,
104214,2023-02-10,
104215,2025-05-05,
104216,2023-07-29,
104217,2025-03-20,
104218,2024-02-10,
104219,2025-01-07,368
104220,2025-02-02,
104221,2024-06-30,
104222,2024-05-06,
104223,2023-04-23,
104224,2024-05-27,
104225,2024-03-17,
104226,2023-05-26,341
104227,2025-01-23,
104228,2024-01-03,59
104229,2023-04-15,
104230,2024-01-09,
104231,2023-11-01,
104232,2023-12-07,
104233,2024-12-05,
104234,2024-01-22,
104235,2024-11-12,388
104236,2024-10-31,
104237,2024-06-11,
104238,2025-03-14,
104239,2025-03-22,
104240,2024-03-24,
104241,2024-02-29,
104242,2024-04-27,200
104243,2023-09-02,
104244,2025-04-18,
104245,2024-01-24,
104246,2024-12-11,
104247,2023-03-28,
104248,2024-07-16,121
104249,2025-06-09,36
104250,2023-09-20,241
104251,2023-11-20,
104252,2024-10-07,
104253,2023-05-20,
104254,2023-03-17,
104255,2024-11-03,
104256,2023-09-19,
104257,2023-04-25,
104258,2023-09-05,
104259,2023-09-03,187
104260,2024-06-18,
104261,2025-04-17,
104262,2023-01-02,
104263,2023-09-20,
104264,2024-06-30,155
104265,2023-01-08,
104266,2023-04-06,
104267,2024-09-18,
104268,2024-10-09,
104269,2024-03-26,
104270,2023-12-22,309
104271,2024-12-05,176
104272,2024-10-12,
104273,2024-01-11,
104274,2025-06-08,
104275,2024-01-19,
104276,2023-03-10,
104277,2024-04-16,
104278,2024-05-25,
104279,2025-01-22,318
104280,2023-07-19,
104281,2023-01-23,
104282,2024-09-12,320
104283,2024-01-25,
104284,2025-03-03,
104285,2025-01-31,
104286,2023-12-05,
104287,2024-01-23,
104288,2023-02-11,
104289,2023-12-10,
104290,2023-07-30,
104291,2024-05-22,
104292,2023-04-25,
104293,2023-09-10,
104294,2025-05-18,
104295,2024-12-10,
104296,2023-07-07,
104297,2024-05-27,
104298,2023-04-06,
104299,2024-06-03,
104300,2024-08-14,
104301,2024-12-17,193
104302,2024-10-29,
104303,2023-05-09,
104304,2024-07-09,383
104305,2024-09-26,
104306,2024-05-09,
104307,2024-10-24,
104308,2024-11-30,
104309,2024-10-01,
104310,2024-08-05,
104311,2025-02-01,
104312,2024-05-18,
104313,2024-07-13,234
104314,2023-08-10,
104315,2023-11-18,
104316,2023-11-04,
104317,2023-06-22,
104318,2024-07-04,
104319,2025-05-22,
104320,2024-08-17,
104321,2023-09-14,226
104322,2022-12-31,
104323,2023-02-19,
104324,2024-08-03,
104325,2024-05-09,94
104326,2024-11-21,
104327,2025-03-11,22
104328,2023-07-12,
104329,2023-12-16,
104330,2023-03-31,
104331,2023-09-09,105
104332,2024-10-10,
104333,2025-01-15,
104334,2024-11-10,
104335,2023-12-04,
104336,2023-03-18,
104337,2024-04-14,
104338,2024-03-26,191
104339,2023-05-26,
104340,2025-04-17,
104341,2024-02-20,
104342,2023-02-07,216
104343,2024-07-11,304
104344,2024-11-01,
104345,2025-05-17,
104346,2023-06-01,
104347,2025-06-05,220
104348,2024-08-01,
104349,2023-09-29,
104350,2025-03-02,380
104351,2025-06-10,335
104352,2025-05-15,
104353,2024-06-06,
104354,2023-03-29,
104355,2023-12-24,
104356,2023-12-23,
104357,2023-12-11,
104358,2023-05-01,
104359,2024-01-10,
104360,2025-04-13,
104361,2023-12-14,
104362,2025-05-30,
104363,2025-02-27,
104364,2023-08-07,
104365,2024-12-22,175
104366,2024-05-27,
104367,2023-07-10,
104368,2024-08-13,
104369,2025-04-07,
104370,2024-08-29,
104371,2024-07-25,160
104372,2025-04-08,
104373,2024-09-08,
104374,2024-12-04,252
104375,2023-08-11,
104376,2023-07-01,
104377,2023-01-23,
104378,2023-06-27,
104379,2024-04-07,
104380,2023-10-13,
104381,2024-04-22,
104382,2023-01-22,
104383,2023-11-11,
104384,2025-03-06,
104385,2024-02-09,
104386,2024-10-30,
104387,2023-01-18,
104388,2024-08-28,
104389,2024-03-31,400
104390,2025-03-08,
104391,2023-04-10,
104392,2024-04-03,
104393,2023-11-01,
104394,2025-06-03,
104395,2025-01-14,
104396,2024-11-08,
104397,2024-05-20,
104398,2025-01-20,
104399,2023-06-09,332
104400,2024-10-13,
104401,2024-10-04,
104402,2024-04-10,
104403,2023-01-16,
104404,2023-06-05,
104405,2024-09-30,273
104406,2024-02-02,
104407,2024-12-10,
104408,2025-06-09,
104409,2023-10-13,
104410,2024-02-14,
104411,2023-09-11,
104412,2025-01-26,
104413,2023-12-06,
104414,2023-05-07,
104415,2025-01-11,
104416,2024-09-27,
104417,2024-03-22,
104418,2024-07-20,
104419,2025-03-09,
104420,2024-09-18,
104421,2023-07-04,
104422,2025-03-29,
104423,2025-03-07,
104424,2025-01-26,320
104425,2024-04-22,
104426,2024-06-09,140
104427,2023-05-10,106
104428,2025-04-09,
104429,2023-11-01,
104430,2023-07-17,246
104431,2023-04-02,
104432,2024-11-20,327
104433,2024-07-03,
104434,2024-07-17,
104435,2023-02-18,
104436,2025-06-05,
104437,2023-10-01,132
104438,2023-10-15,
104439,2024-07-21,
104440,2023-05-16,
104441,2025-01-14,
104442,2023-11-01,
104443,2023-03-05,
104444,2024-05-20,
104445,2024-05-16,
104446,2023-04-29,
104447,2024-12-13,
104448,2024-06-20,
104449,2025-05-16,
104450,2023-09-21,
104451,2024-07-23,98
104452,2024-01-14,
104453,2025-02-17,
104454,2023-01-11,
104455,2024-10-23,
104456,2024-01-23,
104457,2024-12-26,
104458,2024-11-06,
104459,2023-01-26,113
104460,2025-03-04,
104461,2024-04-12,
104462,2025-02-05,
104463,2024-05-31,
104464,2024-08-15,
104465,2023-12-08,
104466,2024-05-12,
104467,2024-11-20,
104468,2024-09-28,
104469,2023-12-31,
104470,2024-11-19,
104471,2024-02-07,
104472,2024-10-20,357
104473,2024-09-04,
104474,2023-08-22,142
104475,2025-02-27,
104476,2023-08-25,292
104477,2023-03-08,267
104478,2023-07-21,
104479,2023-09-23,56
104480,2025-03-30,
104481,2025-02-20,
104482,2023-04-08,
104483,2024-05-17,
104484,2023-11-24,
104485,2023-12-13,100
104486,2023-12-23,331
104487,2024-10-14,
104488,2024-06-23,
104489,2025-06-01,292
104490,2024-05-10,
104491,2025-04-14,303
104492,2024-01-21,364
104493,2024-12-20,
104494,2024-01-22,
104495,2023-12-30,
104496,2024-09-17,66
104497,2023-12-28,137
104498,2023-01-22,
104499,2023-01-01,
104500,2023-09-16,
104501,2023-04-20,37
104502,2025-05-08,
104503,2023-11-09,
104504,2023-12-23,
104505,2023-06-15,
104506,2023-03-17,
104507,2023-11-15,
104508,2023-08-19,
104509,2024-01-30,
104510,2023-10-10,228
104511,2025-02-02,
104512,2025-03-21,
104513,2024-12-24,
104514,2023-10-13,
104515,2023-08-17,
104516,2023-11-10,
104517,2023-07-10,
104518,2023-11-27,194
104519,2023-12-07,
104520,2025-03-21,
104521,2024-03-07,
104522,2024-10-16,
104523,2024-02-04,241
104524,2024-01-01,
104525,2025-02-05,
104526,2023-08-30,
104527,2024-07-09,
104528,2023-08-21,
104529,2025-01-29,325
104530,2025-05-22,248
104531,2023-11-15,
104532,2023-05-03,
104533,2024-11-29,
104534,2024-11-11,
104535,2025-01-12,
104536,2023-06-22,
104537,2024-06-24,
104538,2024-11-08,
104539,2023-10-10,
104540,2025-01-02,
104541,2023-01-16,333
104542,2023-11-23,296
104543,2024-05-16,
104544,2023-07-21,
104545,2023-08-27,
104546,2023-10-28,244
104547,2025-03-10,
104548,2024-11-08,
104549,2024-09-29,
104550,2024-05-21,322
104551,2025-03-05,
104552,2025-05-24,
104553,2024-09-01,
104554,2024-06-16,
104555,2023-07-31,
104556,2025-01-02,159
104557,2024-12-24,
104558,2023-05-20,
104559,2024-06-22,
104560,2023-02-08,
104561,2023-03-29,
104562,2024-12-01,16
104563,2025-01-22,
104564,2025-01-13,
104565,2023-07-26,
104566,2023-08-29,
104567,2023-06-29,
104568,2024-12-21,
104569,2025-05-14,
104570,2025-01-24,
104571,2023-07-18,
104572,2023-10-23,
104573,2024-12-11,
104574,2024-02-19,
104575,2024-06-29,
104576,2023-12-09,
104577,2023-08-05,
104578,2024-12-23,66
104579,2023-01-10,
104580,2023-03-19,
104581,2024-08-08,
104582,2023-03-12,359
104583,2023-10-22,
104584,2025-06-01,
104585,2024-04-01,
104586,2023-09-20,
104587,2023-07-23,
104588,2024-01-09,
104589,2023-07-29,
104590,2025-04-21,
104591,2025-02-21,
104592,2023-11-23,
104593,2024-01-18,
104594,2024-09-19,
104595,2024-05-02,281
104596,2023-07-24,30
104597,2025-06-07,
104598,2023-09-14,
104599,2025-02-04,
104600,2024-05-20,
104601,2024-11-24,
104602,2025-02-06,
104603,2023-06-20,
104604,2023-09-29,
104605,2023-02-01,
104606,2024-12-22,
104607,2025-05-24,
104608,2025-02-01,
104609,2024-11-04,
104610,2023-08-13,
104611,2024-12-13,
104612,2024-06-29,
104613,2024-03-25,
104614,2024-02-15,
104615,2023-01-07,
104616,2025-06-10,318
104617,2024-10-19,
104618,2024-01-22,
104619,2023-03-19,
104620,2024-06-07,24
104621,2024-03-03,
104622,2024-09-19,
104623,2024-03-05,353
104624,2025-03-05,
104625,2025-02-14,
104626,2025-06-05,15
104627,2024-08-12,293
104628,2025-02-07,
104629,2024-09-20,
104630,2024-02-20,
104631,2025-01-16,
104632,2023-02-20,348
104633,2023-10-12,
104634,2024-02-15,
104635,2023-05-12,
104636,2024-07-26,
104637,2024-12-21,257
104638,2024-04-11,
104639,2025-06-06,235
104640,2023-12-29,
104641,2023-11-27,
104642,2025-03-27,
104643,2023-09-19,207
104644,2025-05-03,
104645,2024-08-01,
104646,2025-01-31,
104647,2023-02-01,
104648,2024-08-10,
104649,2025-04-16,327
104650,2024-05-18,
104651,2025-04-05,
104652,2023-09-15,
104653,2025-01-10,
104654,2023-09-15,
104655,2024-02-10,
104656,2023-06-05,36
104657,2025-05-24,
104658,2024-02-09,
104659,2024-09-07,
104660,2024-12-22,305
104661,2023-05-11,
104662,2023-05-02,
104663,2023-07-25,
104664,2025-02-26,
104665,2023-01-15,
104666,2023-01-22,
104667,2024-11-25,
104668,2023-12-08,
104669,2023-06-19,
104670,2024-08-25,
104671,2023-08-24,
104672,2023-06-15,
104673,2024-08-18,194
104674,2023-10-22,
104675,2023-07-16,
104676,2024-07-15,
104677,2024-11-26,
104678,2024-01-23,
104679,2024-03-20,282
104680,2025-03-26,
104681,2025-01-07,117
104682,2023-10-04,346
104683,2025-01-21,
104684,2023-09-29,
104685,2024-12-30,
104686,2024-05-18,
104687,2023-04-24,
104688,2024-10-31,
104689,2024-12-26,
104690,2025-03-28,
104691,2024-10-27,
104692,2024-01-06,
104693,2023-01-01,211
104694,2025-03-23,
104695,2024-01-05,
104696,2024-11-05,
104697,2023-02-24,
104698,2023-08-25,
104699,2024-08-28,
104700,2024-11-22,175
104701,2024-06-09,86
104702,2023-11-09,
104703,2024-07-03,
104704,2024-04-10,
104705,2023-12-25,367
104706,2023-01-27,369
104707,2024-02-16,
104708,2023-06-08,
104709,2024-12-22,
104710,2025-04-17,
104711,2024-12-31,
104712,2023-08-22,
104713,2024-04-03,54
104714,2024-05-03,
104715,2024-03-14,
104716,2024-11-24,
104717,2025-01-18,
104718,2023-03-20,
104719,2024-09-21,
104720,2024-03-09,207
104721,2023-05-18,297
104722,2023-09-15,
104723,2023-04-03,
104724,2024-02-24,
104725,2023-09-21,
104726,2023-01-07,
104727,2023-08-25,
104728,2024-02-16,
104729,2023-07-11,
104730,2023-07-15,189
104731,2024-02-08,97
104732,2023-12-01,
104733,2023-10-08,
104734,2023-09-04,
104735,2024-10-01,
104736,2022-12-30,121
104737,2023-02-25,
104738,2024-06-11,
104739,2023-02-24,
104740,2023-06-02,147
104741,2023-11-07,
104742,2025-03-02,
104743,2024-12-01,
104744,2024-02-08,384
104745,2024-08-01,
104746,2023-09-22,288
104747,2023-08-17,295
104748,2024-03-31,
104749,2024-04-20,
104750,2023-05-16,
104751,2023-09-26,300
104752,2024-10-05,364
104753,2023-09-05,
104754,2023-02-16,
104755,2024-02-29,
104756,2025-04-20,187
104757,2024-12-17,167
104758,2025-05-24,
104759,2023-09-25,
104760,2024-01-17,
104761,2024-08-11,
104762,2025-03-02,
104763,2023-09-28,
104764,2023-08-30,255
104765,2025-04-24,
104766,2025-03-22,
104767,2024-01-28,
104768,2023-09-16,
104769,2025-01-02,
104770,2024-01-22,
104771,2023-07-07,
104772,2024-12-18,
104773,2023-06-23,
104774,2023-08-17,
104775,2023-01-31,
104776,2023-01-03,308
104777,2025-05-09,
104778,2023-11-10,235
104779,2023-06-23,
104780,2023-06-07,
104781,2024-05-07,
104782,2023-03-13,
104783,2024-04-21,
104784,2024-04-30,174
104785,2023-09-10,139
104786,2023-05-22,
104787,2023-10-12,61
104788,2025-04-26,
104789,2023-04-20,
104790,2024-02-26,
104791,2025-02-09,297
104792,2025-04-21,
104793,2024-09-12,
104794,2023-10-15,182
104795,2024-12-11,
104796,2024-08-09,
104797,2025-06-05,367
104798,2025-03-28,
104799,2025-04-23,
104800,2025-02-08,
104801,2023-07-10,257
104802,2023-01-05,
104803,2024-06-01,
104804,2023-09-23,
104805,2024-12-12,
104806,2023-09-25,
104807,2023-04-22,
104808,2023-11-01,145
104809,2024-02-01,
104810,2024-07-14,
104811,2023-10-19,7
104812,2024-10-18,
104813,2024-12-01,
104814,2025-02-04,
104815,2024-03-13,125
104816,2024-09-29,75
104817,2024-07-04,
104818,2025-02-15,
104819,2024-11-09,
104820,2025-05-22,
104821,2025-05-16,
104822,2025-06-07,
104823,2023-11-19,
104824,2024-11-12,
104825,2025-04-11,
104826,2023-03-09,
104827,2023-03-12,
104828,2024-04-17,
104829,2024-11-08,
104830,2023-04-30,
104831,2025-02-08,
104832,2024-09-20,
104833,2025-04-24,
104834,2023-04-17,
104835,2024-03-12,
104836,2023-05-31,269
104837,2023-02-18,
104838,2025-02-11,
104839,2024-04-27,101
104840,2023-01-28,
104841,2023-06-06,1
104842,2024-01-18,
104843,2024-01-06,
104844,2025-02-26,
104845,2025-03-19,
104846,2023-08-22,
104847,2024-01-24,
104848,2024-02-02,
104849,2023-01-26,
104850,2024-03-25,368
104851,2025-02-17,
104852,2024-05-26,
104853,2023-08-21,
104854,2023-05-30,
104855,2024-08-12,
104856,2025-04-14,
104857,2025-01-29,
104858,2023-06-17,
104859,2024-02-12,
104860,2025-04-30,
104861,2024-01-10,254
104862,2023-01-05,
104863,2024-08-07,
104864,2024-10-03,381
104865,2024-02-22,
104866,2024-01-19,214
104867,2023-09-18,
104868,2023-07-23,
104869,2024-07-25,
104870,2023-04-06,
104871,2023-07-01,
104872,2025-01-01,
104873,2024-02-04,
104874,2024-05-07,
104875,2024-05-19,
104876,2023-05-24,
104877,2023-03-31,
104878,2024-04-11,
104879,2023-09-10,
104880,2024-10-18,
104881,2024-12-20,
104882,2023-12-25,
104883,2025-04-14,
104884,2025-03-10,
104885,2024-01-23,
104886,2023-10-18,94
104887,2025-03-22,27
104888,2025-01-20,
104889,2023-12-22,256
104890,2023-03-03,77
104891,2023-04-04,363
104892,2023-11-02,
104893,2024-11-18,
104894,2024-03-16,
104895,2023-08-26,
104896,2023-05-13,
104897,2023-07-24,
104898,2023-02-28,
104899,2024-11-25,
104900,2023-06-09,239
104901,2024-04-21,361
104902,2023-08-28,
104903,2024-01-07,20
104904,2024-06-25,
104905,2023-12-18,
104906,2024-12-28,
104907,2023-09-06,
104908,2024-06-14,
104909,2024-06-07,
104910,2024-10-08,
104911,2024-04-10,
104912,2023-06-16,
104913,2024-10-20,355
104914,2023-09-29,
104915,2025-04-08,
104916,2024-02-25,238
104917,2023-12-17,
104918,2025-04-25,363
104919,2023-09-09,
104920,2023-05-11,
104921,2024-01-02,
104922,2023-03-03,
104923,2024-11-28,
104924,2024-07-08,
104925,2025-05-28,
104926,2023-01-20,
104927,2025-05-26,
104928,2023-06-07,
104929,2023-10-27,
104930,2024-07-27,
104931,2023-06-15,
104932,2024-05-21,
104933,2025-05-07,
104934,2025-01-10,
104935,2025-01-02,290
104936,2025-02-16,
104937,2024-01-10,36
104938,2024-10-20,
104939,2023-02-22,386
104940,2024-05-15,241
104941,2024-09-18,
104942,2024-05-31,
104943,2024-03-26,
104944,2023-03-14,
104945,2023-10-29,
104946,2024-09-10,
104947,2023-05-14,
104948,2023-01-19,
104949,2024-09-25,381
104950,2025-03-24,221
104951,2024-11-01,
104952,2024-09-07,
104953,2024-07-05,88
104954,2024-06-08,
104955,2023-06-03,
104956,2023-09-02,
104957,2023-02-26,
104958,2025-03-10,
104959,2023-01-11,256
104960,2025-01-04,
104961,2024-10-21,
104962,2025-04-02,
104963,2024-07-06,
104964,2023-02-12,
104965,2024-10-14,
104966,2024-12-06,
104967,2024-11-30,
104968,2023-06-26,56
104969,2023-11-25,4
104970,2023-12-09,86
104971,2023-04-26,
104972,2024-09-18,
104973,2023-10-13,
104974,2024-06-30,
104975,2025-01-12,
104976,2023-10-12,
104977,2024-05-29,
104978,2024-06-23,
104979,2023-09-29,
104980,2024-03-19,
104981,2023-07-13,
104982,2023-04-09,245
104983,2023-04-06,267
104984,2024-02-27,
104985,2025-02-28,
104986,2023-02-12,258
104987,2024-11-08,
104988,2024-02-06,
104989,2023-12-19,
104990,2024-08-13,
104991,2025-03-11,
104992,2023-11-15,
104993,2024-09-17,
104994,2025-05-23,
104995,2024-07-13,
104996,2024-08-12,
104997,2024-08-05,
104998,2023-09-15,
104999,2023-07-20,
105000,2024-06-12,
105001,2023-02-24,
105002,2023-08-31,
105003,2025-05-27,
105004,2024-12-26,
105005,2024-01-17,
105006,2025-05-22,
105007,2023-09-28,67
105008,2024-01-25,
105009,2024-10-22,
105010,2024-01-19,
105011,2024-01-24,
105012,2024-01-28,
105013,2024-01-11,
105014,2023-06-30,
105015,2023-05-20,
105016,2024-06-02,
105017,2024-03-15,
105018,2024-07-30,218
105019,2023-02-27,73
105020,2023-09-13,
105021,2023-05-05,
105022,2024-11-07,
105023,2023-06-09,
105024,2023-09-21,
105025,2023-04-10,361
105026,2023-11-11,392
105027,2023-08-10,
105028,2023-02-06,
105029,2025-01-04,
105030,2023-01-19,
105031,2025-02-24,271
105032,2025-05-09,
105033,2023-10-27,
105034,2023-04-24,
105035,2024-05-14,
105036,2023-05-31,
105037,2023-09-15,
105038,2024-05-12,
105039,2023-01-31,214
105040,2025-04-18,
105041,2024-11-19,
105042,2025-05-15,
105043,2023-06-19,
105044,2025-03-01,
105045,2023-02-06,
105046,2024-05-30,
105047,2023-12-23,
105048,2024-03-27,
105049,2025-03-21,
105050,2023-07-24,
105051,2024-12-26,
105052,2024-12-28,
105053,2023-07-25,56
105054,2023-02-22,
105055,2023-06-12,
105056,2024-03-18,
105057,2024-01-11,
105058,2024-12-10,
105059,2024-08-19,
105060,2023-03-12,
105061,2024-08-14,
105062,2023-03-11,
105063,2024-07-29,184
105064,2024-07-09,
105065,2023-12-03,
105066,2023-06-29,
105067,2024-06-20,
105068,2024-03-14,
105069,2024-02-21,
105070,2025-05-16,
105071,2024-12-21,
105072,2025-05-13,
105073,2024-11-07,
105074,2024-05-24,299
105075,2025-06-04,
105076,2024-12-16,393
105077,2023-09-19,
105078,2023-10-09,
105079,2024-06-11,
105080,2023-11-24,
105081,2023-05-10,
105082,2023-04-05,
105083,2024-01-24,
105084,2025-02-05,
105085,2023-05-07,
105086,2024-08-29,
105087,2024-04-11,
105088,2024-12-17,
105089,2023-03-29,
105090,2023-08-11,
105091,2023-08-01,
105092,2025-06-08,
105093,2024-11-21,
105094,2025-03-05,
105095,2024-03-14,
105096,2025-01-05,
105097,2025-01-01,
105098,2023-09-03,
105099,2023-10-04,329
105100,2023-09-27,
105101,2024-06-06,158
105102,2023-02-03,
105103,2023-11-24,
105104,2024-06-13,
105105,2023-04-10,215
105106,2023-01-22,
105107,2024-04-02,
105108,2024-06-29,182
105109,2023-05-23,
105110,2023-09-13,
105111,2023-10-21,254
105112,2024-07-29,
105113,2023-09-29,68
105114,2024-08-01,
105115,2023-01-23,
105116,2025-03-18,
105117,2023-08-19,
105118,2023-06-08,
105119,2025-01-29,122
105120,2025-05-07,
105121,2023-11-29,
105122,2024-06-19,
105123,2024-03-06,
105124,2024-03-22,
105125,2023-12-02,391
105126,2023-01-25,
105127,2023-10-19,
105128,2023-02-16,
105129,2024-12-17,197
105130,2023-03-26,
105131,2023-06-09,
105132,2024-03-01,
105133,2023-06-12,60
105134,2025-06-05,
105135,2024-11-12,95
105136,2023-12-10,352
105137,2024-04-19,
105138,2023-11-18,208
105139,2025-05-11,
105140,2024-01-26,148
105141,2024-12-03,
105142,2024-11-20,
105143,2024-06-18,
105144,2025-03-10,256
105145,2024-03-05,
105146,2025-03-16,
105147,2024-03-09,
105148,2023-10-06,
105149,2023-04-03,
105150,2025-05-29,
105151,2024-09-15,
105152,2024-04-23,
105153,2023-10-27,
105154,2023-05-26,75
105155,2024-10-10,
105156,2025-04-14,
105157,2024-04-21,
105158,2023-08-18,
105159,2023-03-13,
105160,2023-01-01,
105161,2023-03-16,
105162,2024-09-22,
105163,2024-05-09,
105164,2024-10-10,
105165,2023-01-13,279
105166,2024-05-30,
105167,2023-01-21,293
105168,2023-12-15,
105169,2023-05-30,
105170,2024-11-20,
105171,2025-04-07,
105172,2024-08-27,
105173,2024-07-27,31
105174,2024-03-20,
105175,2023-12-05,
105176,2023-03-16,
105177,2023-06-08,
105178,2024-06-29,
105179,2023-06-06,
105180,2024-01-05,
105181,2025-03-12,
105182,2023-11-01,
105183,2024-07-07,197
105184,2023-05-03,
105185,2023-03-11,
105186,2024-09-20,
105187,2024-09-19,
105188,2023-12-22,72
105189,2023-04-13,
105190,2023-11-27,
105191,2024-03-19,
105192,2023-01-31,
105193,2024-05-01,
105194,2023-06-19,211
105195,2023-07-10,
105196,2023-08-23,152
105197,2025-03-04,
105198,2023-10-27,
105199,2024-06-03,
105200,2024-02-10,
105201,2023-03-15,
105202,2024-04-19,
105203,2024-08-02,
105204,2023-10-25,367
105205,2024-04-29,
105206,2024-02-18,
105207,2025-02-13,
105208,2022-12-31,247
105209,2025-03-25,
105210,2024-09-28,
105211,2024-03-02,
105212,2023-10-24,44
105213,2024-04-20,
105214,2025-05-14,
105215,2023-12-14,
105216,2023-10-19,265
105217,2023-05-12,
105218,2023-10-15,
105219,2025-02-04,
105220,2024-06-16,
105221,2023-04-05,
105222,2023-12-06,
105223,2024-04-15,
105224,2024-02-15,
105225,2023-04-18,
105226,2025-04-01,
105227,2024-02-26,
105228,2023-10-04,330
105229,2025-05-25,
105230,2023-07-24,
105231,2024-06-29,
105232,2025-03-01,
105233,2023-03-09,
105234,2024-10-02,
105235,2023-10-30,
105236,2024-12-28,
105237,2023-05-02,
105238,2023-07-23,
105239,2025-01-21,
105240,2024-12-15,
105241,2025-05-22,280
105242,2023-07-09,
105243,2023-02-17,
105244,2024-11-21,
105245,2023-01-13,
105246,2024-09-06,
105247,2023-07-19,
105248,2023-10-25,
105249,2023-10-31,
105250,2025-02-16,134
105251,2025-02-18,
105252,2025-04-27,
105253,2025-05-04,
105254,2024-12-26,
105255,2025-06-01,
105256,2025-01-27,
105257,2023-03-06,101
105258,2024-12-31,
105259,2023-07-12,
105260,2025-03-14,
105261,2025-02-21,
105262,2023-05-04,390
105263,2024-10-06,
105264,2024-05-30,
105265,2024-08-15,251
105266,2023-09-13,
105267,2023-08-21,
105268,2023-12-22,
105269,2024-03-05,
105270,2023-06-06,
105271,2024-01-31,
105272,2024-11-30,
105273,2023-07-02,
105274,2023-11-02,
105275,2024-09-26,
105276,2023-11-08,130
105277,2024-06-20,117
105278,2025-03-04,
105279,2025-05-11,262
105280,2024-07-30,
105281,2023-05-08,
105282,2024-04-15,287
105283,2023-05-31,
105284,2023-11-13,
105285,2023-11-19,
105286,2023-04-19,
105287,2024-02-16,
105288,2024-07-11,
105289,2023-03-27,
105290,2025-03-11,
105291,2023-08-15,
105292,2023-08-28,
105293,2022-12-31,
105294,2025-03-12,
105295,2024-05-30,
105296,2025-04-08,
105297,2025-06-09,2
105298,2023-06-26,17
105299,2025-03-28,
105300,2023-09-24,
105301,2024-04-23,
105302,2023-08-31,262
105303,2023-10-21,
105304,2023-10-07,246
105305,2024-12-29,
105306,2024-02-01,
105307,2024-08-18,
105308,2024-06-03,63
105309,2025-05-12,
105310,2023-04-19,
105311,2025-06-09,
105312,2024-05-23,
105313,2023-06-15,
105314,2024-11-18,
105315,2023-09-23,
105316,2024-10-19,
105317,2024-08-04,231
105318,2024-02-04,
105319,2025-01-21,
105320,2024-11-26,
105321,2023-07-26,
105322,2024-03-17,213
105323,2023-09-30,
105324,2024-04-15,
105325,2025-02-02,236
105326,2023-07-28,
105327,2024-10-23,
105328,2025-03-17,
105329,2023-09-01,60
105330,2023-09-28,
105331,2024-11-12,84
105332,2024-03-08,325
105333,2024-12-18,
105334,2024-01-29,
105335,2025-01-07,
105336,2023-08-09,
105337,2024-12-25,151
105338,2023-05-17,61
105339,2025-02-15,
105340,2023-07-22,
105341,2024-03-27,
105342,2023-12-27,
105343,2023-02-15,300
105344,2025-02-26,334
105345,2024-11-24,
105346,2023-10-24,
105347,2024-12-10,
105348,2024-10-13,
105349,2023-03-05,366
105350,2023-03-26,
105351,2024-07-30,148
105352,2023-07-05,
105353,2024-07-27,129
105354,2024-10-04,
105355,2024-12-01,
105356,2024-04-15,
105357,2024-06-26,339
105358,2024-03-24,
105359,2024-02-12,
105360,2023-05-19,
105361,2025-01-30,
105362,2024-06-15,
105363,2023-02-08,
105364,2023-03-03,
105365,2024-12-14,
105366,2025-05-13,
105367,2024-05-13,
105368,2024-10-08,
105369,2024-12-08,
105370,2023-07-06,
105371,2025-03-11,
105372,2023-02-06,
105373,2024-12-08,38
105374,2024-08-13,
105375,2024-05-29,
105376,2023-07-18,
105377,2024-02-11,
105378,2025-01-10,
105379,2023-02-07,
105380,2024-04-13,104
105381,2023-05-04,
105382,2024-08-30,
105383,2024-10-06,
105384,2024-11-20,
105385,2023-11-28,290
105386,2023-02-22,
105387,2024-05-13,
105388,2023-09-20,
105389,2025-03-09,
105390,2023-08-02,
105391,2024-09-27,
105392,2023-10-04,
105393,2023-01-29,
105394,2025-05-27,
105395,2024-07-16,
105396,2023-03-26,178
105397,2024-09-06,
105398,2025-03-10,
105399,2024-05-13,
105400,2023-12-02,
105401,2024-01-26,
105402,2023-09-29,
105403,2025-01-12,
105404,2024-04-01,43
105405,2023-11-23,
105406,2023-02-25,
105407,2024-12-07,
105408,2024-07-17,
105409,2023-11-29,
105410,2023-03-11,357
105411,2025-03-24,
105412,2023-12-20,
105413,2024-03-22,
105414,2023-01-26,
105415,2025-05-18,
105416,2024-06-03,228
105417,2023-04-15,
105418,2025-05-09,40
105419,2024-03-25,
105420,2023-01-10,
105421,2023-04-01,
105422,2025-02-07,
105423,2023-11-26,
105424,2023-09-08,
105425,2024-10-15,
105426,2023-08-28,
105427,2023-02-14,
105428,2025-04-01,
105429,2024-12-27,
105430,2025-04-17,
105431,2025-01-28,
105432,2024-05-14,
105433,2024-04-28,
105434,2024-04-10,
105435,2024-10-01,
105436,2025-04-06,
105437,2024-02-24,
105438,2024-12-06,
105439,2025-05-21,
105440,2023-09-14,
105441,2024-03-22,
105442,2023-02-07,271
105443,2023-07-30,154
105444,2025-02-26,
105445,2025-01-07,
105446,2023-07-28,
105447,2025-02-14,
105448,2024-06-17,173
105449,2023-03-16,
105450,2024-11-02,
105451,2023-09-01,
105452,2023-08-24,
105453,2023-06-09,
105454,2023-11-17,
105455,2023-02-10,
105456,2023-12-26,40
105457,2023-08-23,
105458,2025-03-15,
105459,2023-09-07,65
105460,2024-01-19,
105461,2023-12-13,
105462,2025-02-13,
105463,2023-04-21,
105464,2023-11-13,
105465,2024-12-18,
105466,2024-06-04,
105467,2025-05-23,
105468,2023-04-27,
105469,2024-07-30,
105470,2024-03-26,
105471,2023-12-25,151
105472,2024-06-08,
105473,2024-01-30,
105474,2025-05-31,
105475,2023-07-01,
105476,2024-10-17,66
105477,2023-02-23,
105478,2024-06-04,
105479,2024-01-17,
105480,2024-10-30,
105481,2024-02-27,
105482,2023-05-08,234
105483,2024-02-22,
105484,2023-10-02,
105485,2024-04-14,
105486,2024-02-21,
105487,2025-04-17,
105488,2024-09-18,
105489,2025-05-26,
105490,2024-08-07,
105491,2024-01-24,74
105492,2024-02-09,
105493,2023-05-26,
105494,2023-06-08,24
105495,2024-04-09,
105496,2025-05-22,
105497,2024-12-09,
105498,2023-08-08,
105499,2025-01-18,
105500,2024-08-31,
105501,2024-12-22,129
105502,2024-12-22,
105503,2023-09-12,
105504,2025-01-06,197
105505,2023-07-31,
105506,2025-02-15,
105507,2023-02-07,
105508,2024-06-08,
105509,2024-02-06,46
105510,2024-06-04,328
105511,2024-10-29,
105512,2024-06-23,
105513,2022-12-29,137
105514,2024-12-29,
105515,2023-09-22,
105516,2025-01-27,
105517,2023-11-17,
105518,2025-01-03,
105519,2024-06-03,
105520,2023-08-05,
105521,2023-12-26,
105522,2025-05-04,
105523,2025-04-05,
105524,2023-03-02,
105525,2024-07-31,
105526,2023-09-09,
105527,2023-08-10,
105528,2024-12-26,
105529,2024-03-07,
105530,2025-01-24,293
105531,2022-12-31,
105532,2023-01-09,
105533,2023-11-04,
105534,2023-07-21,243
105535,2023-12-23,
105536,2024-07-18,
105537,2024-09-01,281
105538,2024-09-09,
105539,2025-02-12,306
105540,2023-02-25,
105541,2024-05-26,
105542,2024-10-17,
105543,2023-02-20,
105544,2024-09-19,
105545,2024-09-09,
105546,2025-01-02,163
105547,2024-11-24,
105548,2023-12-15,
105549,2024-02-16,
105550,2025-02-10,
105551,2024-11-21,
105552,2024-04-02,
105553,2024-09-17,
105554,2025-02-19,
105555,2023-08-02,
105556,2024-07-30,204
105557,2024-12-05,
105558,2023-01-13,
105559,2025-04-21,
105560,2023-04-25,
105561,2024-06-28,
105562,2024-04-26,
105563,2023-02-26,
105564,2023-09-09,
105565,2023-08-23,
105566,2024-08-12,
105567,2025-05-08,
105568,2025-03-27,
105569,2025-02-07,172
105570,2024-10-05,
105571,2025-03-24,52
105572,2024-05-31,
105573,2025-03-28,
105574,2024-03-13,
105575,2024-03-18,
105576,2025-05-14,
105577,2024-02-08,
105578,2024-10-26,
105579,2025-01-16,
105580,2025-01-12,
105581,2024-11-30,
105582,2024-12-31,
105583,2023-02-28,
105584,2025-03-02,
105585,2024-05-08,
105586,2023-04-14,
105587,2024-07-14,
105588,2024-02-22,244
105589,2024-03-12,
105590,2024-06-02,
105591,2024-04-05,
105592,2024-07-07,330
105593,2024-11-20,
105594,2024-02-27,314
105595,2025-01-24,
105596,2023-01-18,
105597,2024-08-19,
105598,2024-07-16,
105599,2025-01-17,
105600,2023-02-08,168
105601,2023-06-22,274
105602,2024-01-03,
105603,2025-01-05,
105604,2025-01-06,
105605,2023-09-18,
105606,2023-08-24,359
105607,2024-08-30,
105608,2023-07-04,
105609,2023-12-05,
105610,2024-10-28,
105611,2023-02-10,
105612,2025-02-23,
105613,2023-07-27,
105614,2024-03-29,
105615,2024-07-05,
105616,2025-04-24,
105617,2023-09-08,
105618,2024-06-17,
105619,2023-10-03,
105620,2025-04-22,
105621,2024-12-04,188
105622,2023-07-16,
105623,2025-01-12,395
105624,2023-05-12,
105625,2023-05-10,
105626,2023-08-22,
105627,2023-06-09,
105628,2023-12-15,
105629,2023-09-20,
105630,2023-09-19,283
105631,2025-04-04,
105632,2023-04-10,
105633,2025-01-15,350
105634,2023-04-30,
105635,2024-10-29,
105636,2023-03-02,
105637,2025-02-17,
105638,2024-11-12,132
105639,2024-11-18,
105640,2023-07-05,
105641,2023-02-06,
105642,2024-10-05,
105643,2023-09-16,
105644,2023-06-24,
105645,2023-07-27,
105646,2024-10-19,
105647,2025-05-29,
105648,2023-10-01,
105649,2024-02-18,
105650,2024-03-29,
105651,2023-10-28,
105652,2025-02-04,
105653,2024-02-24,
105654,2025-01-17,
105655,2024-04-10,
105656,2024-12-11,
105657,2024-05-08,130
105658,2025-01-09,
105659,2024-03-10,
105660,2024-05-13,230
105661,2024-03-24,
105662,2023-05-28,
105663,2025-04-13,83
105664,2023-02-04,
105665,2025-02-07,
105666,2025-03-21,
105667,2023-06-02,
105668,2024-11-23,85
105669,2024-06-24,
105670,2023-02-16,110
105671,2023-11-02,
105672,2024-06-03,
105673,2024-04-01,
105674,2023-02-13,
105675,2024-02-01,
105676,2024-07-24,
105677,2024-07-17,
105678,2024-09-04,209
105679,2023-07-25,
105680,2024-02-29,
105681,2023-12-18,
105682,2023-12-24,16
105683,2023-08-16,368
105684,2025-01-14,
105685,2024-10-14,249
105686,2023-08-09,133
105687,2023-02-22,365
105688,2025-04-22,
105689,2025-05-30,350
105690,2024-07-22,
105691,2023-07-03,256
105692,2024-11-18,
105693,2024-12-07,
105694,2024-04-05,
105695,2023-08-16,
105696,2024-11-06,
105697,2023-01-01,
105698,2023-08-26,
105699,2024-05-29,
105700,2025-01-26,248
105701,2024-07-08,
105702,2024-11-11,
105703,2024-07-05,
105704,2024-07-16,314
105705,2023-03-02,
105706,2023-12-25,
105707,2024-09-15,
105708,2023-12-01,
105709,2024-08-14,
105710,2024-01-27,
105711,2023-03-12,351
105712,2023-08-19,
105713,2023-10-31,363
105714,2024-10-08,
105715,2025-01-14,
105716,2025-05-09,
105717,2025-06-01,
105718,2024-05-31,
105719,2023-09-01,
105720,2023-03-22,
105721,2023-12-10,
105722,2025-06-01,75
105723,2024-12-29,
105724,2023-01-19,
105725,2023-08-29,
105726,2024-05-03,
105727,2023-03-24,
105728,2023-11-15,
105729,2023-06-03,19
105730,2025-01-08,
105731,2025-05-13,
105732,2024-01-31,
105733,2025-03-30,314
105734,2022-12-30,
105735,2024-12-13,
105736,2023-06-02,151
105737,2024-03-14,
105738,2024-04-28,
105739,2024-12-31,
105740,2024-05-13,
105741,2023-09-19,
105742,2025-03-06,
105743,2023-08-09,
105744,2025-05-18,
105745,2023-12-13,
105746,2023-07-29,
105747,2024-02-07,186
105748,2025-03-23,
105749,2024-07-11,
105750,2023-12-02,
105751,2023-08-28,
105752,2024-07-27,
105753,2024-06-15,
105754,2024-03-08,
105755,2025-05-08,
105756,2023-01-10,137
105757,2023-08-04,46
105758,2023-02-03,
105759,2025-04-25,
105760,2024-03-09,
105761,2025-04-29,
105762,2023-06-05,
105763,2023-08-31,
105764,2023-06-04,
105765,2025-05-27,
105766,2024-11-30,
105767,2024-03-22,
105768,2025-03-01,
105769,2023-10-22,
105770,2024-02-03,183
105771,2024-12-08,
105772,2024-08-30,
105773,2024-11-23,
105774,2024-03-25,
105775,2023-07-14,
105776,2023-08-23,
105777,2025-02-10,18
105778,2024-06-17,
105779,2025-05-20,
105780,2023-01-31,
105781,2023-07-05,
105782,2023-03-04,
105783,2025-02-11,
105784,2025-03-27,
105785,2023-08-26,
105786,2023-08-01,
105787,2023-11-08,
105788,2023-09-06,
105789,2022-12-28,
105790,2024-06-27,
105791,2024-01-15,
105792,2023-06-27,
105793,2024-09-27,
105794,2025-06-02,
105795,2024-06-30,
105796,2025-01-27,
105797,2025-05-09,
105798,2024-10-13,
105799,2024-07-24,
105800,2024-07-05,
105801,2024-03-07,
105802,2024-05-29,228
105803,2023-03-28,
105804,2023-07-11,
105805,2022-12-28,
105806,2023-02-17,
105807,2024-11-24,
105808,2024-03-17,
105809,2024-02-04,
105810,2023-03-04,
105811,2024-02-05,
105812,2025-02-14,
105813,2025-03-12,
105814,2023-05-08,
105815,2024-12-06,
105816,2023-12-01,
105817,2024-01-13,
105818,2024-06-15,
105819,2023-07-23,
105820,2023-09-05,218
105821,2024-02-21,
105822,2025-04-18,
105823,2024-06-25,172
105824,2023-07-14,
105825,2023-06-27,156
105826,2025-06-03,
105827,2024-08-18,54
105828,2023-09-12,
105829,2023-10-03,
105830,2023-05-13,
105831,2024-01-19,
105832,2024-03-15,
105833,2024-01-24,
105834,2024-05-25,
105835,2024-12-04,
105836,2023-02-20,
105837,2025-01-16,
105838,2024-05-17,
105839,2025-01-21,
105840,2024-11-26,
105841,2024-09-09,
105842,2025-03-08,
105843,2024-11-26,
105844,2023-09-25,
105845,2025-06-06,
105846,2025-03-09,
105847,2023-02-08,
105848,2024-12-14,282
105849,2024-01-05,
105850,2025-04-20,
105851,2024-08-26,
105852,2024-01-27,142
105853,2023-03-18,
105854,2025-06-08,
105855,2024-10-06,
105856,2024-12-24,
105857,2023-01-26,
105858,2023-11-16,
105859,2025-05-02,
105860,2023-02-15,
105861,2023-04-18,
105862,2023-12-08,
105863,2025-05-12,
105864,2024-04-04,248
105865,2023-06-24,
105866,2023-11-06,133
105867,2024-03-10,
105868,2025-04-22,
105869,2024-09-20,
105870,2024-07-19,292
105871,2023-01-15,289
105872,2025-03-05,
105873,2025-01-29,
105874,2024-01-12,
105875,2024-11-11,
105876,2023-09-06,
105877,2025-02-16,
105878,2024-08-05,
105879,2024-06-25,
105880,2024-06-05,
105881,2023-01-05,
105882,2023-06-26,
105883,2024-12-18,
105884,2024-05-07,
105885,2023-03-02,
105886,2024-07-20,232
105887,2025-04-20,30
105888,2023-07-10,347
105889,2023-10-16,
105890,2023-06-28,381
105891,2023-03-21,
105892,2024-01-17,
105893,2024-10-22,
105894,2023-01-05,241
105895,2023-09-18,54
105896,2024-01-19,
105897,2023-08-26,
105898,2023-10-27,
105899,2024-11-24,20
105900,2023-02-06,
105901,2023-03-31,147
105902,2024-02-14,
105903,2023-02-20,195
105904,2025-04-20,
105905,2023-05-11,
105906,2023-06-28,
105907,2024-10-16,
105908,2023-01-17,
105909,2023-12-23,
105910,2024-09-10,
105911,2024-04-27,357
105912,2024-06-29,
105913,2024-02-16,
105914,2024-12-06,7
105915,2024-06-11,
105916,2024-01-15,
105917,2024-10-19,
105918,2025-01-02,
105919,2024-07-19,
105920,2025-04-11,
105921,2023-09-15,
105922,2023-10-08,
105923,2025-01-03,
105924,2024-11-15,235
105925,2024-10-08,
105926,2023-08-13,91
105927,2025-02-05,
105928,2025-04-09,
105929,2024-06-21,
105930,2025-05-20,
105931,2024-12-01,
105932,2025-04-29,
105933,2024-10-12,
105934,2024-02-20,
105935,2025-03-07,
105936,2024-10-31,
105937,2024-01-18,
105938,2023-02-04,256
105939,2023-01-19,
105940,2024-03-15,
105941,2024-05-01,
105942,2024-03-25,
105943,2023-12-25,
105944,2024-11-01,223
105945,2025-03-08,
105946,2024-01-03,
105947,2024-05-03,
105948,2023-06-22,
105949,2023-01-31,
105950,2025-03-05,
105951,2024-03-03,
105952,2023-03-29,
105953,2024-12-31,154
105954,2024-10-16,83
105955,2024-08-16,
105956,2023-08-17,
105957,2025-05-22,
105958,2023-01-29,278
105959,2023-10-19,
105960,2024-01-07,
105961,2024-03-06,
105962,2024-03-05,
105963,2024-09-17,
105964,2024-07-09,
105965,2025-05-20,
105966,2023-06-12,118
105967,2023-07-05,
105968,2023-06-15,
105969,2025-03-07,
105970,2024-04-23,
105971,2024-09-02,
105972,2023-10-27,
105973,2025-04-09,
105974,2024-08-18,
105975,2023-04-30,81
105976,2025-05-26,
105977,2024-11-10,274
105978,2023-05-20,
105979,2023-12-22,
105980,2023-06-11,
105981,2025-05-06,
105982,2023-02-26,114
105983,2025-01-30,372
105984,2024-09-19,
105985,2024-06-03,
105986,2023-09-13,
105987,2024-09-06,
105988,2024-02-21,237
105989,2023-03-25,348
105990,2025-03-16,
105991,2023-09-25,132
105992,2023-11-21,
105993,2025-02-09,
105994,2023-01-14,293
105995,2023-02-11,
105996,2024-10-04,315
105997,2025-01-12,
105998,2023-09-02,
105999,2024-08-21,
106000,2024-03-06,
106001,2025-04-10,
106002,2025-04-07,
106003,2023-12-06,118
106004,2023-01-16,
106005,2024-12-29,
106006,2023-05-08,
106007,2023-08-07,
106008,2025-03-13,
106009,2024-08-16,
106010,2024-10-29,
106011,2024-05-24,
106012,2024-09-21,
106013,2023-02-25,
106014,2023-03-10,
106015,2024-11-18,
106016,2023-11-15,169
106017,2024-08-04,129
106018,2023-07-03,
106019,2024-06-28,
106020,2023-01-20,
106021,2023-08-19,
106022,2023-11-16,
106023,2023-08-27,
106024,2025-04-10,
106025,2023-03-13,
106026,2024-12-04,
106027,2023-04-15,
106028,2024-07-02,
106029,2025-01-31,
106030,2025-02-06,
106031,2023-10-06,
106032,2025-01-16,
106033,2024-05-08,
106034,2025-06-08,122
106035,2024-08-19,
106036,2023-12-21,265
106037,2024-12-04,
106038,2023-01-23,
106039,2024-08-13,
106040,2023-07-06,
106041,2023-03-22,
106042,2023-09-18,
106043,2025-03-13,
106044,2024-01-26,
106045,2023-11-16,
106046,2024-02-28,
106047,2024-01-25,
106048,2023-01-01,
106049,2023-01-06,
106050,2023-06-24,
106051,2025-03-13,
106052,2024-10-09,
106053,2024-06-11,
106054,2023-06-13,
106055,2025-06-10,187
106056,2024-10-19,
106057,2024-08-28,
106058,2024-03-22,
106059,2024-12-03,
106060,2023-09-17,
106061,2023-04-04,
106062,2023-01-28,
106063,2023-08-17,
106064,2025-01-27,
106065,2024-06-05,
106066,2023-08-08,301
106067,2023-11-11,
106068,2023-11-16,
106069,2023-04-22,
106070,2024-09-12,274
106071,2025-01-01,
106072,2023-01-05,
106073,2023-04-15,169
106074,2024-10-12,
106075,2024-10-04,199
106076,2023-07-29,
106077,2024-12-08,359
106078,2023-02-15,282
106079,2024-05-22,
106080,2024-06-30,
106081,2023-02-17,
106082,2023-12-18,
106083,2023-09-26,
106084,2025-01-08,
106085,2023-10-16,
106086,2023-03-21,
106087,2023-05-24,119
106088,2024-12-29,
106089,2024-09-05,
106090,2023-09-03,
106091,2023-01-21,
106092,2023-12-31,89
106093,2023-02-19,
106094,2024-11-16,
106095,2025-02-08,
106096,2024-12-30,
106097,2023-07-12,
106098,2023-11-19,
106099,2024-11-02,
106100,2023-01-01,
106101,2023-12-14,
106102,2024-02-09,
106103,2023-12-08,143
106104,2024-04-02,
106105,2025-05-28,
106106,2023-10-28,
106107,2023-09-05,
106108,2024-09-12,
106109,2023-04-14,
106110,2023-08-21,397
106111,2023-05-20,
106112,2023-08-14,
106113,2025-03-16,40
106114,2023-05-28,344
106115,2025-04-20,
106116,2023-08-06,
106117,2024-02-21,
106118,2025-02-12,395
106119,2024-03-14,
106120,2024-10-24,
106121,2023-08-07,85
106122,2025-02-14,
106123,2024-04-04,
106124,2023-06-20,
106125,2025-01-31,41
106126,2023-09-18,203
106127,2023-02-19,
106128,2023-02-13,
106129,2024-11-16,71
106130,2023-08-15,
106131,2023-08-05,
106132,2024-01-02,
106133,2025-01-25,
106134,2025-05-31,139
106135,2023-10-26,
106136,2023-04-29,
106137,2024-01-30,
106138,2025-03-07,
106139,2024-10-31,
106140,2023-03-29,
106141,2023-12-11,187
106142,2024-07-18,
106143,2025-01-04,58
106144,2023-03-09,
106145,2023-05-03,
106146,2023-06-28,114
106147,2024-01-21,
106148,2023-07-25,
106149,2025-05-20,10
106150,2023-02-09,
106151,2023-04-08,
106152,2023-08-18,
106153,2023-10-24,
106154,2023-08-25,
106155,2024-11-30,
106156,2023-04-17,
106157,2024-08-02,
106158,2024-11-09,
106159,2025-02-07,
106160,2024-02-09,
106161,2024-09-12,
106162,2025-02-22,
106163,2025-02-05,
106164,2022-12-29,
106165,2024-02-14,
106166,2025-05-03,
106167,2023-04-25,
106168,2023-10-21,395
106169,2023-04-13,
106170,2024-10-02,
106171,2023-07-04,
106172,2025-03-25,
106173,2024-11-23,
106174,2025-04-10,
106175,2024-01-22,220
106176,2025-01-26,309
106177,2023-03-11,
106178,2023-05-08,251
106179,2023-05-14,83
106180,2024-01-19,350
106181,2023-05-31,
106182,2024-12-06,
106183,2023-09-28,
106184,2023-01-26,
106185,2023-03-26,
106186,2023-02-17,
106187,2024-01-05,
106188,2023-03-11,
106189,2023-01-15,
106190,2023-10-23,
106191,2023-03-04,184
106192,2023-04-23,274
106193,2025-01-19,
106194,2025-04-23,
106195,2023-10-29,304
106196,2024-10-05,
106197,2023-01-06,
106198,2025-04-02,149
106199,2024-06-10,
106200,2024-09-04,
106201,2024-12-12,
106202,2023-06-18,
106203,2023-03-31,
106204,2024-12-09,
106205,2025-05-23,
106206,2024-01-02,283
106207,2023-10-05,
106208,2023-11-29,
106209,2023-10-11,
106210,2023-06-12,
106211,2025-05-13,
106212,2023-05-21,
106213,2024-08-25,382
106214,2024-08-28,
106215,2023-06-17,
106216,2023-09-09,
106217,2024-08-08,
106218,2024-08-07,
106219,2023-11-30,378
106220,2025-01-07,
106221,2024-09-29,
106222,2023-12-12,280
106223,2024-05-03,
106224,2024-10-10,
106225,2024-08-12,
106226,2023-04-22,
106227,2023-08-11,
106228,2024-07-11,354
106229,2024-01-11,
106230,2024-07-12,
106231,2025-03-17,
106232,2023-12-10,
106233,2023-08-29,
106234,2023-08-03,189
106235,2023-08-22,
106236,2024-04-16,
106237,2024-11-04,
106238,2023-10-15,
106239,2024-08-01,
106240,2023-12-11,
106241,2025-03-29,
106242,2024-12-22,
106243,2023-03-22,
106244,2023-04-09,
106245,2024-06-01,
106246,2024-11-05,135
106247,2024-03-15,
106248,2025-06-06,
106249,2023-11-07,
106250,2024-07-23,
106251,2023-12-19,
106252,2023-06-25,
106253,2024-12-12,
106254,2024-06-25,
106255,2024-02-24,
106256,2024-06-18,
106257,2024-10-31,
106258,2023-10-22,
106259,2024-11-29,239
106260,2023-04-03,
106261,2023-09-14,
106262,2025-05-23,
106263,2023-07-20,
106264,2025-03-04,
106265,2023-05-17,
106266,2023-01-01,
106267,2025-01-19,
106268,2023-08-15,
106269,2025-01-24,
106270,2024-06-24,375
106271,2023-05-06,
106272,2023-08-12,
106273,2023-03-22,
106274,2024-11-26,
106275,2023-10-04,
106276,2024-03-30,
106277,2023-04-21,
106278,2023-07-19,209
106279,2025-02-27,
106280,2024-10-06,
106281,2024-03-03,
106282,2023-07-02,54
106283,2025-03-03,
106284,2023-07-16,205
106285,2023-06-08,
106286,2024-01-09,
106287,2023-11-26,
106288,2024-02-24,
106289,2025-05-16,
106290,2023-01-06,
106291,2023-03-19,
106292,2025-03-12,
106293,2023-03-29,
106294,2025-02-01,
106295,2024-12-17,
106296,2024-09-26,
106297,2024-11-22,
106298,2023-12-25,
106299,2023-10-18,
106300,2024-01-25,
106301,2025-05-23,
106302,2023-04-23,
106303,2024-10-20,
106304,2023-07-20,
106305,2023-02-21,
106306,2023-02-23,
106307,2023-11-08,
106308,2024-09-30,240
106309,2024-08-06,
106310,2024-01-15,
106311,2024-01-26,
106312,2023-02-21,
106313,2023-08-30,192
106314,2023-08-26,
106315,2025-01-14,
106316,2025-01-05,
106317,2023-12-09,
106318,2023-11-18,
106319,2024-02-09,15
106320,2023-05-22,
106321,2025-02-09,
106322,2025-01-30,177
106323,2024-08-24,
106324,2024-11-18,
106325,2023-04-28,
106326,2024-02-04,157
106327,2024-12-24,
106328,2024-12-27,
106329,2025-03-12,
106330,2024-09-13,
106331,2023-12-26,
106332,2023-08-02,
106333,2024-02-13,
106334,2024-02-14,
106335,2023-01-08,328
106336,2024-03-05,
106337,2023-09-07,
106338,2023-02-04,
106339,2023-01-24,109
106340,2024-05-10,
106341,2023-10-14,
106342,2024-07-30,
106343,2025-03-04,
106344,2025-05-08,
106345,2023-12-24,358
106346,2023-09-12,
106347,2024-10-28,
106348,2024-11-23,
106349,2023-12-12,
106350,2025-01-19,
106351,2024-06-09,378
106352,2025-03-19,
106353,2023-06-11,
106354,2023-07-23,
106355,2023-02-25,
106356,2024-01-01,135
106357,2023-09-28,
106358,2025-06-07,
106359,2025-06-02,
106360,2024-03-14,
106361,2024-08-08,
106362,2024-03-05,340
106363,2025-05-16,
106364,2024-05-25,
106365,2025-01-23,
106366,2024-09-11,
106367,2023-09-05,
106368,2025-06-09,238
106369,2024-07-20,98
106370,2024-06-23,
106371,2023-08-02,
106372,2024-06-28,
106373,2024-08-09,264
106374,2024-04-03,
106375,2023-07-16,
106376,2023-03-29,
106377,2023-05-30,
106378,2023-11-08,
106379,2023-02-03,
106380,2023-08-17,
106381,2024-10-09,
106382,2023-04-23,
106383,2023-10-19,
106384,2023-02-13,
106385,2024-02-04,
106386,2024-06-28,
106387,2024-01-24,
106388,2024-01-09,
106389,2025-01-03,
106390,2024-09-03,
106391,2025-03-26,
106392,2024-01-24,
106393,2024-02-13,
106394,2024-09-04,
106395,2023-11-27,6
106396,2024-11-24,
106397,2025-05-10,
106398,2024-02-05,
106399,2025-06-05,
106400,2025-02-18,340
106401,2024-05-19,
106402,2024-07-09,
106403,2025-05-23,
106404,2025-05-22,
106405,2024-08-22,
106406,2025-06-05,
106407,2025-01-24,65
106408,2024-12-23,
106409,2024-03-30,
106410,2023-05-01,101
106411,2023-06-03,299
106412,2023-05-30,
106413,2023-05-12,
106414,2023-03-24,
106415,2023-01-31,
106416,2023-03-02,
106417,2025-04-27,
106418,2023-01-30,
106419,2024-03-04,
106420,2024-11-28,
106421,2023-03-13,
106422,2024-07-05,144
106423,2024-06-03,243
106424,2024-05-27,
106425,2025-02-04,
106426,2025-02-09,186
106427,2025-03-25,
106428,2025-05-27,
106429,2024-12-26,
106430,2024-04-13,
106431,2024-07-15,
106432,2024-02-14,
106433,2024-12-21,
106434,2024-08-01,
106435,2023-02-19,
106436,2024-12-18,
106437,2023-08-05,
106438,2025-02-26,37
106439,2025-02-04,
106440,2024-11-14,
106441,2024-12-20,
106442,2025-03-28,
106443,2023-12-27,
106444,2023-01-07,
106445,2024-03-02,
106446,2024-07-22,
106447,2025-02-25,
106448,2024-01-05,
106449,2024-12-27,
106450,2023-02-22,
106451,2023-09-23,294
106452,2023-07-30,
106453,2024-05-26,
106454,2024-04-21,
106455,2023-07-16,
106456,2024-05-25,
106457,2024-05-15,
106458,2024-08-23,
106459,2024-02-19,
106460,2024-03-18,
106461,2024-11-01,325
106462,2023-01-23,
106463,2024-08-10,
106464,2023-09-20,271
106465,2023-12-09,
106466,2024-12-17,
106467,2024-06-21,
106468,2025-06-02,398
106469,2025-06-06,
106470,2024-12-15,
106471,2023-10-31,
106472,2024-08-08,
106473,2024-05-31,
106474,2024-10-26,
106475,2024-08-01,
106476,2024-05-10,
106477,2024-12-01,
106478,2023-03-13,
106479,2024-12-01,
106480,2024-12-25,
106481,2023-10-21,51
106482,2023-11-24,
106483,2023-04-04,181
106484,2024-11-26,
106485,2024-08-18,
106486,2023-04-06,
106487,2024-04-16,
106488,2024-04-11,
106489,2025-04-06,
106490,2023-02-07,
106491,2024-10-19,
106492,2024-07-22,
106493,2024-01-23,
106494,2024-07-18,25
106495,2025-01-26,
106496,2024-12-13,105
106497,2024-02-05,
106498,2023-02-07,
106499,2024-04-15,
106500,2023-10-30,
106501,2023-03-10,279
106502,2023-12-14,
106503,2024-04-19,
106504,2024-09-01,
106505,2024-05-14,
106506,2024-02-05,398
106507,2025-06-04,
106508,2025-02-28,
106509,2024-07-24,
106510,2024-03-30,
106511,2025-03-14,
106512,2024-01-03,
106513,2024-07-14,
106514,2024-12-05,
106515,2024-04-19,
106516,2023-07-15,216
106517,2024-11-07,
106518,2025-06-05,6
106519,2024-02-20,
106520,2023-01-16,
106521,2024-07-21,
106522,2024-05-24,
106523,2023-11-29,
106524,2024-06-23,
106525,2023-03-13,
106526,2023-06-12,
106527,2023-04-03,
106528,2023-10-16,288
106529,2023-02-06,160
106530,2024-12-25,
106531,2024-08-03,
106532,2023-03-08,
106533,2024-07-27,
106534,2024-12-25,129
106535,2024-11-02,
106536,2024-08-23,
106537,2023-04-04,
106538,2023-05-17,
106539,2025-01-29,
106540,2025-01-04,
106541,2024-05-04,
106542,2024-04-21,
106543,2023-01-29,
106544,2023-07-28,
106545,2023-06-16,
106546,2024-10-06,
106547,2024-01-23,110
106548,2024-04-02,
106549,2024-06-15,
106550,2022-12-28,
106551,2025-05-21,
106552,2024-10-16,
106553,2024-02-03,
106554,2023-04-18,
106555,2023-02-11,
106556,2025-01-10,
106557,2023-12-29,112
106558,2024-03-23,
106559,2025-04-06,
106560,2023-08-08,
106561,2024-03-11,
106562,2025-04-16,
106563,2024-12-24,
106564,2025-04-26,
106565,2024-04-22,
106566,2023-02-02,
106567,2023-05-13,
106568,2024-12-05,317
106569,2023-02-21,
106570,2023-04-09,
106571,2023-03-13,95
106572,2024-12-02,
106573,2023-02-04,
106574,2024-09-06,
106575,2024-07-12,140
106576,2024-10-29,
106577,2024-09-02,
106578,2024-04-10,
106579,2024-07-14,
106580,2025-01-20,
106581,2024-07-14,
106582,2025-03-11,
106583,2023-08-12,
106584,2024-04-02,
106585,2024-01-19,
106586,2023-08-19,
106587,2023-10-16,
106588,2025-01-30,
106589,2024-01-23,
106590,2023-12-08,
106591,2024-11-29,
106592,2025-05-05,
106593,2025-01-17,
106594,2024-05-16,165
106595,2024-10-29,124
106596,2024-11-13,
106597,2024-09-21,
106598,2023-02-17,
106599,2023-09-16,
106600,2024-01-16,31
106601,2023-08-27,
106602,2024-12-23,
106603,2023-04-28,
106604,2023-04-01,94
106605,2025-03-30,
106606,2023-04-09,
106607,2023-11-19,
106608,2024-08-27,398
106609,2023-04-23,
106610,2025-05-21,
106611,2025-05-21,283
106612,2024-09-10,
106613,2025-04-08,
106614,2023-10-17,
106615,2024-07-04,
106616,2025-03-05,209
106617,2024-10-15,
106618,2025-04-11,
106619,2023-07-16,
106620,2024-08-22,
106621,2023-04-21,
106622,2024-03-09,
106623,2023-04-11,
106624,2024-06-15,31
106625,2024-05-26,
106626,2024-03-27,
106627,2025-01-21,205
106628,2024-05-26,235
106629,2023-07-09,
106630,2024-06-01,
106631,2024-10-19,
106632,2025-01-30,92
106633,2025-02-09,
106634,2024-04-12,131
106635,2025-02-08,
106636,2023-10-07,
106637,2024-11-22,390
106638,2023-06-24,
106639,2024-10-15,
106640,2022-12-30,
106641,2023-11-25,
106642,2023-11-08,
106643,2024-02-14,
106644,2024-10-04,
106645,2023-02-05,
106646,2023-09-20,
106647,2025-05-04,
106648,2023-09-05,85
106649,2024-11-17,71
106650,2024-02-14,
106651,2025-06-08,
106652,2025-02-22,
106653,2024-05-01,
106654,2024-04-11,256
106655,2023-04-29,
106656,2024-06-19,
106657,2024-01-22,
106658,2023-10-06,
106659,2023-06-24,
106660,2024-07-26,93
106661,2023-03-09,
106662,2024-10-19,
106663,2023-01-21,
106664,2023-11-24,
106665,2024-11-20,
106666,2023-02-19,
106667,2023-02-05,
106668,2023-09-30,
106669,2024-12-01,
106670,2024-05-21,
106671,2023-11-06,
106672,2024-09-25,
106673,2023-10-27,
106674,2024-12-19,
106675,2024-06-19,
106676,2024-05-21,
106677,2025-02-06,
106678,2023-09-23,
106679,2023-11-24,
106680,2025-06-02,18
106681,2023-09-05,
106682,2023-09-08,
106683,2024-10-28,138
106684,2023-10-28,
106685,2024-04-07,
106686,2023-10-16,
106687,2024-10-02,
106688,2023-11-14,151
106689,2025-05-26,
106690,2024-09-14,116
106691,2023-09-08,273
106692,2023-09-06,
106693,2025-03-03,
106694,2024-09-09,
106695,2025-01-18,
106696,2023-01-11,117
106697,2024-09-30,391
106698,2024-02-01,
106699,2025-03-09,
106700,2024-03-25,147
106701,2023-04-29,
106702,2023-04-08,
106703,2025-05-04,
106704,2025-03-29,
106705,2025-01-27,
106706,2025-01-16,
106707,2023-05-06,
106708,2024-11-08,
106709,2023-05-16,
106710,2024-11-07,
106711,2023-04-28,
106712,2025-03-11,
106713,2024-02-16,
106714,2025-06-08,
106715,2023-09-15,
106716,2023-11-22,
106717,2024-01-28,297
106718,2023-01-01,
106719,2025-01-16,317
106720,2025-05-19,
106721,2023-07-21,
106722,2024-06-19,
106723,2024-04-06,
106724,2023-08-28,179
106725,2023-05-24,
106726,2023-03-24,
106727,2023-05-26,337
106728,2023-01-25,
106729,2025-05-06,39
106730,2024-09-14,
106731,2024-10-02,
106732,2025-01-31,
106733,2025-02-18,
106734,2025-03-11,
106735,2023-09-15,
106736,2025-02-19,304
106737,2024-12-15,84
106738,2024-10-08,
106739,2023-07-01,
106740,2024-04-09,
106741,2024-11-02,
106742,2025-04-10,
106743,2023-10-23,310
106744,2024-11-30,
106745,2025-03-17,
106746,2024-05-21,
106747,2023-12-21,
106748,2024-04-14,
106749,2023-02-13,
106750,2023-10-12,
106751,2023-05-03,
106752,2025-05-28,
106753,2023-03-18,
106754,2023-05-05,
106755,2025-04-29,25
106756,2023-06-04,
106757,2023-12-04,
106758,2024-04-24,
106759,2025-01-26,
106760,2024-06-01,
106761,2024-09-29,187
106762,2024-08-14,
106763,2024-11-12,
106764,2023-09-17,
106765,2024-01-25,
106766,2024-07-04,
106767,2024-04-25,
106768,2025-03-19,
106769,2025-05-30,
106770,2025-06-03,377
106771,2024-06-06,
106772,2025-05-22,
106773,2024-08-08,
106774,2023-05-07,
106775,2024-09-24,
106776,2024-10-12,
106777,2024-10-10,
106778,2025-02-25,
106779,2023-11-26,
106780,2023-11-11,
106781,2023-10-29,
106782,2025-04-26,
106783,2024-05-02,291
106784,2025-04-16,
106785,2024-08-02,
106786,2024-06-19,
106787,2023-05-02,
106788,2023-06-09,30
106789,2023-09-19,
106790,2023-08-01,
106791,2023-04-02,43
106792,2023-12-07,
106793,2025-01-16,
106794,2025-02-07,
106795,2023-03-27,161
106796,2024-04-22,
106797,2024-12-22,
106798,2024-06-02,134
106799,2024-05-25,
106800,2025-04-28,333
106801,2023-07-03,
106802,2025-06-07,
106803,2024-07-09,51
106804,2025-04-16,211
106805,2023-02-10,
106806,2024-12-22,
106807,2023-09-30,
106808,2023-08-04,184
106809,2024-05-14,
106810,2023-02-16,
106811,2024-09-13,
106812,2023-09-18,
106813,2025-03-16,60
106814,2024-07-16,
106815,2025-06-05,
106816,2025-04-08,
106817,2023-12-25,
106818,2024-03-09,
106819,2023-05-04,
106820,2024-06-11,
106821,2023-10-14,
106822,2023-08-26,251
106823,2025-05-11,
106824,2025-02-09,
106825,2023-05-28,
106826,2023-10-17,
106827,2023-02-05,
106828,2024-10-30,
106829,2024-02-21,
106830,2023-08-11,
106831,2024-12-25,249
106832,2024-11-27,
106833,2024-12-27,
106834,2023-09-19,
106835,2023-02-25,
106836,2023-11-01,
106837,2023-09-28,54
106838,2023-09-19,274
106839,2023-07-04,
106840,2023-01-04,
106841,2024-02-10,
106842,2024-09-06,
106843,2024-02-11,
106844,2024-09-15,
106845,2024-07-23,
106846,2024-07-24,
106847,2023-11-02,
106848,2023-06-21,
106849,2025-05-29,
106850,2025-05-14,
106851,2023-10-05,
106852,2023-02-19,
106853,2023-11-27,
106854,2023-04-19,154
106855,2025-03-24,
106856,2023-08-12,
106857,2023-11-17,
106858,2023-04-28,
106859,2023-03-31,
106860,2025-05-08,
106861,2023-06-27,136
106862,2023-02-07,
106863,2025-04-30,
106864,2025-05-25,30
106865,2025-03-04,
106866,2024-04-11,
106867,2023-02-22,
106868,2024-01-05,
106869,2024-02-14,
106870,2024-09-05,
106871,2025-02-23,
106872,2023-07-09,
106873,2023-02-15,321
106874,2023-03-05,
106875,2024-07-06,
106876,2025-04-03,
106877,2025-02-10,120
106878,2024-05-03,
106879,2024-10-21,
106880,2025-05-06,
106881,2025-05-29,
106882,2024-06-24,
106883,2023-07-11,
106884,2023-02-25,
106885,2024-07-01,
106886,2023-08-13,
106887,2023-02-02,
106888,2024-06-12,
106889,2024-02-02,
106890,2024-12-23,
106891,2023-01-14,
106892,2024-12-28,
106893,2023-07-24,
106894,2023-01-22,
106895,2023-09-12,
106896,2024-11-18,
106897,2024-02-28,
106898,2024-02-12,
106899,2023-04-13,
106900,2023-06-29,
106901,2024-04-04,
106902,2024-05-05,
106903,2024-08-30,
106904,2023-01-08,218
106905,2023-03-14,82
106906,2023-06-17,
106907,2024-09-18,343
106908,2023-11-06,
106909,2024-01-11,
106910,2023-02-11,
106911,2023-03-26,228
106912,2024-03-10,
106913,2024-10-24,
106914,2023-11-28,
106915,2023-01-21,
106916,2023-09-18,
106917,2023-12-28,
106918,2023-06-30,
106919,2024-07-14,
106920,2023-03-21,
106921,2024-05-16,
106922,2023-03-29,205
106923,2023-01-06,
106924,2024-11-11,
106925,2023-05-05,
106926,2024-11-17,
106927,2024-04-01,
106928,2023-09-14,
106929,2023-01-20,
106930,2024-12-15,
106931,2025-04-05,
106932,2024-01-09,
106933,2024-12-10,
106934,2023-08-27,
106935,2023-08-18,
106936,2023-12-24,
106937,2023-03-30,198
106938,2025-06-06,
106939,2024-11-06,
106940,2024-08-05,
106941,2023-09-11,
106942,2025-05-27,
106943,2024-08-08,
106944,2024-04-11,
106945,2023-02-25,
106946,2023-02-01,
106947,2024-01-15,
106948,2023-09-12,
106949,2023-04-27,
106950,2025-03-27,
106951,2025-04-30,
106952,2023-03-07,122
106953,2024-04-17,
106954,2024-03-03,180
106955,2023-10-17,
106956,2023-01-18,
106957,2023-02-10,
106958,2024-10-25,
106959,2023-11-13,
106960,2024-09-28,
106961,2024-10-26,
106962,2024-12-18,
106963,2024-07-07,
106964,2024-08-04,61
106965,2025-02-13,106
106966,2023-09-08,
106967,2023-03-05,
106968,2023-08-15,
106969,2024-10-05,
106970,2024-08-06,
106971,2024-04-17,
106972,2025-05-26,189
106973,2024-06-18,
106974,2023-06-19,
106975,2024-10-23,
106976,2023-02-15,
106977,2023-10-01,
106978,2024-04-08,
106979,2024-02-19,279
106980,2024-08-17,228
106981,2023-01-22,
106982,2023-11-19,
106983,2024-04-29,
106984,2024-05-06,
106985,2023-07-22,
106986,2024-08-28,230
106987,2024-07-02,
106988,2023-10-20,
106989,2023-10-29,165
106990,2024-04-19,
106991,2024-06-15,
106992,2023-05-30,
106993,2024-03-31,
106994,2022-12-31,221
106995,2024-08-02,
106996,2023-09-06,
106997,2024-01-23,
106998,2023-02-17,
106999,2022-12-29,
107000,2023-09-08,
107001,2023-12-23,54
107002,2025-04-17,
107003,2024-04-14,252
107004,2024-12-13,
107005,2023-04-24,
107006,2025-02-05,
107007,2025-01-26,
107008,2025-04-29,
107009,2024-06-24,
107010,2023-06-16,
107011,2025-06-04,
107012,2023-07-27,
107013,2024-09-18,
107014,2025-05-03,
107015,2025-06-03,
107016,2023-12-25,
107017,2025-03-08,
107018,2025-04-13,2
107019,2023-06-21,
107020,2024-12-25,
107021,2023-09-18,
107022,2025-01-17,
107023,2023-04-08,106
107024,2023-07-16,163
107025,2023-07-06,
107026,2024-10-22,
107027,2024-04-26,
107028,2024-02-04,
107029,2023-01-10,254
107030,2024-04-12,204
107031,2024-03-26,
107032,2023-02-04,
107033,2023-06-09,
107034,2024-08-08,366
107035,2023-01-08,
107036,2023-12-27,
107037,2025-06-08,
107038,2024-08-14,
107039,2025-05-04,223
107040,2025-02-18,
107041,2025-05-14,
107042,2024-12-02,
107043,2025-02-06,
107044,2023-06-27,143
107045,2023-12-29,
107046,2025-02-23,
107047,2023-08-28,
107048,2023-03-11,
107049,2024-02-24,
107050,2025-02-01,
107051,2023-09-11,
107052,2023-07-17,269
107053,2023-10-18,
107054,2024-01-28,
107055,2024-11-18,
107056,2023-05-14,
107057,2024-03-02,
107058,2025-01-15,39
107059,2023-07-02,
107060,2023-10-02,
107061,2024-08-30,
107062,2023-03-07,
107063,2023-10-12,
107064,2023-11-12,44
107065,2024-06-12,
107066,2025-02-22,
107067,2024-10-10,
107068,2024-05-17,240
107069,2024-05-22,
107070,2023-12-24,
107071,2024-08-29,
107072,2024-06-18,
107073,2023-03-12,
107074,2023-11-24,
107075,2024-11-07,
107076,2025-05-17,
107077,2023-12-30,
107078,2023-03-28,
107079,2025-02-02,
107080,2025-02-20,
107081,2024-12-18,
107082,2023-05-23,
107083,2023-11-15,
107084,2023-10-07,
107085,2023-06-28,
107086,2023-08-29,
107087,2025-04-12,
107088,2024-06-17,
107089,2023-04-14,
107090,2024-11-12,
107091,2023-02-11,
107092,2025-01-22,
107093,2024-09-12,
107094,2023-12-01,
107095,2023-10-16,
107096,2023-12-25,
107097,2023-06-01,
107098,2024-11-01,
107099,2024-05-27,
107100,2023-05-21,
107101,2024-03-11,23
107102,2023-03-09,
107103,2023-11-08,
107104,2023-02-21,
107105,2023-04-23,
107106,2023-08-12,
107107,2025-04-17,
107108,2023-07-29,244
107109,2024-12-24,354
107110,2025-01-30,
107111,2025-06-02,
107112,2024-01-15,
107113,2025-04-02,
107114,2023-06-18,
107115,2023-05-08,
107116,2024-10-06,
107117,2025-01-13,
107118,2025-06-04,
107119,2023-01-10,
107120,2023-02-11,
107121,2025-04-18,
107122,2025-05-12,47
107123,2023-10-18,
107124,2023-04-03,
107125,2023-05-29,
107126,2024-06-09,
107127,2023-06-05,
107128,2024-04-12,
107129,2025-01-20,
107130,2025-05-22,
107131,2024-03-10,
107132,2025-02-19,5
107133,2025-01-28,
107134,2023-09-11,
107135,2024-06-24,
107136,2024-08-28,
107137,2024-10-02,
107138,2025-04-16,165
107139,2023-07-19,
107140,2023-07-24,
107141,2024-05-25,
107142,2023-05-08,
107143,2025-03-10,
107144,2023-05-19,
107145,2023-04-05,
107146,2023-01-11,
107147,2025-03-05,
107148,2025-02-06,186
107149,2024-10-21,
107150,2024-09-26,
107151,2023-03-07,
107152,2024-06-23,
107153,2025-05-31,
107154,2024-09-02,
107155,2024-10-14,362
107156,2024-06-24,
107157,2024-07-25,
107158,2023-01-15,
107159,2024-05-20,
107160,2024-04-26,292
107161,2023-09-26,
107162,2023-06-11,
107163,2025-03-03,
107164,2023-10-10,
107165,2024-07-17,
107166,2024-11-29,
107167,2023-06-20,
107168,2024-06-17,
107169,2023-12-09,
107170,2024-07-30,
107171,2024-12-19,
107172,2024-08-13,60
107173,2025-03-02,
107174,2023-12-31,
107175,2025-05-20,
107176,2024-08-06,
107177,2023-10-09,
107178,2024-05-16,300
107179,2024-02-08,
107180,2024-06-03,218
107181,2024-09-05,
107182,2022-12-31,
107183,2023-08-07,
107184,2023-07-13,
107185,2023-11-12,
107186,2024-03-21,395
107187,2023-01-08,
107188,2024-04-08,
107189,2023-01-27,
107190,2024-01-25,175
107191,2023-08-22,
107192,2023-11-30,385
107193,2023-10-20,
107194,2023-04-22,
107195,2023-06-28,320
107196,2023-01-25,
107197,2024-09-14,
107198,2024-08-21,
107199,2025-06-03,
107200,2024-11-09,388
107201,2023-12-30,
107202,2023-09-28,
107203,2025-04-19,
107204,2023-06-17,
107205,2024-08-14,
107206,2025-05-20,
107207,2025-03-12,
107208,2025-04-14,
107209,2023-04-05,
107210,2023-02-14,
107211,2023-04-04,187
107212,2023-01-15,
107213,2023-06-15,
107214,2023-08-15,
107215,2025-03-29,
107216,2024-07-12,
107217,2025-05-03,
107218,2024-10-07,
107219,2023-06-30,261
107220,2023-12-27,
107221,2025-04-06,
107222,2023-06-07,
107223,2023-06-27,
107224,2024-03-02,
107225,2024-03-27,
107226,2024-06-05,
107227,2023-10-30,395
107228,2023-11-07,
107229,2023-08-18,
107230,2023-12-16,
107231,2024-01-08,
107232,2025-05-18,
107233,2023-05-20,
107234,2023-05-27,252
107235,2025-01-26,
107236,2024-01-17,
107237,2023-07-09,
107238,2023-12-17,208
107239,2025-05-13,
107240,2023-09-08,
107241,2024-11-08,
107242,2023-10-03,
107243,2024-03-26,
107244,2024-04-06,
107245,2025-02-27,
107246,2024-12-14,
107247,2023-04-13,
107248,2024-10-30,
107249,2023-04-24,
107250,2024-04-23,
107251,2025-01-12,
107252,2024-09-01,
107253,2023-02-23,
107254,2023-11-16,339
107255,2023-10-05,110
107256,2025-05-14,255
107257,2023-04-17,
107258,2024-08-07,
107259,2023-05-07,
107260,2023-09-13,
107261,2024-07-16,344
107262,2023-10-12,
107263,2023-05-17,303
107264,2023-06-19,
107265,2023-08-27,
107266,2023-12-06,
107267,2023-12-06,
107268,2023-11-17,
107269,2024-12-11,
107270,2023-06-01,303
107271,2023-06-13,185
107272,2024-02-05,
107273,2024-06-08,
107274,2023-08-05,
107275,2023-01-07,
107276,2024-10-11,
107277,2024-06-01,
107278,2024-04-14,59
107279,2024-01-02,337
107280,2025-02-15,
107281,2023-12-16,218
107282,2023-10-02,
107283,2025-01-26,
107284,2023-10-26,185
107285,2024-07-30,
107286,2025-03-19,
107287,2024-02-03,
107288,2023-06-26,359
107289,2024-11-11,190
107290,2025-01-17,199
107291,2023-05-04,
107292,2024-12-31,
107293,2023-03-01,
107294,2023-04-09,
107295,2025-05-30,
107296,2025-02-14,
107297,2024-05-05,
107298,2025-03-02,270
107299,2024-03-06,
107300,2025-01-04,
107301,2024-04-03,101
107302,2024-03-19,165
107303,2024-09-22,352
107304,2024-02-10,115
107305,2023-11-10,
107306,2024-12-18,
107307,2024-06-07,164
107308,2025-05-02,
107309,2023-12-09,
107310,2025-06-06,
107311,2024-10-02,
107312,2023-03-06,
107313,2024-04-30,
107314,2024-03-01,
107315,2024-07-31,
107316,2023-11-11,
107317,2024-09-24,
107318,2024-05-03,
107319,2024-05-12,
107320,2025-01-16,
107321,2024-02-22,
107322,2023-03-25,
107323,2023-02-13,
107324,2025-02-28,
107325,2025-02-21,
107326,2024-08-09,194
107327,2024-10-07,
107328,2024-02-07,
107329,2023-04-12,
107330,2024-07-20,
107331,2025-02-21,
107332,2024-12-20,
107333,2024-12-25,
107334,2023-06-11,
107335,2023-06-20,
107336,2024-06-06,
107337,2023-06-01,
107338,2024-07-15,
107339,2023-08-24,
107340,2023-05-02,
107341,2023-03-06,
107342,2024-06-04,
107343,2024-04-23,286
107344,2023-02-18,95
107345,2025-03-12,107
107346,2023-11-30,1
107347,2025-02-23,
107348,2025-06-09,
107349,2023-09-11,
107350,2023-10-27,
107351,2025-01-08,
107352,2024-06-20,4
107353,2023-09-23,
107354,2023-05-11,
107355,2024-04-23,
107356,2025-02-25,
107357,2023-04-27,
107358,2024-08-30,
107359,2024-07-16,
107360,2023-09-09,
107361,2024-03-04,
107362,2023-04-24,257
107363,2024-01-14,
107364,2025-01-16,
107365,2023-08-18,332
107366,2024-08-19,34
107367,2025-01-30,66
107368,2024-10-04,
107369,2023-02-09,
107370,2024-08-01,
107371,2024-04-29,
107372,2023-01-27,
107373,2024-11-23,
107374,2023-03-30,
107375,2024-08-01,
107376,2024-04-11,
107377,2025-04-26,
107378,2023-09-11,337
107379,2023-09-15,
107380,2025-02-17,
107381,2024-06-13,
107382,2024-06-29,
107383,2023-10-19,
107384,2023-04-12,
107385,2024-10-16,
107386,2024-04-18,
107387,2023-04-16,
107388,2025-03-09,
107389,2024-02-16,
107390,2023-03-27,
107391,2025-05-18,
107392,2023-09-04,
107393,2023-02-04,383
107394,2023-02-15,
107395,2025-05-18,
107396,2023-12-21,
107397,2023-08-05,
107398,2024-11-25,
107399,2023-06-01,
107400,2023-12-07,
107401,2024-08-19,
107402,2024-05-01,
107403,2023-11-23,
107404,2023-08-19,
107405,2024-01-27,94
107406,2023-04-20,
107407,2024-11-11,
107408,2025-05-21,
107409,2025-05-25,
107410,2023-05-18,
107411,2024-07-19,39
107412,2023-08-13,
107413,2023-07-04,
107414,2024-08-14,
107415,2023-07-15,43
107416,2024-08-24,
107417,2024-03-01,
107418,2023-01-29,
107419,2024-10-05,158
107420,2023-03-11,
107421,2025-04-09,
107422,2024-10-24,
107423,2024-04-01,
107424,2024-09-07,
107425,2023-02-08,
107426,2023-12-14,
107427,2023-11-21,
107428,2023-02-15,
107429,2024-07-27,
107430,2023-12-07,55
107431,2025-03-10,
107432,2024-09-03,
107433,2025-05-31,
107434,2023-03-22,36
107435,2025-06-05,
107436,2023-02-01,
107437,2023-06-14,152
107438,2023-05-19,
107439,2023-03-11,163
107440,2023-12-02,
107441,2023-06-16,
107442,2024-03-03,
107443,2025-03-11,
107444,2023-09-13,
107445,2025-05-26,
107446,2023-02-03,
107447,2024-07-11,
107448,2023-12-27,
107449,2022-12-31,
107450,2024-01-14,
107451,2025-02-02,
107452,2024-05-16,
107453,2025-05-13,
107454,2024-04-23,
107455,2025-01-23,
107456,2024-10-13,
107457,2023-12-08,
107458,2024-04-03,
107459,2025-01-22,114
107460,2023-08-28,
107461,2023-08-16,
107462,2024-01-09,
107463,2023-04-28,387
107464,2023-09-17,
107465,2025-01-03,
107466,2023-02-08,
107467,2024-07-13,
107468,2023-06-21,
107469,2023-10-11,1
107470,2024-07-03,
107471,2023-04-08,
107472,2025-04-21,363
107473,2024-11-11,
107474,2023-02-11,
107475,2024-02-14,
107476,2023-11-01,
107477,2025-03-26,
107478,2024-07-07,
107479,2025-03-31,
107480,2024-01-09,99
107481,2024-12-12,
107482,2023-12-04,123
107483,2023-06-06,119
107484,2023-03-24,
107485,2025-03-07,
107486,2025-04-28,
107487,2023-09-27,
107488,2023-02-16,
107489,2023-10-09,
107490,2023-11-12,
107491,2024-03-27,
107492,2024-07-10,22
107493,2024-04-10,
107494,2024-06-10,55
107495,2024-10-03,
107496,2025-05-06,
107497,2024-03-02,
107498,2024-12-15,
107499,2025-02-17,
107500,2024-07-10,
107501,2025-02-22,
107502,2023-04-15,
107503,2023-03-31,
107504,2024-08-24,
107505,2024-11-16,
107506,2025-03-31,
107507,2025-02-25,282
107508,2023-09-07,
107509,2025-01-19,117
107510,2025-03-27,116
107511,2025-02-22,
107512,2022-12-31,
107513,2024-04-30,
107514,2023-05-12,
107515,2024-02-09,
107516,2024-12-10,
107517,2023-04-16,
107518,2025-04-04,
107519,2024-10-15,
107520,2025-06-07,
107521,2025-02-27,
107522,2024-05-22,
107523,2023-10-26,
107524,2024-11-14,263
107525,2023-01-31,
107526,2025-02-24,
107527,2025-04-13,
107528,2024-11-30,
107529,2022-12-30,
107530,2022-12-30,
107531,2023-06-08,
107532,2024-02-23,
107533,2025-05-12,
107534,2025-04-03,
107535,2023-06-04,
107536,2023-03-26,329
107537,2024-05-25,
107538,2023-06-10,
107539,2023-12-09,
107540,2025-04-16,
107541,2024-10-11,
107542,2023-10-23,
107543,2023-12-01,328
107544,2024-05-24,
107545,2023-08-30,
107546,2024-10-17,
107547,2025-06-08,
107548,2023-03-02,
107549,2025-01-07,205
107550,2023-12-17,
107551,2023-07-21,
107552,2023-04-14,
107553,2024-11-23,
107554,2023-09-13,
107555,2024-05-23,
107556,2023-03-19,388
107557,2024-02-24,400
107558,2023-04-25,
107559,2023-10-20,
107560,2024-07-25,
107561,2025-04-17,211
107562,2024-05-26,
107563,2024-10-07,
107564,2023-03-24,
107565,2023-05-07,
107566,2024-05-14,
107567,2024-04-07,
107568,2023-05-20,
107569,2024-06-24,
107570,2024-02-04,36
107571,2024-12-11,
107572,2024-02-11,
107573,2023-07-29,299
107574,2024-02-13,
107575,2024-04-05,
107576,2023-07-27,
107577,2025-01-01,
107578,2023-05-06,
107579,2023-07-07,
107580,2024-05-27,
107581,2023-12-10,
107582,2024-06-22,270
107583,2024-12-22,
107584,2023-06-13,290
107585,2025-05-24,
107586,2023-11-13,
107587,2023-08-20,
107588,2023-04-02,
107589,2025-03-27,
107590,2023-04-04,301
107591,2025-01-17,282
107592,2023-05-25,219
107593,2023-09-25,
107594,2024-11-16,362
107595,2024-05-04,
107596,2025-04-03,
107597,2023-10-13,
107598,2025-01-08,259
107599,2024-07-01,
107600,2023-05-21,
107601,2024-08-04,
107602,2023-12-06,
107603,2025-02-16,
107604,2024-04-01,
107605,2023-11-05,
107606,2024-06-30,
107607,2023-12-12,
107608,2024-12-22,345
107609,2023-06-02,210
107610,2025-01-28,
107611,2023-03-09,210
107612,2025-05-07,
107613,2024-01-01,
107614,2024-03-24,
107615,2024-01-24,31
107616,2023-10-01,
107617,2024-06-03,
107618,2024-11-26,
107619,2023-02-02,
107620,2025-01-18,352
107621,2023-04-22,
107622,2024-07-22,
107623,2024-10-31,94
107624,2023-08-17,
107625,2025-05-05,
107626,2025-01-23,
107627,2023-06-29,
107628,2023-02-23,
107629,2024-09-26,
107630,2024-07-28,
107631,2025-03-29,
107632,2023-06-22,
107633,2024-05-17,355
107634,2025-01-20,133
107635,2024-01-18,351
107636,2023-12-09,
107637,2024-06-25,
107638,2024-01-21,194
107639,2023-01-20,
107640,2025-01-01,144
107641,2023-10-24,
107642,2023-02-22,35
107643,2024-03-23,
107644,2024-07-27,
107645,2023-10-12,
107646,2025-04-05,
107647,2023-12-31,
107648,2023-06-03,
107649,2024-11-11,
107650,2023-10-02,
107651,2025-05-23,
107652,2023-07-23,
107653,2025-05-08,44
107654,2024-10-26,192
107655,2024-10-08,
107656,2024-12-09,
107657,2023-09-12,
107658,2023-09-05,
107659,2023-08-22,
107660,2023-04-08,
107661,2023-05-13,
107662,2024-12-15,208
107663,2023-12-10,
107664,2023-09-04,
107665,2024-07-22,
107666,2025-01-26,
107667,2025-04-02,
107668,2024-09-22,
107669,2024-05-05,
107670,2024-03-12,
107671,2024-03-28,111
107672,2023-05-27,
107673,2024-01-12,350
107674,2024-01-07,4
107675,2023-05-03,
107676,2024-12-12,
107677,2025-02-22,
107678,2023-07-15,
107679,2023-08-15,
107680,2024-11-27,
107681,2023-12-04,
107682,2023-12-13,363
107683,2023-08-19,
107684,2023-08-11,253
107685,2024-05-21,
107686,2024-09-04,
107687,2023-04-27,
107688,2024-02-08,
107689,2023-08-03,102
107690,2024-08-09,
107691,2024-10-08,
107692,2024-02-29,173
107693,2023-05-01,
107694,2025-02-02,
107695,2024-01-26,
107696,2024-09-28,
107697,2025-05-02,
107698,2023-10-20,
107699,2024-04-06,
107700,2025-06-03,236
107701,2023-01-02,
107702,2024-01-10,
107703,2024-11-25,
107704,2025-05-27,
107705,2025-01-02,
107706,2023-04-18,154
107707,2023-12-04,287
107708,2024-09-19,
107709,2024-09-11,
107710,2023-06-03,
107711,2023-05-12,
107712,2023-06-06,
107713,2023-04-17,
107714,2025-06-08,
107715,2024-06-19,
107716,2024-09-25,
107717,2023-04-01,
107718,2024-10-18,
107719,2024-01-05,
107720,2023-07-06,
107721,2023-10-01,
107722,2023-05-29,
107723,2023-01-07,
107724,2025-03-20,
107725,2025-05-31,
107726,2025-03-01,
107727,2025-03-23,
107728,2023-01-01,
107729,2024-12-27,
107730,2023-06-18,
107731,2024-09-22,
107732,2023-02-26,
107733,2024-05-17,
107734,2025-06-04,
107735,2023-06-26,
107736,2025-03-28,
107737,2025-03-19,
107738,2023-02-27,
107739,2023-06-30,
107740,2023-07-04,
107741,2023-08-29,
107742,2024-01-20,
107743,2024-12-23,81
107744,2023-03-11,
107745,2025-04-08,
107746,2024-03-09,
107747,2025-06-09,178
107748,2025-03-17,199
107749,2023-05-30,
107750,2023-03-05,369
107751,2024-11-02,
107752,2024-11-01,
107753,2025-03-25,
107754,2024-12-21,
107755,2024-06-20,
107756,2024-05-10,
107757,2023-06-11,
107758,2024-02-07,
107759,2023-12-18,208
107760,2024-01-25,
107761,2024-11-14,
107762,2024-10-25,160
107763,2023-09-02,
107764,2024-01-25,
107765,2023-04-29,
107766,2024-07-22,
107767,2025-02-16,
107768,2024-11-04,
107769,2024-12-30,
107770,2024-09-13,
107771,2024-05-01,
107772,2023-03-24,
107773,2025-03-06,
107774,2023-02-12,
107775,2023-11-29,
107776,2025-01-15,
107777,2023-07-24,304
107778,2024-05-09,
107779,2025-03-19,
107780,2024-12-25,
107781,2023-06-18,
107782,2024-10-14,
107783,2024-03-22,
107784,2023-01-26,
107785,2023-12-13,
107786,2024-01-31,
107787,2025-05-21,
107788,2023-12-06,
107789,2025-01-16,
107790,2025-05-07,
107791,2023-02-10,
107792,2024-01-23,220
107793,2024-04-18,78
107794,2025-04-08,
107795,2025-04-30,255
107796,2024-01-29,
107797,2024-06-14,
107798,2024-09-02,
107799,2024-12-17,
107800,2024-08-24,
107801,2024-02-21,
107802,2023-03-01,
107803,2023-02-28,
107804,2025-04-23,
107805,2024-06-01,388
107806,2025-04-02,
107807,2024-05-04,
107808,2024-12-28,
107809,2025-05-04,
107810,2024-02-14,
107811,2024-01-01,
107812,2023-08-10,
107813,2024-09-21,102
107814,2024-11-07,
107815,2023-07-23,
107816,2022-12-29,
107817,2025-04-14,
107818,2023-01-24,
107819,2024-08-16,
107820,2024-11-20,
107821,2025-04-26,
107822,2023-05-24,
107823,2024-09-19,184
107824,2024-08-07,
107825,2025-02-10,
107826,2024-04-13,79
107827,2023-07-01,
107828,2025-03-02,140
107829,2023-11-01,
107830,2023-07-15,276
107831,2023-10-26,113
107832,2023-02-07,356
107833,2023-10-03,
107834,2023-03-18,196
107835,2024-02-08,
107836,2024-08-24,
107837,2024-01-22,
107838,2024-08-21,308
107839,2025-04-28,
107840,2023-02-24,
107841,2024-06-19,
107842,2023-08-21,
107843,2024-09-06,
107844,2023-06-24,144
107845,2024-05-25,272
107846,2024-11-03,
107847,2023-08-22,
107848,2023-07-13,27
107849,2024-05-23,
107850,2023-11-15,
107851,2025-05-26,
107852,2025-05-22,296
107853,2023-12-05,
107854,2024-07-16,
107855,2025-01-31,85
107856,2025-04-01,
107857,2023-07-31,
107858,2024-06-05,
107859,2023-04-30,
107860,2024-02-10,
107861,2023-05-11,
107862,2023-10-25,
107863,2023-02-17,
107864,2024-04-17,156
107865,2023-06-07,
107866,2024-06-29,
107867,2025-03-01,
107868,2023-07-29,
107869,2023-08-05,
107870,2024-04-18,
107871,2023-01-09,
107872,2024-11-06,
107873,2023-08-11,
107874,2024-08-25,
107875,2024-10-22,
107876,2023-04-28,212
107877,2023-12-07,
107878,2024-08-26,
107879,2024-08-19,
107880,2023-12-14,
107881,2024-05-05,
107882,2025-06-03,
107883,2024-02-04,
107884,2024-11-30,
107885,2024-09-07,
107886,2023-08-14,
107887,2024-10-10,
107888,2024-08-03,
107889,2025-04-18,
107890,2024-11-12,
107891,2023-07-29,
107892,2024-11-05,
107893,2024-09-19,
107894,2023-01-18,
107895,2025-01-29,
107896,2024-08-31,
107897,2024-02-27,
107898,2024-02-28,182
107899,2023-11-11,274
107900,2024-05-13,
107901,2023-02-10,
107902,2025-04-21,
107903,2024-03-31,
107904,2025-05-13,
107905,2023-03-09,
107906,2025-05-26,
107907,2024-05-31,
107908,2024-02-28,
107909,2024-04-13,
107910,2024-10-05,279
107911,2023-05-14,
107912,2023-09-08,
107913,2025-03-08,173
107914,2023-12-13,
107915,2025-03-11,
107916,2023-04-02,133
107917,2025-02-02,
107918,2024-09-29,
107919,2024-09-30,
107920,2024-05-02,232
107921,2025-01-23,
107922,2023-04-25,
107923,2024-12-23,45
107924,2023-08-15,
107925,2024-09-30,
107926,2024-10-03,
107927,2022-12-31,
107928,2023-08-20,107
107929,2025-02-09,
107930,2023-11-16,
107931,2024-12-08,
107932,2025-04-03,
107933,2024-06-19,6
107934,2025-04-26,
107935,2024-03-31,
107936,2025-03-31,
107937,2025-02-13,
107938,2023-01-31,
107939,2025-04-04,
107940,2024-02-12,2
107941,2023-02-06,
107942,2025-04-24,
107943,2025-05-24,
107944,2023-02-03,
107945,2024-06-20,
107946,2024-01-12,
107947,2025-03-05,339
107948,2025-04-02,
107949,2024-09-28,
107950,2023-08-10,
107951,2025-04-27,
107952,2025-02-13,
107953,2023-04-05,
107954,2023-12-26,
107955,2023-05-16,
107956,2023-05-18,
107957,2024-02-08,
107958,2025-02-07,177
107959,2023-05-23,
107960,2025-04-17,
107961,2024-11-19,
107962,2023-03-17,
107963,2024-07-24,
107964,2023-10-31,
107965,2024-10-03,
107966,2023-07-04,
107967,2024-02-05,125
107968,2024-03-21,
107969,2025-02-10,
107970,2023-09-09,
107971,2023-12-24,
107972,2025-01-03,
107973,2025-05-27,
107974,2023-09-02,
107975,2025-03-21,
107976,2024-01-09,
107977,2024-09-25,
107978,2023-02-07,
107979,2025-01-04,
107980,2024-11-09,
107981,2023-02-10,
107982,2025-01-13,
107983,2023-05-20,367
107984,2024-08-22,
107985,2025-06-07,
107986,2023-10-31,
107987,2024-11-16,
107988,2024-05-29,
107989,2022-12-29,
107990,2024-08-02,
107991,2023-07-29,
107992,2024-08-25,
107993,2024-06-21,
107994,2023-04-19,
107995,2024-03-30,
107996,2023-01-29,
107997,2024-09-12,
107998,2025-01-24,
107999,2024-08-04,
108000,2024-05-18,
108001,2023-07-19,176
108002,2024-07-07,
108003,2024-06-12,
108004,2023-12-16,
108005,2024-01-25,
108006,2024-03-21,
108007,2024-02-12,
108008,2024-10-09,
108009,2024-10-05,
108010,2024-09-20,
108011,2025-01-28,
108012,2024-04-13,
108013,2023-01-22,
108014,2025-04-22,340
108015,2024-02-28,
108016,2025-02-05,
108017,2023-02-23,
108018,2024-03-07,165
108019,2024-04-10,
108020,2023-04-09,
108021,2023-03-27,
108022,2024-07-09,
108023,2023-06-19,
108024,2024-04-17,270
108025,2024-02-06,
108026,2025-05-29,
108027,2023-12-26,331
108028,2023-01-01,
108029,2023-06-03,
108030,2023-10-28,
108031,2024-02-08,
108032,2024-08-12,
108033,2023-06-14,
108034,2023-02-27,
108035,2023-07-16,
108036,2025-05-10,
108037,2025-04-24,
108038,2025-02-24,
108039,2024-05-05,
108040,2024-09-22,
108041,2023-01-02,150
108042,2024-10-16,101
108043,2024-11-05,
108044,2023-06-29,
108045,2025-01-21,
108046,2025-06-02,
108047,2024-08-21,
108048,2023-04-02,
108049,2023-07-15,
108050,2023-01-06,
108051,2024-10-20,
108052,2024-03-26,
108053,2023-12-20,
108054,2023-01-24,
108055,2025-04-19,
108056,2024-01-05,
108057,2023-08-24,
108058,2024-03-15,
108059,2023-07-07,
108060,2024-06-20,
108061,2024-07-21,
108062,2023-11-17,
108063,2023-04-04,
108064,2023-09-07,238
108065,2023-04-18,
108066,2024-04-04,
108067,2023-02-27,325
108068,2024-07-31,
108069,2024-04-26,
108070,2023-11-26,
108071,2025-05-01,181
108072,2024-04-26,
108073,2023-09-01,
108074,2024-07-10,121
108075,2023-11-17,
108076,2025-03-21,
108077,2023-05-08,23
108078,2023-12-06,318
108079,2025-05-08,
108080,2023-02-10,
108081,2025-05-07,295
108082,2024-05-29,
108083,2024-08-12,283
108084,2023-09-25,
108085,2025-03-08,
108086,2024-10-15,
108087,2024-09-20,
108088,2023-07-14,
108089,2025-04-09,
108090,2024-03-27,305
108091,2023-12-25,
108092,2023-04-08,294
108093,2024-11-03,
108094,2024-09-29,160
108095,2023-05-03,
108096,2024-12-15,
108097,2025-02-22,
108098,2025-02-16,
108099,2023-03-19,
108100,2023-06-08,
108101,2025-02-12,
108102,2024-01-24,352
108103,2024-05-19,
108104,2025-02-16,
108105,2025-03-25,
108106,2024-09-20,
108107,2024-10-10,
108108,2023-10-13,
108109,2025-02-08,
108110,2023-04-20,77
108111,2023-03-11,
108112,2024-01-03,
108113,2024-10-31,91
108114,2024-10-01,228
108115,2025-04-05,
108116,2024-03-18,
108117,2024-09-22,
108118,2023-06-07,124
108119,2023-05-01,
108120,2024-01-28,
108121,2025-05-07,
108122,2023-10-04,
108123,2025-03-12,
108124,2024-09-26,
108125,2024-09-04,
108126,2025-05-25,
108127,2025-05-27,
108128,2023-10-27,
108129,2025-03-24,
108130,2023-03-21,94
108131,2024-03-24,
108132,2023-04-28,
108133,2023-12-10,
108134,2024-08-14,
108135,2023-05-29,
108136,2023-02-17,131
108137,2023-01-21,
108138,2023-05-13,
108139,2024-05-14,349
108140,2024-06-10,
108141,2024-06-08,
108142,2024-10-06,
108143,2023-09-20,
108144,2025-03-11,333
108145,2024-07-11,
108146,2023-11-08,
108147,2024-05-16,
108148,2024-02-16,
108149,2024-12-25,
108150,2023-08-07,
108151,2023-02-22,
108152,2023-12-27,
108153,2023-11-06,279
108154,2023-04-16,
108155,2024-09-26,
108156,2023-09-26,
108157,2023-11-20,
108158,2024-07-18,
108159,2025-06-08,337
108160,2025-05-19,
108161,2024-03-09,
108162,2025-05-17,
108163,2023-03-06,10
108164,2023-05-19,
108165,2025-01-17,
108166,2023-08-07,
108167,2024-11-12,
108168,2024-12-25,
108169,2024-06-24,
108170,2024-01-08,362
108171,2025-01-02,
108172,2025-01-13,
108173,2023-12-02,
108174,2024-04-01,
108175,2023-08-31,170
108176,2024-08-23,
108177,2023-12-19,
108178,2023-10-29,
108179,2024-08-31,
108180,2023-09-15,
108181,2024-10-04,
108182,2025-04-23,
108183,2023-01-25,
108184,2023-02-09,
108185,2024-07-09,
108186,2025-04-24,
108187,2024-05-24,95
108188,2024-05-15,10
108189,2024-06-06,
108190,2023-04-23,
108191,2024-02-07,
108192,2025-05-29,
108193,2024-07-13,27
108194,2023-06-03,
108195,2023-01-01,
108196,2025-03-26,240
108197,2024-09-20,
108198,2024-05-20,343
108199,2023-12-31,
108200,2023-07-13,
108201,2023-05-07,205
108202,2024-09-01,
108203,2025-03-25,
108204,2024-04-04,
108205,2024-07-03,
108206,2023-11-15,
108207,2024-10-18,342
108208,2025-01-31,
108209,2025-05-21,
108210,2024-03-28,
108211,2025-03-31,
108212,2023-03-23,
108213,2023-10-12,
108214,2023-07-17,
108215,2025-04-21,
108216,2023-03-18,
108217,2023-09-24,
108218,2024-10-05,
108219,2025-01-25,
108220,2025-03-15,
108221,2024-11-03,
108222,2025-03-02,
108223,2023-02-11,
108224,2024-01-08,
108225,2025-04-12,
108226,2024-11-15,327
108227,2024-02-10,
108228,2025-01-07,
108229,2023-09-26,
108230,2024-11-27,
108231,2023-03-13,73
108232,2023-10-29,
108233,2023-01-19,
108234,2025-06-06,266
108235,2023-06-07,
108236,2024-07-16,
108237,2023-12-24,
108238,2024-12-31,368
108239,2023-01-01,
108240,2024-07-10,
108241,2025-04-14,229
108242,2024-09-26,
108243,2024-07-03,
108244,2023-09-06,
108245,2023-02-07,
108246,2025-03-01,
108247,2024-04-08,
108248,2025-01-24,
108249,2023-02-18,
108250,2023-02-03,
108251,2024-06-18,179
108252,2024-01-02,
108253,2025-03-07,
108254,2025-06-04,
108255,2023-10-05,151
108256,2024-03-29,31
108257,2024-12-06,280
108258,2023-12-19,
108259,2024-04-30,
108260,2024-07-15,
108261,2024-04-26,210
108262,2023-08-26,
108263,2023-10-02,
108264,2024-12-22,
108265,2023-09-19,
108266,2023-03-04,
108267,2025-01-04,347
108268,2023-11-09,337
108269,2023-07-02,
108270,2024-11-08,
108271,2023-09-26,226
108272,2024-03-22,
108273,2024-12-01,
108274,2025-01-16,237
108275,2025-05-21,
108276,2024-01-08,
108277,2023-04-14,
108278,2023-11-04,
108279,2024-02-14,
108280,2024-10-04,
108281,2023-02-03,30
108282,2024-05-30,
108283,2024-03-08,300
108284,2024-08-22,
108285,2024-10-12,
108286,2023-02-09,
108287,2023-05-18,
108288,2025-04-14,
108289,2024-09-21,
108290,2023-04-22,
108291,2023-05-01,
108292,2024-09-01,10
108293,2024-05-25,
108294,2024-11-24,381
108295,2023-05-09,
108296,2024-03-14,
108297,2023-09-10,75
108298,2023-02-23,
108299,2025-02-16,
108300,2024-03-06,120
108301,2023-03-28,
108302,2024-05-05,47
108303,2025-05-14,
108304,2025-03-12,
108305,2024-07-27,272
108306,2025-02-20,351
108307,2023-09-25,
108308,2023-05-01,143
108309,2024-08-17,
108310,2024-11-13,
108311,2024-11-29,
108312,2024-07-16,204
108313,2024-07-25,17
108314,2022-12-28,
108315,2023-04-16,
108316,2023-06-28,
108317,2023-05-10,
108318,2023-05-20,
108319,2025-03-01,135
108320,2024-11-11,
108321,2024-01-24,
108322,2025-06-07,
108323,2024-02-16,249
108324,2025-03-13,
108325,2024-09-17,
108326,2024-11-03,313
108327,2024-03-31,
108328,2023-08-31,
108329,2024-09-04,
108330,2023-09-19,
108331,2024-04-28,
108332,2023-04-25,22
108333,2023-05-21,
108334,2023-09-29,
108335,2025-05-05,
108336,2025-01-27,
108337,2023-06-28,
108338,2023-07-14,
108339,2023-12-16,106
108340,2023-03-05,362
108341,2024-01-26,
108342,2024-07-03,
108343,2023-05-31,
108344,2024-11-29,
108345,2024-11-10,
108346,2024-10-26,105
108347,2024-10-20,
108348,2024-11-15,
108349,2024-09-16,
108350,2024-04-08,
108351,2025-05-02,
108352,2025-04-19,399
108353,2024-01-14,
108354,2024-12-23,
108355,2025-04-24,
108356,2023-08-07,
108357,2023-05-18,
108358,2023-12-25,189
108359,2023-05-04,
108360,2024-12-26,
108361,2024-04-02,
108362,2024-08-06,
108363,2023-06-03,
108364,2024-02-15,
108365,2024-11-13,
108366,2023-08-17,
108367,2024-02-06,
108368,2023-02-17,
108369,2025-01-06,
108370,2024-05-18,
108371,2023-11-23,198
108372,2023-12-17,
108373,2024-03-31,
108374,2024-04-24,
108375,2025-05-17,
108376,2024-07-30,
108377,2023-11-15,
108378,2023-02-03,
108379,2024-01-28,
108380,2024-02-21,
108381,2024-03-15,
108382,2023-08-23,
108383,2024-02-06,
108384,2024-01-11,
108385,2025-01-01,125
108386,2024-02-15,
108387,2024-03-12,
108388,2025-06-04,
108389,2023-08-16,
108390,2024-04-07,
108391,2023-06-05,
108392,2023-10-20,
108393,2024-05-19,
108394,2025-05-03,87
108395,2023-02-03,
108396,2024-03-17,
108397,2025-03-26,95
108398,2024-01-29,
108399,2023-04-17,
108400,2024-07-15,
108401,2024-01-20,
108402,2023-10-04,328
108403,2024-05-01,
108404,2023-08-28,
108405,2023-11-25,
108406,2024-07-30,
108407,2025-05-16,
108408,2023-05-07,
108409,2024-11-17,
108410,2025-04-02,
108411,2023-04-17,
108412,2023-11-08,178
108413,2024-08-24,
108414,2023-09-26,
108415,2023-06-10,
108416,2024-12-26,
108417,2024-06-01,
108418,2025-06-05,
108419,2024-01-14,
108420,2023-10-09,
108421,2023-05-10,130
108422,2023-01-19,376
108423,2024-02-22,
108424,2024-09-05,224
108425,2024-04-10,
108426,2025-04-30,
108427,2024-11-02,
108428,2025-05-26,
108429,2024-03-08,
108430,2023-08-20,
108431,2023-06-03,
108432,2023-12-16,394
108433,2025-04-18,335
108434,2024-09-02,
108435,2023-04-25,140
108436,2024-10-20,
108437,2025-01-20,
108438,2024-08-13,
108439,2024-08-06,
108440,2024-08-19,
108441,2025-03-10,180
108442,2023-10-11,
108443,2024-10-14,25
108444,2023-07-21,
108445,2024-01-29,
108446,2024-01-21,
108447,2025-02-14,
108448,2023-11-17,
108449,2025-01-24,
108450,2023-08-04,
108451,2024-03-15,
108452,2023-03-04,
108453,2024-07-04,
108454,2024-12-21,
108455,2024-04-27,
108456,2024-07-20,
108457,2024-08-01,
108458,2024-06-08,
108459,2024-04-15,
108460,2024-03-23,
108461,2023-08-10,
108462,2024-08-13,
108463,2024-05-16,
108464,2024-11-12,
108465,2024-04-17,
108466,2025-02-12,
108467,2024-06-21,
108468,2025-02-15,
108469,2023-08-07,
108470,2025-05-19,
108471,2024-05-28,
108472,2025-02-08,
108473,2024-07-16,
108474,2023-05-30,
108475,2023-09-27,
108476,2024-10-03,
108477,2025-02-14,387
108478,2023-03-18,
108479,2025-03-23,
108480,2023-02-07,
108481,2024-07-08,
108482,2024-06-21,118
108483,2025-05-31,
108484,2024-11-02,
108485,2025-02-09,
108486,2024-09-18,
108487,2024-12-18,
108488,2024-11-13,115
108489,2024-08-22,
108490,2025-04-25,257
108491,2025-04-08,
108492,2023-07-17,
108493,2023-02-21,
108494,2025-05-24,
108495,2025-05-05,
108496,2023-09-09,
108497,2023-12-19,
108498,2024-04-11,
108499,2023-03-22,
108500,2023-11-07,
108501,2025-02-28,
108502,2023-02-26,
108503,2023-11-18,
108504,2024-08-18,122
108505,2024-04-15,
108506,2024-09-15,
108507,2025-03-22,
108508,2023-10-01,
108509,2023-06-25,
108510,2024-03-07,291
108511,2024-06-09,
108512,2023-09-25,
108513,2024-06-08,
108514,2024-09-12,
108515,2023-03-22,
108516,2024-03-16,
108517,2024-02-07,
108518,2025-03-02,
108519,2024-11-29,
108520,2023-10-30,
108521,2023-01-23,
108522,2024-10-10,190
108523,2023-08-16,
108524,2024-06-01,32
108525,2023-08-25,216
108526,2024-07-15,
108527,2024-12-29,
108528,2023-04-24,
108529,2023-03-10,
108530,2023-06-07,
108531,2023-04-04,261
108532,2025-01-31,
108533,2024-01-21,
108534,2024-07-09,
108535,2024-09-21,
108536,2024-10-09,378
108537,2024-05-09,105
108538,2024-11-18,
108539,2023-07-07,
108540,2025-02-10,
108541,2024-02-26,
108542,2023-03-29,
108543,2023-03-21,
108544,2025-05-26,
108545,2024-01-02,
108546,2024-11-02,277
108547,2024-07-25,196
108548,2024-02-29,
108549,2023-03-19,
108550,2024-11-03,
108551,2023-08-14,
108552,2025-02-28,
108553,2024-01-04,244
108554,2023-11-20,
108555,2023-04-11,
108556,2023-12-17,
108557,2023-07-06,
108558,2024-07-07,
108559,2024-02-03,
108560,2024-05-09,
108561,2023-09-14,
108562,2023-05-16,
108563,2023-02-13,
108564,2024-06-20,
108565,2023-01-23,
108566,2023-12-27,
108567,2023-06-02,
108568,2023-09-25,
108569,2023-03-13,113
108570,2023-07-05,
108571,2024-12-11,
108572,2024-12-05,
108573,2024-05-24,
108574,2024-02-07,357
108575,2025-04-06,115
108576,2025-04-13,214
108577,2023-08-07,
108578,2023-07-28,
108579,2023-12-25,
108580,2023-04-18,
108581,2025-04-02,119
108582,2023-07-27,196
108583,2023-06-10,
108584,2023-07-20,
108585,2023-02-15,299
108586,2024-08-30,
108587,2025-05-11,
108588,2023-01-01,
108589,2023-01-01,
108590,2023-04-11,
108591,2025-04-01,
108592,2023-06-04,
108593,2024-06-20,
108594,2024-11-25,
108595,2025-01-26,214
108596,2024-03-07,310
108597,2024-01-30,
108598,2024-04-21,
108599,2023-08-24,
108600,2024-02-04,
108601,2023-05-15,
108602,2024-08-29,140
108603,2024-08-11,
108604,2023-12-09,
108605,2025-03-25,
108606,2024-08-06,
108607,2023-05-14,
108608,2024-10-22,
108609,2024-10-24,
108610,2024-08-04,
108611,2023-07-14,
108612,2024-03-16,388
108613,2024-06-20,
108614,2025-02-05,
108615,2025-01-06,
108616,2024-10-11,
108617,2023-01-06,
108618,2023-11-05,111
108619,2023-05-29,147
108620,2023-07-07,259
108621,2023-07-18,
108622,2024-07-21,
108623,2023-04-17,
108624,2023-06-05,345
108625,2023-11-12,
108626,2023-01-18,
108627,2023-12-17,
108628,2024-10-17,
108629,2024-12-19,250
108630,2023-10-01,
108631,2025-03-22,
108632,2023-02-05,
108633,2023-08-22,
108634,2024-06-06,112
108635,2024-12-11,
108636,2023-01-24,
108637,2024-12-11,
108638,2023-03-23,
108639,2023-12-15,132
108640,2025-01-06,
108641,2024-08-21,98
108642,2024-10-14,354
108643,2024-08-12,
108644,2023-04-28,
108645,2025-02-07,
108646,2025-02-02,
108647,2023-02-17,
108648,2023-07-16,
108649,2024-05-23,
108650,2025-03-05,
108651,2024-01-05,
108652,2025-05-25,92
108653,2024-04-28,
108654,2024-09-19,
108655,2025-03-24,
108656,2024-10-31,309
108657,2025-05-17,
108658,2024-07-11,
108659,2023-10-18,
108660,2024-04-30,
108661,2024-03-19,
108662,2024-09-22,
108663,2023-07-28,
108664,2025-02-02,12
108665,2024-02-06,47
108666,2023-02-20,388
108667,2024-02-20,
108668,2023-03-18,132
108669,2023-01-16,
108670,2024-03-12,
108671,2024-10-03,
108672,2023-03-09,
108673,2024-12-18,
108674,2024-10-28,
108675,2023-10-04,
108676,2023-06-17,
108677,2023-10-06,
108678,2023-09-30,
108679,2023-07-14,289
108680,2023-07-31,
108681,2023-10-08,
108682,2024-02-05,
108683,2024-03-14,
108684,2023-11-05,
108685,2025-03-08,
108686,2024-10-19,
108687,2023-11-26,
108688,2025-03-17,
108689,2024-12-20,
108690,2024-07-31,
108691,2024-10-02,135
108692,2024-01-13,
108693,2025-05-08,
108694,2024-12-04,
108695,2024-08-15,
108696,2022-12-28,327
108697,2025-04-10,395
108698,2024-08-14,
108699,2025-05-25,
108700,2023-03-28,254
108701,2023-07-30,
108702,2023-09-13,
108703,2024-03-06,
108704,2024-03-22,238
108705,2024-01-18,
108706,2024-05-22,322
108707,2025-02-26,
108708,2025-05-24,
108709,2023-11-21,
108710,2023-01-12,
108711,2023-11-09,226
108712,2023-07-30,
108713,2025-02-26,
108714,2025-01-25,
108715,2023-05-03,
108716,2023-07-12,
108717,2023-01-20,
108718,2023-02-17,48
108719,2024-08-21,
108720,2023-06-18,
108721,2025-06-08,283
108722,2023-04-02,
108723,2023-10-11,149
108724,2023-04-21,105
108725,2023-01-23,
108726,2024-07-25,
108727,2024-12-03,
108728,2025-04-17,258
108729,2024-07-12,
108730,2024-11-24,
108731,2024-02-14,
108732,2024-12-22,
108733,2024-07-04,
108734,2024-09-23,
108735,2023-12-12,
108736,2025-04-05,
108737,2023-01-15,
108738,2024-09-09,
108739,2023-10-31,230
108740,2024-06-06,
108741,2023-06-08,
108742,2023-09-17,
108743,2023-12-04,
108744,2024-10-11,
108745,2023-05-17,
108746,2024-11-22,
108747,2025-02-08,102
108748,2023-10-19,
108749,2024-10-23,
108750,2024-05-01,
108751,2024-05-10,353
108752,2024-06-13,
108753,2025-05-25,
108754,2023-08-17,76
108755,2025-02-08,
108756,2025-02-07,376
108757,2024-10-19,
108758,2024-04-27,
108759,2023-06-28,301
108760,2024-11-20,
108761,2024-05-31,
108762,2025-05-06,
108763,2024-04-11,
108764,2024-07-18,43
108765,2023-01-02,
108766,2023-06-02,140
108767,2023-10-20,
108768,2024-08-01,
108769,2024-02-07,
108770,2025-01-23,
108771,2023-08-07,192
108772,2023-09-19,
108773,2023-12-12,
108774,2024-05-30,
108775,2023-11-15,
108776,2025-03-28,
108777,2023-06-22,
108778,2023-07-02,
108779,2025-02-17,
108780,2024-11-19,
108781,2023-02-14,
108782,2023-06-27,
108783,2024-05-28,
108784,2024-10-18,390
108785,2025-03-02,
108786,2025-03-17,211
108787,2024-09-14,
108788,2025-06-03,
108789,2025-04-03,84
108790,2025-03-15,
108791,2025-05-28,
108792,2025-02-21,
108793,2024-09-01,
108794,2024-01-16,
108795,2024-01-18,
108796,2024-05-30,269
108797,2023-07-14,
108798,2024-11-05,
108799,2025-04-05,
108800,2024-05-24,
108801,2025-02-16,
108802,2024-03-20,294
108803,2023-12-28,
108804,2024-04-10,
108805,2023-04-19,
108806,2025-06-04,
108807,2023-08-13,
108808,2024-04-04,250
108809,2024-09-02,
108810,2024-01-29,
108811,2024-01-29,
108812,2024-07-05,
108813,2025-01-28,
108814,2024-06-05,78
108815,2024-10-12,283
108816,2024-07-31,
108817,2025-04-24,132
108818,2023-02-02,248
108819,2024-05-21,
108820,2025-02-13,
108821,2024-09-05,
108822,2024-03-13,
108823,2023-03-24,
108824,2023-06-09,
108825,2024-10-30,101
108826,2025-03-30,
108827,2023-02-04,
108828,2024-01-19,
108829,2025-03-28,
108830,2025-03-06,
108831,2023-03-15,
108832,2023-09-16,
108833,2023-11-23,
108834,2023-05-13,
108835,2024-02-22,
108836,2025-02-16,
108837,2023-06-15,
108838,2024-05-13,326
108839,2023-01-06,
108840,2025-01-15,
108841,2025-01-06,
108842,2023-03-15,
108843,2025-03-24,
108844,2024-05-17,333
108845,2023-06-15,
108846,2023-04-09,
108847,2024-04-19,
108848,2023-05-14,
108849,2024-11-21,
108850,2023-03-30,
108851,2025-04-07,
108852,2023-02-03,
108853,2023-10-27,
108854,2023-11-10,
108855,2024-10-26,
108856,2025-05-11,
108857,2023-08-11,
108858,2023-09-29,361
108859,2024-10-02,92
108860,2023-01-21,
108861,2024-03-14,
108862,2023-01-13,
108863,2025-02-01,
108864,2025-02-03,
108865,2023-10-09,
108866,2024-11-04,
108867,2024-06-26,
108868,2024-01-27,
108869,2023-12-04,
108870,2025-03-07,
108871,2024-07-02,
108872,2023-07-25,
108873,2023-01-22,
108874,2024-05-01,
108875,2024-05-21,
108876,2025-01-02,
108877,2023-12-21,
108878,2024-04-18,
108879,2024-12-09,
108880,2024-10-07,
108881,2024-04-21,
108882,2025-02-04,
108883,2024-06-27,
108884,2024-03-29,
108885,2023-02-13,
108886,2023-05-03,251
108887,2024-10-22,
108888,2023-03-17,
108889,2025-05-29,
108890,2025-03-17,
108891,2023-05-15,83
108892,2023-05-24,
108893,2023-07-12,
108894,2025-03-26,
108895,2023-07-12,
108896,2024-07-15,
108897,2024-09-04,
108898,2025-02-27,
108899,2025-03-19,
108900,2024-01-26,
108901,2024-09-24,
108902,2024-03-04,
108903,2024-12-23,259
108904,2024-07-18,
108905,2023-02-14,256
108906,2024-07-19,
108907,2023-06-25,
108908,2025-03-16,328
108909,2022-12-31,
108910,2023-03-26,
108911,2023-09-26,
108912,2023-07-20,
108913,2023-04-11,
108914,2024-04-15,382
108915,2023-09-17,
108916,2023-01-19,
108917,2023-06-19,
108918,2024-09-20,10
108919,2024-08-15,
108920,2023-04-08,341
108921,2024-08-07,
108922,2024-09-19,
108923,2024-03-29,212
108924,2024-06-25,
108925,2025-01-20,
108926,2024-02-26,
108927,2024-02-28,
108928,2024-03-17,98
108929,2025-04-22,39
108930,2024-02-18,
108931,2023-07-07,4
108932,2023-08-25,184
108933,2023-08-17,
108934,2023-03-21,
108935,2023-02-08,
108936,2024-12-20,
108937,2023-07-03,
108938,2024-03-08,
108939,2024-04-02,
108940,2024-11-12,
108941,2023-12-08,
108942,2023-06-06,
108943,2025-01-04,
108944,2023-09-05,
108945,2025-05-31,
108946,2024-01-04,
108947,2024-10-26,356
108948,2025-05-01,
108949,2023-04-27,71
108950,2023-11-28,
108951,2025-01-17,
108952,2024-03-30,
108953,2024-02-29,
108954,2024-10-03,
108955,2023-08-25,
108956,2023-07-15,
108957,2024-07-05,110
108958,2023-04-17,
108959,2023-03-16,
108960,2024-12-19,
108961,2024-03-30,
108962,2024-05-14,
108963,2023-06-06,
108964,2024-01-24,230
108965,2024-10-29,187
108966,2023-12-02,186
108967,2024-12-08,
108968,2023-03-12,36
108969,2025-02-10,
108970,2024-03-16,297
108971,2024-03-14,
108972,2023-03-02,
108973,2023-03-05,
108974,2024-10-13,
108975,2025-01-17,
108976,2023-12-12,
108977,2025-01-09,
108978,2024-02-06,319
108979,2025-06-05,
108980,2024-01-08,
108981,2025-03-12,
108982,2024-04-01,
108983,2024-12-18,
108984,2024-07-26,
108985,2024-09-29,
108986,2025-01-01,
108987,2023-06-11,214
108988,2024-05-31,
108989,2023-01-03,91
108990,2025-01-31,
108991,2023-07-20,
108992,2023-04-09,
108993,2024-04-09,
108994,2024-10-10,
108995,2024-07-28,
108996,2025-05-02,
108997,2024-10-17,337
108998,2023-11-18,
108999,2025-04-24,
109000,2023-10-08,
109001,2023-08-15,149
109002,2024-09-24,209
109003,2024-07-15,
109004,2024-11-26,185
109005,2025-02-09,
109006,2025-02-05,
109007,2023-10-08,
109008,2024-03-20,
109009,2024-02-13,
109010,2024-03-06,
109011,2023-06-04,
109012,2024-12-12,
109013,2023-03-27,
109014,2024-04-14,
109015,2025-05-27,
109016,2024-07-06,
109017,2024-02-10,
109018,2023-06-01,301
109019,2024-09-07,
109020,2024-07-18,
109021,2023-11-18,325
109022,2024-06-28,16
109023,2023-01-03,
109024,2023-05-29,
109025,2024-09-14,
109026,2023-02-05,
109027,2024-02-20,
109028,2024-04-06,192
109029,2023-01-15,
109030,2024-04-04,
109031,2023-05-09,
109032,2024-02-05,
109033,2023-07-13,
109034,2023-09-03,
109035,2024-12-04,
109036,2025-03-30,
109037,2024-09-06,
109038,2024-03-28,
109039,2024-11-17,
109040,2023-03-03,282
109041,2024-10-29,
109042,2023-08-18,357
109043,2025-03-31,
109044,2024-09-28,395
109045,2023-03-20,
109046,2025-04-08,
109047,2024-07-02,
109048,2024-05-18,
109049,2023-10-08,
109050,2023-07-27,
109051,2024-10-27,
109052,2024-12-22,
109053,2023-09-01,
109054,2023-07-29,
109055,2025-01-02,
109056,2024-10-26,
109057,2023-03-16,
109058,2025-02-01,
109059,2024-04-02,
109060,2023-05-04,
109061,2024-12-06,270
109062,2024-02-29,116
109063,2023-08-21,
109064,2023-09-29,
109065,2023-12-14,
109066,2024-07-12,231
109067,2025-03-09,
109068,2024-06-25,
109069,2023-04-01,
109070,2025-05-01,202
109071,2024-06-03,
109072,2024-08-17,
109073,2023-03-21,
109074,2023-06-28,
109075,2025-05-08,
109076,2024-04-11,
109077,2023-11-06,139
109078,2023-09-27,254
109079,2024-09-24,
109080,2024-04-27,
109081,2023-01-24,147
109082,2023-10-18,
109083,2024-04-30,
109084,2024-09-18,
109085,2023-10-20,
109086,2025-05-12,187
109087,2024-02-21,
109088,2024-03-13,
109089,2023-09-16,
109090,2023-04-30,
109091,2023-10-19,
109092,2023-08-09,380
109093,2025-04-23,184
109094,2023-06-28,
109095,2023-05-06,
109096,2024-01-08,
109097,2024-01-22,
109098,2025-02-25,
109099,2024-09-15,
109100,2025-04-23,126
109101,2024-07-08,
109102,2023-07-25,
109103,2023-03-22,
109104,2024-09-14,
109105,2025-03-11,
109106,2023-08-27,
109107,2024-05-28,
109108,2023-05-29,
109109,2024-02-11,
109110,2024-06-22,
109111,2023-09-19,
109112,2023-09-20,
109113,2023-04-27,
109114,2023-07-31,
109115,2024-08-03,
109116,2025-03-19,
109117,2024-02-13,66
109118,2024-11-24,
109119,2025-01-17,
109120,2025-03-09,
109121,2024-03-24,319
109122,2023-09-02,
109123,2024-06-13,
109124,2024-06-14,
109125,2024-06-14,
109126,2024-10-09,
109127,2024-05-25,227
109128,2023-03-01,
109129,2023-01-15,
109130,2024-02-25,
109131,2023-01-09,
109132,2024-03-25,
109133,2025-03-08,
109134,2024-05-02,
109135,2023-11-13,
109136,2024-07-31,
109137,2024-04-25,
109138,2023-03-28,
109139,2023-03-27,
109140,2023-02-28,5
109141,2022-12-31,
109142,2024-05-27,
109143,2023-04-30,
109144,2024-08-05,
109145,2024-04-20,
109146,2023-02-14,
109147,2024-11-11,179
109148,2024-02-20,
109149,2024-10-15,
109150,2023-10-19,314
109151,2025-04-10,
109152,2023-07-07,
109153,2025-05-26,
109154,2024-04-11,
109155,2024-09-06,
109156,2023-02-16,
109157,2024-04-29,32
109158,2025-06-01,
109159,2023-06-06,
109160,2024-02-14,64
109161,2024-02-11,
109162,2023-01-01,
109163,2025-04-24,
109164,2023-01-06,
109165,2025-04-13,221
109166,2023-09-09,
109167,2025-02-01,
109168,2023-11-26,
109169,2024-04-07,265
109170,2024-09-22,
109171,2023-12-30,
109172,2023-08-11,
109173,2024-05-30,170
109174,2024-11-17,
109175,2023-04-25,
109176,2024-01-22,
109177,2024-01-28,
109178,2023-04-24,
109179,2023-04-26,
109180,2024-03-21,
109181,2025-06-09,
109182,2025-02-17,
109183,2025-02-05,
109184,2023-12-23,370
109185,2023-04-25,214
109186,2024-08-11,
109187,2023-07-06,
109188,2024-01-24,
109189,2024-06-22,
109190,2023-03-09,
109191,2024-07-06,
109192,2025-05-22,
109193,2025-03-04,
109194,2023-10-21,
109195,2025-02-26,
109196,2024-09-02,
109197,2024-01-22,
109198,2025-01-20,
109199,2023-02-21,
109200,2025-05-07,
109201,2024-05-07,
109202,2024-06-22,
109203,2023-01-22,
109204,2023-08-01,231
109205,2024-01-28,
109206,2024-08-05,
109207,2024-04-17,
109208,2024-05-28,
109209,2023-07-30,
109210,2024-04-09,
109211,2024-11-04,
109212,2023-04-08,
109213,2024-12-04,
109214,2024-05-07,
109215,2025-04-07,
109216,2025-03-26,
109217,2023-04-20,47
109218,2024-02-05,
109219,2023-03-12,
109220,2023-10-21,
109221,2025-06-03,
109222,2023-02-27,
109223,2025-03-31,358
109224,2024-01-09,
109225,2023-05-08,221
109226,2023-02-02,
109227,2024-02-27,30
109228,2023-12-21,
109229,2023-10-13,
109230,2024-07-26,
109231,2023-07-17,3
109232,2023-11-27,
109233,2023-04-04,
109234,2024-01-22,
109235,2024-03-05,
109236,2024-06-19,
109237,2025-01-09,
109238,2025-01-21,
109239,2023-01-13,
109240,2025-04-03,112
109241,2025-05-25,
109242,2023-09-24,136
109243,2025-01-13,129
109244,2023-02-05,364
109245,2023-07-30,84
109246,2024-08-25,370
109247,2025-06-05,
109248,2023-06-24,
109249,2023-10-02,
109250,2024-08-04,70
109251,2023-05-06,
109252,2024-11-29,
109253,2024-10-22,
109254,2024-10-16,
109255,2025-05-27,
109256,2023-06-22,
109257,2023-05-01,
109258,2024-04-27,
109259,2023-02-03,135
109260,2023-06-12,
109261,2024-09-22,
109262,2024-10-28,
109263,2024-10-16,
109264,2023-12-15,
109265,2025-03-05,
109266,2023-12-25,
109267,2024-01-27,
109268,2023-03-31,
109269,2025-02-14,
109270,2023-11-05,
109271,2023-04-16,
109272,2024-06-04,300
109273,2024-11-19,
109274,2024-01-14,
109275,2024-03-20,
109276,2023-03-18,
109277,2023-11-22,
109278,2025-06-05,
109279,2024-01-22,
109280,2023-03-28,
109281,2023-01-12,
109282,2023-01-16,
109283,2025-05-26,
109284,2023-02-27,
109285,2023-12-01,141
109286,2024-03-08,
109287,2023-11-12,
109288,2023-04-14,116
109289,2023-07-13,
109290,2023-08-02,
109291,2025-01-19,
109292,2023-11-02,
109293,2024-07-15,315
109294,2025-05-11,23
109295,2025-03-26,
109296,2023-11-16,
109297,2023-04-19,
109298,2024-11-04,
109299,2023-01-15,
109300,2023-07-03,187
109301,2024-03-10,
109302,2023-12-02,229
109303,2025-05-19,
109304,2023-10-24,
109305,2023-03-13,
109306,2024-05-01,61
109307,2024-04-05,
109308,2024-04-17,
109309,2024-01-31,
109310,2023-03-31,
109311,2023-04-25,
109312,2024-06-05,
109313,2025-03-15,
109314,2025-03-16,
109315,2024-11-15,
109316,2023-05-25,
109317,2024-04-05,
109318,2024-07-13,
109319,2024-10-23,
109320,2024-03-21,
109321,2024-01-24,268
109322,2024-08-01,391
109323,2024-12-27,
109324,2024-08-19,
109325,2023-04-21,
109326,2025-03-13,
109327,2025-01-25,
109328,2023-12-14,
109329,2025-01-25,
109330,2024-09-22,
109331,2024-02-18,
109332,2023-07-30,
109333,2024-03-02,
109334,2023-03-16,
109335,2023-10-06,
109336,2025-06-04,
109337,2023-03-15,47
109338,2023-09-12,256
109339,2024-11-14,
109340,2023-08-04,394
109341,2024-06-03,
109342,2024-11-19,
109343,2023-10-21,
109344,2024-01-05,
109345,2023-09-09,
109346,2023-03-17,155
109347,2023-02-07,
109348,2024-01-23,
109349,2023-02-27,
109350,2023-11-16,
109351,2023-04-08,
109352,2025-03-15,
109353,2023-11-24,
109354,2025-01-04,
109355,2024-10-04,182
109356,2023-09-04,
109357,2023-11-12,
109358,2025-01-08,
109359,2024-09-29,
109360,2024-10-10,
109361,2023-01-30,
109362,2024-02-19,
109363,2023-04-07,
109364,2024-06-16,185
109365,2023-02-04,
109366,2023-12-30,
109367,2023-10-30,
109368,2023-03-09,80
109369,2025-05-13,218
109370,2023-08-28,
109371,2024-04-12,210
109372,2023-04-04,313
109373,2023-11-06,
109374,2024-07-22,112
109375,2024-01-13,
109376,2024-08-05,
109377,2024-04-25,
109378,2024-04-26,
109379,2023-05-16,
109380,2023-07-17,348
109381,2023-01-02,
109382,2023-08-19,
109383,2024-06-23,
109384,2024-03-03,
109385,2024-09-03,
109386,2024-08-03,325
109387,2024-04-18,
109388,2024-02-26,208
109389,2023-11-19,
109390,2025-01-30,
109391,2024-07-15,
109392,2025-01-19,
109393,2023-03-17,
109394,2024-01-25,161
109395,2023-10-01,
109396,2024-09-27,
109397,2023-05-17,
109398,2025-05-28,
109399,2024-03-10,
109400,2025-02-16,
109401,2025-02-18,
109402,2023-01-11,24
109403,2023-07-04,
109404,2023-07-05,
109405,2024-06-01,257
109406,2024-01-01,
109407,2025-02-14,
109408,2024-07-03,91
109409,2023-11-12,
109410,2024-12-06,
109411,2023-03-23,
109412,2024-12-16,
109413,2024-02-24,
109414,2025-01-03,
109415,2024-11-13,
109416,2024-08-27,
109417,2024-02-05,
109418,2024-08-22,
109419,2024-02-02,
109420,2024-10-31,93
109421,2024-05-11,177
109422,2024-12-30,
109423,2024-08-10,
109424,2023-05-05,
109425,2023-05-20,
109426,2024-06-18,
109427,2023-09-02,
109428,2024-01-09,
109429,2024-01-15,206
109430,2023-07-27,8
109431,2023-05-29,
109432,2024-12-17,371
109433,2023-12-02,
109434,2024-07-25,
109435,2024-08-02,
109436,2025-01-06,
109437,2023-12-17,
109438,2023-11-08,
109439,2023-11-13,
109440,2024-03-31,
109441,2023-03-16,
109442,2023-03-15,
109443,2024-08-01,
109444,2025-04-20,85
109445,2023-10-21,
109446,2024-07-26,
109447,2024-11-05,
109448,2024-12-12,
109449,2024-01-25,
109450,2024-09-09,
109451,2022-12-29,
109452,2023-03-21,333
109453,2024-08-24,
109454,2024-10-24,83
109455,2024-08-03,
109456,2024-07-13,
109457,2024-07-18,115
109458,2025-04-01,
109459,2023-12-21,
109460,2024-02-20,
109461,2024-07-18,
109462,2024-11-30,
109463,2025-01-17,
109464,2024-03-26,
109465,2025-03-16,
109466,2024-12-23,
109467,2023-03-17,
109468,2024-08-24,229
109469,2023-05-17,
109470,2024-09-12,
109471,2023-09-22,
109472,2025-04-16,
109473,2025-05-22,210
109474,2025-02-18,
109475,2023-03-25,
109476,2024-06-09,
109477,2024-12-06,
109478,2025-01-08,1
109479,2024-12-02,
109480,2023-03-22,
109481,2024-05-31,
109482,2024-08-17,
109483,2024-08-17,
109484,2023-04-10,397
109485,2023-03-25,
109486,2023-01-23,
109487,2023-02-28,
109488,2024-04-02,66
109489,2024-08-05,
109490,2023-03-04,
109491,2024-12-18,
109492,2023-11-15,
109493,2023-02-16,179
109494,2025-01-14,
109495,2023-02-13,
109496,2024-05-13,
109497,2024-03-28,
109498,2023-02-16,211
109499,2023-03-07,
109500,2024-06-03,
109501,2024-09-06,
109502,2023-11-28,
109503,2024-05-11,
109504,2025-03-16,
109505,2023-08-06,
109506,2024-12-18,
109507,2023-04-16,2
109508,2024-02-14,
109509,2025-01-13,
109510,2023-05-12,
109511,2023-08-03,
109512,2024-01-23,
109513,2025-04-09,
109514,2023-01-19,116
109515,2023-08-14,
109516,2024-10-15,
109517,2024-05-30,
109518,2023-01-20,
109519,2023-07-01,
109520,2023-06-26,154
109521,2024-01-31,
109522,2024-03-09,
109523,2023-10-08,98
109524,2023-05-21,
109525,2023-01-13,44
109526,2023-09-19,52
109527,2024-04-12,
109528,2023-11-24,
109529,2024-11-11,
109530,2023-11-25,245
109531,2024-12-25,
109532,2024-06-30,
109533,2025-02-17,37
109534,2025-04-30,
109535,2023-02-23,
109536,2025-04-10,
109537,2023-11-06,
109538,2024-01-28,
109539,2023-08-29,
109540,2024-08-11,
109541,2025-05-28,
109542,2023-03-07,
109543,2025-03-10,
109544,2024-07-24,
109545,2023-11-30,216
109546,2023-02-15,
109547,2024-05-17,336
109548,2024-01-13,
109549,2024-09-21,
109550,2025-05-11,
109551,2024-04-02,31
109552,2024-12-04,
109553,2023-07-08,
109554,2024-11-05,
109555,2024-04-25,
109556,2025-03-06,7
109557,2024-04-24,
109558,2025-01-11,
109559,2025-04-11,
109560,2024-08-21,354
109561,2024-09-06,
109562,2025-04-18,
109563,2024-04-17,
109564,2023-04-16,
109565,2023-02-02,
109566,2025-05-02,
109567,2024-06-25,
109568,2024-01-20,3
109569,2025-01-01,
109570,2023-04-24,
109571,2025-01-23,
109572,2024-07-28,
109573,2024-03-31,253
109574,2024-07-28,
109575,2024-01-21,
109576,2024-04-30,
109577,2025-04-18,
109578,2024-10-25,
109579,2025-05-04,360
109580,2024-12-29,339
109581,2023-07-01,
109582,2024-05-19,
109583,2024-12-29,162
109584,2024-01-15,
109585,2024-08-12,
109586,2023-07-24,
109587,2024-02-12,
109588,2025-05-30,
109589,2025-04-29,
109590,2024-10-29,
109591,2024-01-25,
109592,2025-02-25,
109593,2024-03-29,
109594,2024-10-01,
109595,2024-01-03,
109596,2024-07-19,
109597,2024-08-04,
109598,2024-01-26,
109599,2024-09-12,
109600,2023-11-17,
109601,2025-05-28,
109602,2024-06-29,
109603,2024-05-07,
109604,2024-04-24,
109605,2023-03-13,
109606,2025-02-12,
109607,2025-02-13,180
109608,2023-08-31,
109609,2023-12-07,
109610,2024-12-10,
109611,2023-04-10,
109612,2023-11-05,
109613,2025-01-22,
109614,2023-04-05,
109615,2023-04-15,
109616,2024-08-31,
109617,2023-02-10,
109618,2024-11-24,
109619,2024-04-01,
109620,2023-04-03,101
109621,2024-06-18,
109622,2024-12-03,
109623,2024-01-01,
109624,2025-05-15,
109625,2023-05-31,
109626,2024-03-24,
109627,2023-12-15,8
109628,2025-03-20,299
109629,2023-12-02,234
109630,2024-01-11,
109631,2023-01-05,
109632,2023-03-13,
109633,2025-04-01,
109634,2024-12-31,
109635,2024-10-01,
109636,2024-10-18,
109637,2023-01-07,
109638,2023-01-10,
109639,2023-11-11,
109640,2024-02-24,235
109641,2024-01-15,
109642,2023-01-23,
109643,2024-01-11,
109644,2023-05-07,
109645,2025-04-30,245
109646,2024-02-16,
109647,2023-01-31,
109648,2024-01-10,
109649,2023-09-24,157
109650,2024-08-24,
109651,2023-10-17,
109652,2023-11-22,
109653,2024-07-26,
109654,2025-05-04,
109655,2023-01-14,
109656,2023-07-24,
109657,2023-07-28,
109658,2025-03-13,319
109659,2023-06-21,
109660,2024-08-21,
109661,2024-03-26,
109662,2025-02-17,395
109663,2024-03-22,43
109664,2023-06-24,265
109665,2025-03-16,
109666,2023-10-25,400
109667,2023-10-07,
109668,2023-07-13,
109669,2024-10-23,
109670,2025-02-23,
109671,2023-01-09,
109672,2023-01-20,
109673,2023-06-19,347
109674,2024-07-19,
109675,2024-06-14,
109676,2023-05-07,
109677,2025-02-28,397
109678,2024-07-27,
109679,2024-11-27,
109680,2025-05-08,
109681,2024-04-12,
109682,2024-01-04,
109683,2023-06-28,
109684,2023-01-01,
109685,2024-10-11,
109686,2024-10-01,
109687,2024-01-31,
109688,2023-09-15,
109689,2024-02-03,
109690,2023-11-07,
109691,2024-05-10,
109692,2023-05-15,
109693,2025-01-18,
109694,2025-01-12,
109695,2023-04-17,
109696,2024-12-29,
109697,2024-02-07,
109698,2023-03-19,
109699,2024-11-23,286
109700,2023-04-24,
109701,2024-03-13,387
109702,2023-09-02,
109703,2025-04-01,
109704,2023-03-20,
109705,2023-10-15,
109706,2024-05-30,
109707,2023-08-14,
109708,2025-03-26,
109709,2025-01-03,
109710,2023-04-28,
109711,2024-08-12,
109712,2023-04-04,114
109713,2024-03-09,
109714,2024-01-04,
109715,2023-08-14,234
109716,2024-03-30,
109717,2024-05-03,
109718,2024-06-09,
109719,2024-09-14,
109720,2025-05-14,
109721,2023-11-13,
109722,2024-10-20,
109723,2024-11-14,
109724,2024-06-07,
109725,2023-04-15,
109726,2023-06-18,
109727,2023-10-30,
109728,2023-04-19,
109729,2024-09-08,
109730,2024-08-16,
109731,2024-03-28,327
109732,2024-06-29,
109733,2024-05-22,
109734,2025-04-08,
109735,2024-04-19,
109736,2025-04-25,
109737,2023-10-17,
109738,2024-04-12,
109739,2024-12-12,
109740,2023-04-04,75
109741,2024-01-22,
109742,2024-07-27,
109743,2023-12-14,
109744,2023-07-26,116
109745,2023-02-02,
109746,2024-12-20,
109747,2023-02-19,
109748,2024-07-12,
109749,2024-02-16,
109750,2024-08-19,
109751,2024-08-11,153
109752,2023-04-04,
109753,2023-03-30,
109754,2024-04-04,
109755,2023-01-17,
109756,2024-10-15,
109757,2023-02-15,
109758,2025-04-26,
109759,2023-07-27,
109760,2023-09-01,259
109761,2024-11-20,
109762,2024-09-13,
109763,2024-04-23,
109764,2023-02-04,
109765,2024-01-19,
109766,2023-06-16,
109767,2023-12-21,
109768,2023-12-05,
109769,2025-03-20,
109770,2024-10-21,
109771,2025-04-08,
109772,2023-02-28,
109773,2024-06-03,
109774,2023-08-28,
109775,2024-05-22,
109776,2024-10-12,
109777,2024-09-18,20
109778,2023-03-03,
109779,2024-07-04,
109780,2024-02-08,
109781,2024-09-06,
109782,2023-01-31,
109783,2025-01-01,
109784,2023-10-21,
109785,2024-10-31,
109786,2023-12-29,
109787,2023-07-26,
109788,2023-08-03,
109789,2023-01-01,
109790,2024-12-19,245
109791,2024-12-05,
109792,2023-06-23,
109793,2023-05-10,
109794,2024-03-16,
109795,2024-01-11,
109796,2023-01-23,
109797,2025-01-29,350
109798,2023-12-04,185
109799,2023-10-12,386
109800,2023-10-07,
109801,2023-05-23,
109802,2025-04-02,
109803,2024-11-17,
109804,2024-03-04,
109805,2024-08-08,
109806,2024-04-19,160
109807,2023-06-22,
109808,2024-09-06,
109809,2024-05-11,278
109810,2024-10-13,
109811,2023-05-26,
109812,2024-04-22,
109813,2025-04-25,
109814,2025-04-27,
109815,2024-07-14,
109816,2024-09-07,
109817,2024-06-04,
109818,2023-11-16,
109819,2023-12-13,
109820,2024-12-30,
109821,2023-07-05,84
109822,2023-03-05,
109823,2025-02-17,
109824,2024-05-19,
109825,2023-04-18,59
109826,2024-09-11,
109827,2024-04-22,337
109828,2024-04-28,
109829,2024-01-14,
109830,2024-03-22,
109831,2024-11-23,338
109832,2023-06-09,
109833,2023-06-02,
109834,2023-12-02,
109835,2024-11-08,
109836,2023-10-08,
109837,2024-07-14,
109838,2024-02-06,
109839,2023-06-06,121
109840,2024-09-03,
109841,2023-10-21,
109842,2024-03-24,
109843,2023-04-03,
109844,2024-08-31,
109845,2024-03-14,
109846,2023-03-03,
109847,2024-09-28,83
109848,2023-04-17,
109849,2022-12-31,
109850,2024-06-15,170
109851,2023-12-05,
109852,2023-05-04,348
109853,2023-03-09,
109854,2025-02-11,
109855,2024-02-07,
109856,2024-09-28,
109857,2025-01-02,
109858,2023-08-19,276
109859,2024-09-25,
109860,2023-07-03,
109861,2023-02-14,
109862,2023-03-30,
109863,2024-10-09,
109864,2023-04-18,
109865,2024-08-11,
109866,2025-03-26,3
109867,2024-03-20,
109868,2024-01-20,
109869,2025-04-07,
109870,2023-09-12,
109871,2025-01-09,
109872,2024-11-24,
109873,2023-11-15,
109874,2024-06-17,
109875,2023-01-30,
109876,2023-02-21,
109877,2024-12-06,311
109878,2024-01-30,
109879,2023-07-27,
109880,2025-03-13,241
109881,2023-02-18,
109882,2024-09-18,364
109883,2024-11-15,349
109884,2023-10-15,
109885,2024-11-02,
109886,2023-10-03,
109887,2024-06-12,
109888,2025-03-19,
109889,2023-01-26,34
109890,2025-01-11,
109891,2023-01-12,
109892,2023-10-08,
109893,2023-01-27,61
109894,2023-05-01,184
109895,2024-12-23,
109896,2023-11-08,
109897,2024-03-09,
109898,2024-12-10,
109899,2024-11-03,
109900,2025-02-23,
109901,2023-07-19,
109902,2023-07-28,
109903,2023-08-19,
109904,2024-11-30,301
109905,2023-08-18,
109906,2025-01-14,
109907,2023-01-24,
109908,2024-10-04,
109909,2023-08-18,
109910,2023-07-27,
109911,2025-02-07,
109912,2024-04-17,
109913,2023-08-29,
109914,2024-07-06,
109915,2024-06-05,
109916,2023-09-19,
109917,2024-06-05,
109918,2023-06-15,
109919,2024-08-15,
109920,2025-04-27,
109921,2023-04-27,
109922,2024-05-11,
109923,2023-09-02,
109924,2024-05-05,
109925,2023-04-17,
109926,2024-02-02,
109927,2023-04-26,
109928,2023-02-15,
109929,2025-01-23,124
109930,2025-05-15,
109931,2024-03-03,
109932,2025-01-23,
109933,2024-04-21,257
109934,2023-02-14,
109935,2024-08-15,
109936,2023-10-14,
109937,2023-07-28,
109938,2025-04-28,
109939,2024-10-24,144
109940,2024-02-04,162
109941,2023-06-13,
109942,2023-12-12,337
109943,2023-10-07,
109944,2023-05-06,
109945,2023-04-22,23
109946,2025-03-27,
109947,2024-09-28,
109948,2024-11-15,
109949,2023-02-24,
109950,2024-02-05,
109951,2023-01-02,
109952,2025-03-02,175
109953,2025-04-16,
109954,2024-06-14,
109955,2024-12-05,
109956,2023-09-19,
109957,2023-01-18,348
109958,2024-01-29,
109959,2023-09-10,331
109960,2024-12-16,
109961,2024-09-17,
109962,2023-05-21,
109963,2024-03-23,44
109964,2023-10-08,
109965,2024-08-17,
109966,2023-08-30,
109967,2024-04-04,
109968,2025-01-23,
109969,2024-11-20,
109970,2024-04-24,
109971,2024-08-11,243
109972,2023-11-28,
109973,2024-03-14,71
109974,2024-03-08,286
109975,2023-11-29,
109976,2025-06-04,
109977,2023-11-11,
109978,2025-05-08,
109979,2024-07-04,
109980,2024-10-07,
109981,2024-10-30,
109982,2023-03-21,
109983,2024-11-14,
109984,2024-10-10,
109985,2025-03-02,
109986,2023-06-18,
109987,2024-06-07,
109988,2024-02-04,
109989,2024-03-18,
109990,2023-10-25,
109991,2025-02-17,
109992,2024-06-11,
109993,2023-08-18,134
109994,2023-12-20,
109995,2025-02-01,318
109996,2024-01-16,123
109997,2023-10-01,36
109998,2023-09-11,
109999,2023-02-08,
110000,2025-05-05,
110001,2023-01-28,
110002,2023-12-30,
110003,2025-01-03,
110004,2023-04-05,
110005,2023-11-14,
110006,2023-03-23,
110007,2024-08-19,268
110008,2024-07-10,
110009,2024-07-20,
110010,2023-03-19,
110011,2024-02-20,
110012,2024-03-13,
110013,2023-01-02,67
110014,2023-02-10,
110015,2023-01-20,
110016,2023-07-07,50
110017,2025-04-16,
110018,2025-01-24,
110019,2023-09-07,
110020,2023-09-07,
110021,2024-12-12,
110022,2025-04-19,260
110023,2023-06-02,
110024,2025-03-19,
110025,2025-06-01,
110026,2024-09-13,
110027,2025-06-06,
110028,2023-09-07,
110029,2024-04-30,
110030,2024-10-10,
110031,2025-05-01,
110032,2024-05-23,
110033,2024-10-21,
110034,2023-11-07,
110035,2023-11-24,
110036,2024-12-06,
110037,2023-04-24,
110038,2023-05-10,
110039,2023-12-01,10
110040,2023-05-20,
110041,2023-06-29,253
110042,2023-04-09,
110043,2023-01-09,
110044,2025-01-21,
110045,2024-03-19,
110046,2023-07-03,196
110047,2025-02-28,400
110048,2025-02-11,
110049,2024-11-13,46
110050,2025-01-24,
110051,2024-04-22,356
110052,2023-07-04,
110053,2023-08-12,
110054,2023-05-04,
110055,2024-03-25,
110056,2023-04-15,
110057,2023-08-06,388
110058,2025-01-22,125
110059,2025-03-25,
110060,2024-08-06,
110061,2024-12-09,
110062,2023-12-12,168
110063,2024-02-13,
110064,2025-01-09,180
110065,2024-06-14,223
110066,2024-01-02,
110067,2024-12-17,
110068,2024-08-27,
110069,2025-01-11,
110070,2023-11-14,
110071,2024-10-01,132
110072,2024-02-03,
110073,2023-05-19,
110074,2023-08-05,
110075,2023-02-02,
110076,2023-09-30,
110077,2025-03-17,
110078,2023-06-05,
110079,2024-12-17,
110080,2023-12-26,
110081,2024-05-07,
110082,2024-01-20,
110083,2024-04-02,
110084,2025-06-08,103
110085,2024-03-28,
110086,2024-08-30,
110087,2023-10-03,327
110088,2024-01-19,
110089,2024-09-09,
110090,2023-11-14,169
110091,2024-06-24,
110092,2024-07-22,
110093,2023-11-09,
110094,2025-03-21,37
110095,2025-04-12,
110096,2023-05-14,
110097,2023-04-02,
110098,2025-01-21,
110099,2025-03-30,
110100,2025-05-03,
110101,2024-04-09,
110102,2024-04-19,
110103,2024-11-14,
110104,2024-07-25,
110105,2023-12-10,
110106,2023-12-11,
110107,2023-05-30,
110108,2023-12-03,
110109,2024-11-07,
110110,2023-08-11,336
110111,2023-08-15,361
110112,2023-05-23,
110113,2024-07-11,
110114,2023-11-07,
110115,2022-12-31,
110116,2025-03-29,
110117,2023-06-29,
110118,2024-01-20,29
110119,2024-03-26,
110120,2024-06-27,
110121,2025-04-30,
110122,2023-08-28,
110123,2024-10-12,
110124,2025-04-15,
110125,2023-03-15,
110126,2023-11-20,178
110127,2023-06-05,162
110128,2024-09-14,
110129,2023-07-31,
110130,2023-06-01,
110131,2024-12-03,
110132,2024-10-25,96
110133,2024-07-29,
110134,2023-01-01,
110135,2023-12-28,
110136,2025-05-24,
110137,2024-12-09,
110138,2024-05-10,
110139,2023-01-13,
110140,2023-04-21,
110141,2024-08-14,
110142,2023-04-05,
110143,2024-02-25,261
110144,2023-04-11,
110145,2024-12-22,
110146,2023-11-26,166
110147,2023-02-14,
110148,2025-01-29,
110149,2024-08-30,
110150,2023-12-27,383
110151,2025-01-31,
110152,2023-08-11,302
110153,2024-09-09,
110154,2024-07-18,
110155,2023-01-21,291
110156,2023-12-27,
110157,2025-01-16,29
110158,2023-12-26,
110159,2023-07-31,
110160,2024-09-01,
110161,2023-01-20,
110162,2024-08-20,38
110163,2023-08-28,
110164,2023-06-04,
110165,2023-05-14,
110166,2024-05-29,
110167,2023-11-08,
110168,2025-06-05,
110169,2024-12-26,
110170,2024-11-19,
110171,2024-02-10,
110172,2024-07-17,
110173,2023-10-23,
110174,2024-10-30,
110175,2023-01-25,
110176,2024-07-07,36
110177,2024-03-23,
110178,2024-01-09,
110179,2025-05-25,284
110180,2023-06-02,
110181,2023-10-25,
110182,2023-09-05,
110183,2023-02-17,73
110184,2024-02-23,
110185,2025-05-02,
110186,2023-03-05,
110187,2024-06-17,
110188,2024-07-16,
110189,2025-05-02,345
110190,2024-11-12,74
110191,2024-11-11,
110192,2023-12-03,
110193,2023-01-24,
110194,2024-02-15,190
110195,2024-05-18,44
110196,2025-01-17,
110197,2023-08-30,
110198,2023-01-01,
110199,2023-12-25,
110200,2024-05-04,
110201,2024-06-12,
110202,2025-03-06,90
110203,2024-08-24,
110204,2024-05-08,
110205,2025-03-22,110
110206,2023-10-23,
110207,2024-03-07,
110208,2024-11-24,
110209,2023-11-27,
110210,2024-12-02,5
110211,2024-04-22,
110212,2023-02-24,
110213,2023-12-18,
110214,2025-02-26,
110215,2025-04-08,
110216,2024-02-29,
110217,2023-08-17,
110218,2023-06-21,
110219,2025-01-08,372
110220,2023-09-15,
110221,2025-04-02,
110222,2024-11-04,
110223,2023-01-08,
110224,2023-07-12,
110225,2023-10-11,275
110226,2024-10-09,
110227,2024-04-07,
110228,2024-01-31,
110229,2025-05-09,
110230,2023-08-17,
110231,2025-04-29,270
110232,2023-09-08,
110233,2024-05-05,
110234,2024-10-21,
110235,2024-08-18,
110236,2023-08-02,
110237,2025-01-28,
110238,2023-10-12,172
110239,2025-01-12,
110240,2023-03-21,
110241,2024-07-01,
110242,2024-11-21,
110243,2023-04-18,
110244,2025-01-29,
110245,2024-08-08,
110246,2024-09-18,301
110247,2025-05-11,
110248,2023-11-18,
110249,2023-03-15,
110250,2025-01-18,343
110251,2025-04-06,
110252,2025-01-17,
110253,2024-02-27,212
110254,2024-01-01,
110255,2023-01-29,
110256,2023-06-11,
110257,2024-08-17,
110258,2025-03-18,
110259,2024-05-07,
110260,2023-08-15,
110261,2024-05-19,
110262,2025-02-11,
110263,2024-12-22,
110264,2024-01-21,
110265,2023-12-27,10
110266,2024-12-14,
110267,2023-11-23,
110268,2023-04-09,
110269,2024-07-31,
110270,2023-01-12,
110271,2024-04-10,
110272,2024-12-01,
110273,2023-05-01,
110274,2024-09-09,285
110275,2024-10-20,
110276,2024-07-18,233
110277,2023-11-03,
110278,2024-07-02,
110279,2024-09-10,134
110280,2024-05-27,
110281,2024-09-27,60
110282,2024-10-08,
110283,2024-10-10,
110284,2024-09-25,
110285,2023-01-12,
110286,2025-02-02,
110287,2024-03-16,
110288,2023-10-23,31
110289,2023-01-02,
110290,2024-01-21,
110291,2024-11-10,
110292,2023-04-17,
110293,2024-09-25,
110294,2025-05-11,
110295,2023-10-19,271
110296,2023-03-31,
110297,2024-03-23,
110298,2024-12-12,387
110299,2024-03-31,199
110300,2024-03-10,
110301,2024-12-12,
110302,2024-08-01,
110303,2024-05-24,
110304,2023-10-17,238
110305,2023-03-26,
110306,2023-07-24,
110307,2024-05-31,
110308,2024-06-02,
110309,2024-07-06,
110310,2024-08-01,
110311,2023-06-18,
110312,2023-06-22,
110313,2025-05-15,182
110314,2023-07-21,
110315,2024-08-18,
110316,2024-11-21,45
110317,2023-08-30,
110318,2023-10-09,
110319,2025-01-23,
110320,2023-05-21,
110321,2023-11-14,
110322,2023-09-19,
110323,2024-09-13,
110324,2023-04-11,
110325,2023-06-06,
110326,2024-08-12,
110327,2024-03-06,
110328,2025-01-21,
110329,2025-06-06,
110330,2024-11-11,
110331,2023-06-25,268
110332,2023-09-06,30
110333,2023-05-13,42
110334,2024-01-24,
110335,2023-10-15,
110336,2023-03-17,
110337,2023-08-28,
110338,2025-03-21,342
110339,2023-01-06,
110340,2023-02-16,
110341,2024-11-11,
110342,2024-01-04,3
110343,2023-09-16,106
110344,2023-07-02,
110345,2023-08-03,
110346,2023-12-07,
110347,2023-08-02,
110348,2025-01-25,
110349,2025-05-09,
110350,2024-01-11,
110351,2024-10-16,
110352,2024-06-07,
110353,2023-10-02,
110354,2023-09-01,
110355,2023-01-21,242
110356,2023-06-24,
110357,2024-06-14,
110358,2024-05-31,
110359,2025-02-12,
110360,2023-03-26,
110361,2023-01-27,
110362,2024-03-22,
110363,2024-11-12,
110364,2025-05-10,
110365,2024-02-29,
110366,2024-11-17,
110367,2024-11-15,
110368,2025-04-27,
110369,2022-12-28,
110370,2024-11-12,
110371,2023-12-25,
110372,2024-07-13,
110373,2024-06-29,304
110374,2023-07-06,
110375,2024-12-06,
110376,2023-03-21,86
110377,2023-11-17,212
110378,2023-06-13,
110379,2023-12-31,
110380,2023-08-22,
110381,2023-10-26,
110382,2025-04-08,177
110383,2023-06-22,72
110384,2024-04-30,
110385,2023-08-14,272
110386,2024-12-09,
110387,2023-07-25,
110388,2023-02-28,
110389,2023-11-12,
110390,2024-09-28,
110391,2024-12-31,
110392,2024-07-06,101
110393,2024-05-10,
110394,2024-09-21,170
110395,2024-08-23,
110396,2024-05-12,
110397,2025-04-18,394
110398,2024-01-15,193
110399,2025-06-06,
110400,2024-08-22,315
110401,2023-04-24,
110402,2025-03-24,
110403,2023-11-08,367
110404,2023-04-14,
110405,2022-12-29,
110406,2025-01-15,
110407,2024-07-04,
110408,2023-07-01,
110409,2024-09-04,77
110410,2024-08-30,
110411,2023-09-23,258
110412,2023-02-10,
110413,2024-12-08,
110414,2023-02-20,327
110415,2024-09-11,146
110416,2023-09-23,
110417,2024-04-18,
110418,2023-10-21,
110419,2025-03-10,
110420,2023-10-29,
110421,2023-09-26,
110422,2024-02-09,
110423,2023-10-05,
110424,2023-10-04,
110425,2023-11-24,296
110426,2023-03-09,
110427,2023-04-15,
110428,2024-07-17,
110429,2025-04-01,
110430,2024-05-18,
110431,2023-08-28,119
110432,2023-09-27,
110433,2024-02-07,
110434,2025-06-03,79
110435,2024-09-01,
110436,2024-06-15,
110437,2024-09-06,
110438,2024-04-28,
110439,2023-09-08,300
110440,2024-03-19,
110441,2024-10-18,
110442,2023-09-19,
110443,2024-08-22,
110444,2023-05-25,
110445,2024-11-12,386
110446,2023-08-01,
110447,2023-02-17,260
110448,2024-05-12,
110449,2025-04-04,
110450,2024-11-22,
110451,2024-12-27,
110452,2024-02-04,
110453,2024-06-11,
110454,2024-12-27,113
110455,2023-10-17,
110456,2025-02-01,
110457,2024-09-28,
110458,2023-03-01,
110459,2025-03-05,
110460,2023-02-08,
110461,2024-12-28,
110462,2024-01-06,
110463,2025-03-21,
110464,2025-05-08,
110465,2023-10-01,
110466,2023-03-12,
110467,2024-01-13,
110468,2025-05-21,
110469,2023-03-15,
110470,2024-02-09,
110471,2024-01-01,
110472,2023-07-10,
110473,2024-12-20,
110474,2023-05-29,
110475,2025-02-27,
110476,2025-03-03,
110477,2025-03-01,
110478,2023-10-23,350
110479,2024-06-14,
110480,2023-06-09,
110481,2023-04-01,369
110482,2024-01-18,
110483,2023-07-16,
110484,2024-05-18,278
110485,2025-03-19,
110486,2024-06-16,74
110487,2023-03-19,
110488,2024-11-29,
110489,2024-10-26,
110490,2025-04-27,
110491,2025-02-06,
110492,2025-01-13,
110493,2024-01-17,
110494,2023-11-02,
110495,2024-08-17,
110496,2023-02-14,
110497,2025-05-22,
110498,2025-02-08,
110499,2024-10-20,
110500,2024-12-14,270
110501,2024-11-28,
110502,2024-01-08,
110503,2023-09-10,
110504,2023-09-25,315
110505,2023-01-31,
110506,2025-02-18,
110507,2023-09-28,382
110508,2025-06-05,
110509,2023-11-12,
110510,2023-06-19,
110511,2023-06-02,
110512,2023-01-30,
110513,2023-07-12,263
110514,2023-01-01,
110515,2024-07-28,
110516,2023-02-17,
110517,2023-08-20,70
110518,2025-02-05,
110519,2023-07-18,
110520,2025-03-28,3
110521,2024-09-05,
110522,2024-07-17,162
110523,2023-04-22,
110524,2025-06-04,
110525,2024-05-28,
110526,2023-04-24,
110527,2024-01-25,
110528,2024-10-12,
110529,2023-11-12,
110530,2024-12-07,
110531,2024-08-23,
110532,2024-12-21,
110533,2024-11-06,
110534,2023-07-26,
110535,2023-01-04,
110536,2025-05-19,
110537,2023-07-04,
110538,2023-11-28,248
110539,2023-08-20,
110540,2023-10-25,
110541,2024-07-31,
110542,2023-04-27,
110543,2023-06-12,
110544,2023-07-05,
110545,2023-11-25,
110546,2025-05-16,
110547,2023-06-09,
110548,2023-03-20,
110549,2023-09-24,
110550,2023-01-31,
110551,2023-07-30,321
110552,2024-04-18,
110553,2023-07-09,
110554,2023-07-13,
110555,2025-01-26,
110556,2024-12-14,
110557,2024-02-10,
110558,2024-06-06,
110559,2024-12-29,198
110560,2024-07-20,
110561,2023-12-02,
110562,2024-11-29,
110563,2024-10-08,
110564,2025-03-08,
110565,2023-11-11,204
110566,2024-01-16,
110567,2024-10-13,
110568,2023-04-20,
110569,2024-01-03,
110570,2023-09-19,
110571,2023-03-06,
110572,2023-01-11,
110573,2023-09-29,
110574,2025-03-19,
110575,2025-03-29,
110576,2024-04-03,
110577,2025-05-24,
110578,2023-03-06,230
110579,2023-08-22,
110580,2024-11-23,
110581,2024-08-27,58
110582,2023-04-29,
110583,2023-08-20,
110584,2023-03-12,
110585,2023-07-13,
110586,2023-08-04,
110587,2023-06-03,
110588,2024-11-12,
110589,2023-08-09,
110590,2023-05-19,9
110591,2024-08-29,
110592,2024-08-05,382
110593,2024-07-10,
110594,2023-05-22,156
110595,2024-08-19,
110596,2023-05-16,
110597,2024-01-03,385
110598,2024-02-02,
110599,2024-02-13,
110600,2024-04-10,
110601,2023-11-28,
110602,2024-08-01,143
110603,2023-01-22,
110604,2024-07-18,
110605,2024-08-24,
110606,2022-12-29,
110607,2025-01-01,
110608,2024-02-16,
110609,2023-07-07,
110610,2023-08-18,
110611,2023-11-24,
110612,2023-09-30,
110613,2025-06-06,
110614,2023-12-09,
110615,2024-09-02,244
110616,2024-11-23,14
110617,2023-02-05,
110618,2024-02-22,196
110619,2023-08-27,
110620,2023-12-05,
110621,2023-08-03,107
110622,2024-06-10,347
110623,2023-12-22,
110624,2023-07-09,
110625,2024-06-02,
110626,2024-11-04,
110627,2025-04-18,
110628,2023-12-05,
110629,2024-12-05,
110630,2024-01-11,231
110631,2023-01-27,
110632,2024-09-10,
110633,2024-07-30,300
110634,2024-10-03,322
110635,2023-07-19,
110636,2023-08-07,
110637,2025-03-02,
110638,2023-05-18,
110639,2023-01-01,
110640,2024-09-10,78
110641,2024-01-15,
110642,2023-11-07,
110643,2025-02-27,
110644,2024-06-20,
110645,2023-12-25,
110646,2023-08-11,
110647,2024-07-30,
110648,2023-11-24,
110649,2024-08-22,
110650,2023-12-04,264
110651,2023-06-30,
110652,2024-06-09,
110653,2024-07-21,
110654,2025-03-08,42
110655,2023-02-13,
110656,2023-01-25,
110657,2023-12-20,333
110658,2024-04-09,
110659,2024-09-20,
110660,2023-03-11,
110661,2023-05-09,
110662,2023-01-17,
110663,2023-04-10,
110664,2023-12-16,
110665,2024-06-25,114
110666,2024-05-27,249
110667,2024-03-02,
110668,2025-04-14,
110669,2023-02-23,
110670,2023-03-26,
110671,2024-02-17,
110672,2025-04-10,
110673,2023-01-27,
110674,2023-03-11,
110675,2024-08-28,97
110676,2024-11-26,
110677,2024-09-27,
110678,2024-01-13,70
110679,2024-05-26,3
110680,2023-11-22,
110681,2024-01-01,187
110682,2023-12-20,185
110683,2023-02-17,365
110684,2023-03-19,
110685,2024-11-18,
110686,2024-04-24,
110687,2025-02-28,119
110688,2024-12-28,
110689,2024-12-13,
110690,2023-10-11,327
110691,2023-12-15,
110692,2025-04-14,336
110693,2023-07-09,
110694,2025-01-16,
110695,2025-01-31,
110696,2024-06-22,
110697,2023-05-30,
110698,2023-07-20,207
110699,2023-09-06,
110700,2023-05-02,
110701,2023-04-26,
110702,2024-03-05,
110703,2023-12-30,
110704,2025-04-04,
110705,2024-08-31,
110706,2024-12-19,
110707,2025-04-06,
110708,2023-01-26,
110709,2024-05-28,
110710,2024-02-04,
110711,2023-05-25,
110712,2024-05-17,
110713,2025-04-22,
110714,2024-07-04,
110715,2023-02-17,
110716,2024-01-30,
110717,2024-11-28,
110718,2024-01-23,
110719,2023-12-24,
110720,2023-05-04,
110721,2025-03-24,
110722,2024-12-03,
110723,2025-02-28,283
110724,2024-03-09,
110725,2023-05-18,
110726,2023-03-23,
110727,2024-07-19,
110728,2024-08-13,102
110729,2024-02-11,
110730,2023-11-21,
110731,2023-09-06,
110732,2024-02-12,
110733,2024-06-23,
110734,2024-06-08,
110735,2024-07-08,9
110736,2023-10-04,
110737,2024-01-08,
110738,2023-07-15,261
110739,2024-08-04,
110740,2024-10-11,
110741,2025-02-20,340
110742,2023-05-04,
110743,2024-09-27,
110744,2024-07-10,68
110745,2023-01-04,
110746,2025-02-28,171
110747,2024-01-27,
110748,2023-08-28,
110749,2024-06-15,
110750,2024-09-25,128
110751,2024-10-02,
110752,2024-04-13,
110753,2024-11-22,
110754,2024-05-25,
110755,2024-10-02,
110756,2024-07-25,20
110757,2024-02-17,248
110758,2023-10-13,
110759,2023-05-16,
110760,2024-10-01,
110761,2024-11-09,328
110762,2023-05-03,
110763,2023-08-14,
110764,2023-11-06,
110765,2024-02-14,
110766,2023-04-18,
110767,2023-04-08,
110768,2023-05-17,393
110769,2024-06-30,
110770,2025-01-07,
110771,2023-07-01,
110772,2023-10-06,
110773,2023-10-20,
110774,2024-08-16,
110775,2024-07-09,
110776,2024-12-29,
110777,2023-05-13,372
110778,2023-10-12,
110779,2023-10-04,15
110780,2024-06-20,
110781,2023-02-17,
110782,2024-12-30,133
110783,2023-03-03,
110784,2024-08-18,
110785,2025-04-10,
110786,2023-02-23,
110787,2023-01-19,
110788,2023-10-12,84
110789,2023-07-26,196
110790,2023-01-12,
110791,2025-02-27,
110792,2024-12-28,
110793,2023-07-03,
110794,2025-03-27,
110795,2023-06-22,
110796,2023-11-17,
110797,2024-01-11,
110798,2024-07-27,
110799,2024-03-02,
110800,2025-04-05,
110801,2024-09-18,
110802,2023-04-25,394
110803,2023-03-14,
110804,2023-07-08,
110805,2024-08-10,110
110806,2023-11-19,
110807,2024-12-27,196
110808,2024-01-19,65
110809,2025-01-02,
110810,2025-03-30,
110811,2023-08-29,
110812,2023-02-03,
110813,2025-05-28,
110814,2023-05-05,
110815,2024-01-19,
110816,2023-04-22,
110817,2023-02-20,
110818,2024-10-29,
110819,2023-11-25,
110820,2024-04-03,
110821,2024-03-19,
110822,2024-03-18,
110823,2025-03-17,
110824,2024-12-05,
110825,2023-02-20,
110826,2023-05-12,
110827,2024-08-30,363
110828,2025-06-05,
110829,2023-03-20,
110830,2023-01-12,
110831,2025-03-29,
110832,2023-08-28,
110833,2023-06-09,212
110834,2023-10-06,
110835,2023-02-11,
110836,2023-10-17,152
110837,2024-05-25,
110838,2025-02-27,
110839,2023-05-05,
110840,2024-01-13,
110841,2024-07-10,
110842,2023-12-18,
110843,2025-05-31,
110844,2024-11-18,
110845,2024-10-23,
110846,2024-09-09,
110847,2024-05-31,
110848,2024-04-06,
110849,2023-09-17,
110850,2025-05-11,
110851,2025-01-01,
110852,2025-02-28,
110853,2023-12-12,
110854,2024-10-14,355
110855,2024-03-14,306
110856,2023-04-28,
110857,2023-11-02,
110858,2025-01-18,
110859,2023-02-15,
110860,2023-02-15,
110861,2025-06-05,45
110862,2024-04-16,
110863,2024-08-25,226
110864,2025-02-27,
110865,2023-12-04,278
110866,2023-06-19,
110867,2025-02-26,339
110868,2023-01-16,
110869,2025-01-07,
110870,2023-08-26,
110871,2024-11-22,
110872,2025-04-10,
110873,2023-05-19,
110874,2024-06-25,389
110875,2024-12-20,
110876,2023-10-25,
110877,2025-04-15,
110878,2023-02-09,
110879,2025-05-31,
110880,2025-06-05,
110881,2024-12-23,
110882,2023-10-05,129
110883,2024-06-13,
110884,2024-08-12,357
110885,2023-12-26,
110886,2024-01-06,96
110887,2023-10-11,
110888,2024-11-25,
110889,2023-05-14,
110890,2025-01-20,
110891,2023-06-30,
110892,2023-11-08,
110893,2025-02-01,
110894,2024-06-30,
110895,2023-01-10,
110896,2023-07-01,
110897,2023-12-25,182
110898,2024-03-12,152
110899,2024-04-24,
110900,2025-05-18,120
110901,2024-12-04,52
110902,2023-05-13,16
110903,2024-07-17,
110904,2024-04-07,
110905,2024-04-23,80
110906,2023-12-18,363
110907,2024-08-08,354
110908,2024-09-04,
110909,2023-05-11,
110910,2023-12-02,284
110911,2024-11-06,
110912,2023-08-04,
110913,2024-10-22,
110914,2023-05-20,
110915,2024-08-28,
110916,2024-01-27,
110917,2023-11-23,373
110918,2025-04-17,257
110919,2024-09-04,
110920,2025-04-27,
110921,2025-01-16,24
110922,2024-01-08,
110923,2024-12-07,
110924,2023-08-11,
110925,2024-10-11,
110926,2024-10-10,
110927,2024-04-10,
110928,2024-04-12,
110929,2023-04-18,
110930,2024-10-22,127
110931,2024-05-07,
110932,2023-04-10,
110933,2024-01-31,
110934,2024-07-20,
110935,2023-11-09,
110936,2023-06-08,
110937,2023-09-19,
110938,2024-11-04,
110939,2023-10-26,
110940,2024-12-08,
110941,2023-05-07,
110942,2023-01-15,
110943,2025-01-28,
110944,2024-12-21,316
110945,2024-02-03,
110946,2024-06-19,
110947,2024-04-16,288
110948,2024-07-18,
110949,2023-05-06,292
110950,2023-05-12,245
110951,2024-12-19,
110952,2024-12-13,
110953,2024-12-21,367
110954,2024-10-03,
110955,2023-08-15,
110956,2024-06-18,
110957,2024-03-11,
110958,2023-06-14,
110959,2023-03-16,
110960,2023-05-14,
110961,2023-06-05,
110962,2023-02-22,252
110963,2023-09-26,
110964,2025-04-24,
110965,2023-05-13,
110966,2025-01-01,
110967,2024-03-11,
110968,2023-08-01,
110969,2024-07-20,226
110970,2024-06-15,
110971,2023-06-18,
110972,2023-03-12,
110973,2024-06-09,
110974,2025-06-09,
110975,2024-01-12,
110976,2024-03-31,
110977,2025-01-30,
110978,2024-11-05,
110979,2025-05-15,
110980,2024-10-13,
110981,2023-09-11,
110982,2024-10-06,
110983,2024-12-02,
110984,2024-06-14,
110985,2024-05-21,246
110986,2023-10-17,
110987,2024-02-05,
110988,2024-02-13,28
110989,2024-07-14,
110990,2024-03-07,
110991,2023-01-29,
110992,2024-04-05,
110993,2023-02-07,
110994,2025-01-12,
110995,2023-12-19,
110996,2023-12-27,
110997,2023-06-24,
110998,2023-08-20,
110999,2023-10-05,
111000,2023-02-03,
111001,2025-04-22,
111002,2023-12-26,65
111003,2025-04-19,
111004,2023-04-12,
111005,2024-12-08,
111006,2023-11-30,153
111007,2023-04-28,379
111008,2024-01-20,
111009,2024-11-25,383
111010,2023-01-30,
111011,2025-01-13,
111012,2023-08-27,
111013,2025-01-13,
111014,2023-08-18,
111015,2025-02-12,307
111016,2023-12-04,
111017,2023-08-25,
111018,2024-10-10,
111019,2024-10-05,
111020,2025-04-24,
111021,2023-01-15,
111022,2024-11-05,
111023,2023-04-20,
111024,2024-03-25,347
111025,2024-11-06,
111026,2024-03-21,
111027,2023-03-29,
111028,2024-10-24,
111029,2023-10-22,
111030,2024-03-06,
111031,2024-05-19,
111032,2024-07-01,
111033,2025-06-02,
111034,2024-09-24,
111035,2023-05-31,
111036,2023-12-30,
111037,2024-03-08,
111038,2023-06-16,159
111039,2023-02-28,
111040,2025-05-24,
111041,2023-12-18,
111042,2025-04-05,
111043,2023-03-15,
111044,2024-04-25,267
111045,2024-10-29,
111046,2025-04-25,
111047,2024-09-06,
111048,2024-10-13,15
111049,2024-12-29,
111050,2025-05-14,
111051,2024-04-09,
111052,2024-01-27,
111053,2023-07-15,
111054,2024-02-17,
111055,2025-05-29,
111056,2024-06-03,336
111057,2024-10-25,
111058,2024-11-02,46
111059,2023-02-23,
111060,2024-06-13,
111061,2024-12-24,
111062,2024-07-27,
111063,2024-06-24,
111064,2025-01-18,
111065,2024-08-08,
111066,2024-03-17,
111067,2025-05-06,282
111068,2024-09-11,
111069,2025-01-18,361
111070,2023-11-23,
111071,2024-12-20,
111072,2024-04-30,
111073,2023-12-13,
111074,2025-04-28,
111075,2024-04-22,
111076,2023-02-19,340
111077,2025-03-27,
111078,2023-05-07,
111079,2024-11-27,136
111080,2024-12-01,
111081,2023-12-09,
111082,2023-07-04,238
111083,2024-07-13,
111084,2023-01-17,
111085,2024-06-11,
111086,2025-01-04,47
111087,2024-01-19,
111088,2023-03-12,
111089,2024-06-28,215
111090,2023-11-19,
111091,2024-03-21,152
111092,2025-02-01,
111093,2023-12-28,
111094,2023-12-29,334
111095,2024-05-15,
111096,2023-02-02,227
111097,2024-02-25,
111098,2024-06-02,
111099,2023-07-22,
111100,2023-11-16,147
111101,2024-02-07,
111102,2024-12-08,173
111103,2025-03-12,
111104,2024-01-27,
111105,2025-01-27,51
111106,2023-05-07,
111107,2023-10-03,
111108,2024-08-30,26
111109,2024-10-16,
111110,2025-04-09,
111111,2025-01-03,302
111112,2024-12-22,
111113,2023-02-15,
111114,2024-04-19,
111115,2025-03-18,175
111116,2024-04-16,
111117,2024-04-01,
111118,2024-03-12,
111119,2024-09-20,
111120,2024-09-30,
111121,2024-07-02,
111122,2023-05-04,
111123,2023-12-26,
111124,2023-02-21,104
111125,2023-03-02,
111126,2024-08-04,
111127,2024-02-13,
111128,2025-05-02,
111129,2023-10-24,
111130,2023-10-13,
111131,2023-01-04,
111132,2024-01-03,
111133,2023-05-15,
111134,2024-09-27,
111135,2023-06-19,62
111136,2025-03-31,
111137,2024-01-12,
111138,2025-02-06,
111139,2024-10-23,
111140,2024-07-21,
111141,2023-01-13,
111142,2023-09-22,
111143,2024-03-05,
111144,2024-03-23,
111145,2023-02-25,
111146,2023-10-24,
111147,2023-12-03,
111148,2023-08-03,
111149,2024-01-06,
111150,2023-11-14,
111151,2023-11-12,
111152,2024-03-19,
111153,2025-03-06,
111154,2023-07-31,
111155,2024-04-01,
111156,2025-05-28,
111157,2025-02-22,
111158,2023-02-08,330
111159,2023-03-23,
111160,2023-05-31,
111161,2025-05-25,
111162,2023-04-23,
111163,2024-12-13,
111164,2024-05-12,163
111165,2024-08-12,
111166,2023-03-21,
111167,2023-12-16,
111168,2024-02-08,
111169,2024-09-06,
111170,2024-11-28,
111171,2024-06-24,
111172,2023-01-25,
111173,2023-06-29,
111174,2024-05-20,
111175,2023-05-05,
111176,2023-09-09,
111177,2023-04-12,
111178,2024-03-31,
111179,2023-05-05,
111180,2024-01-29,
111181,2024-03-21,211
111182,2023-01-28,256
111183,2024-05-23,326
111184,2023-07-04,
111185,2024-04-22,
111186,2023-11-16,
111187,2023-09-03,
111188,2025-01-07,179
111189,2024-01-23,
111190,2024-08-16,
111191,2023-02-21,
111192,2024-05-06,
111193,2023-09-18,
111194,2023-12-30,302
111195,2023-02-09,
111196,2024-10-28,
111197,2023-06-21,381
111198,2023-05-05,
111199,2024-02-18,273
111200,2024-03-12,
111201,2024-12-21,
111202,2024-07-01,
111203,2023-04-27,
111204,2024-12-19,319
111205,2025-05-14,
111206,2024-07-05,
111207,2024-03-03,267
111208,2023-05-13,
111209,2023-09-14,
111210,2023-04-29,
111211,2024-12-17,
111212,2024-12-02,
111213,2025-04-04,
111214,2023-03-08,
111215,2024-01-16,
111216,2023-06-29,
111217,2024-06-02,
111218,2024-12-25,
111219,2024-09-21,
111220,2025-05-19,
111221,2025-05-30,
111222,2023-03-11,
111223,2023-07-15,
111224,2025-04-15,
111225,2023-08-27,359
111226,2025-05-15,331
111227,2024-09-02,
111228,2023-09-22,89
111229,2024-12-20,126
111230,2024-04-29,
111231,2024-11-13,
111232,2023-02-10,
111233,2023-02-07,
111234,2023-08-25,
111235,2024-08-15,281
111236,2024-01-03,
111237,2024-05-22,
111238,2022-12-28,
111239,2024-01-29,
111240,2023-10-31,
111241,2024-01-26,44
111242,2023-04-24,
111243,2024-08-26,
111244,2024-09-17,
111245,2024-06-25,
111246,2023-12-31,
111247,2023-08-16,
111248,2024-11-10,
111249,2025-02-13,
111250,2024-01-09,
111251,2024-07-24,
111252,2023-11-16,110
111253,2023-10-03,
111254,2023-12-09,
111255,2023-03-10,
111256,2023-05-03,
111257,2023-09-05,
111258,2024-02-24,
111259,2024-12-23,
111260,2024-10-21,
111261,2023-05-06,
111262,2024-03-06,
111263,2023-07-28,176
111264,2025-03-12,
111265,2024-08-10,
111266,2023-04-08,
111267,2024-10-12,
111268,2023-11-04,
111269,2025-01-27,
111270,2023-03-15,
111271,2023-07-07,291
111272,2024-11-11,
111273,2024-02-27,
111274,2024-06-05,
111275,2025-01-25,138
111276,2024-07-24,
111277,2025-02-05,
111278,2023-10-10,
111279,2023-11-25,355
111280,2023-10-17,207
111281,2023-08-15,306
111282,2024-04-20,
111283,2023-08-10,
111284,2024-05-24,
111285,2023-09-25,
111286,2023-09-12,275
111287,2024-02-16,
111288,2024-05-08,
111289,2024-06-21,
111290,2023-09-16,
111291,2022-12-30,
111292,2024-07-25,31
111293,2023-10-18,117
111294,2024-12-31,
111295,2024-10-17,
111296,2023-11-29,
111297,2023-10-20,
111298,2025-05-30,
111299,2024-09-20,
111300,2024-11-02,
111301,2024-02-29,
111302,2024-12-04,
111303,2023-02-24,
111304,2024-11-16,
111305,2024-02-21,
111306,2024-09-14,
111307,2025-01-12,
111308,2023-01-09,
111309,2024-04-12,
111310,2023-09-28,
111311,2023-10-08,
111312,2023-05-26,
111313,2023-12-11,
111314,2024-07-15,
111315,2023-06-17,
111316,2023-08-10,
111317,2024-12-30,
111318,2023-04-07,
111319,2023-05-11,
111320,2023-06-09,266
111321,2024-03-17,384
111322,2024-01-11,
111323,2023-12-18,
111324,2023-08-31,171
111325,2024-11-14,
111326,2024-01-29,18
111327,2024-08-06,
111328,2025-04-30,
111329,2024-05-19,
111330,2024-04-06,
111331,2024-11-02,
111332,2023-12-08,
111333,2023-04-26,
111334,2024-01-28,
111335,2024-09-12,
111336,2023-08-15,115
111337,2023-04-02,
111338,2024-02-07,90
111339,2023-01-13,92
111340,2023-03-29,141
111341,2023-07-08,
111342,2024-01-13,
111343,2023-02-25,
111344,2024-10-17,
111345,2024-01-28,
111346,2023-06-09,
111347,2023-05-28,
111348,2023-12-28,201
111349,2024-08-07,
111350,2025-01-29,
111351,2025-05-04,
111352,2024-10-28,
111353,2025-03-16,368
111354,2024-12-02,
111355,2025-05-20,
111356,2025-05-18,
111357,2023-06-20,
111358,2024-11-07,
111359,2023-01-26,
111360,2024-02-24,232
111361,2023-02-22,
111362,2025-02-10,
111363,2024-03-31,204
111364,2023-04-26,
111365,2023-10-05,
111366,2025-05-14,
111367,2025-06-02,
111368,2024-02-05,164
111369,2024-11-18,279
111370,2024-01-21,106
111371,2025-02-26,
111372,2023-03-23,350
111373,2023-02-24,
111374,2025-02-19,
111375,2025-04-29,
111376,2024-04-29,316
111377,2023-07-28,
111378,2025-02-12,
111379,2023-02-21,
111380,2023-10-25,98
111381,2024-03-14,
111382,2023-05-19,
111383,2023-09-25,
111384,2025-02-24,
111385,2024-10-13,179
111386,2023-11-25,
111387,2025-04-27,
111388,2023-09-26,
111389,2024-01-15,195
111390,2024-04-30,
111391,2024-09-15,
111392,2024-09-27,
111393,2023-07-28,
111394,2023-06-13,
111395,2023-06-06,186
111396,2025-05-27,
111397,2023-08-22,
111398,2023-11-12,
111399,2024-03-25,375
111400,2023-03-19,
111401,2023-08-27,120
111402,2024-01-03,
111403,2024-02-27,
111404,2024-03-18,
111405,2024-12-09,
111406,2024-06-09,
111407,2024-12-27,
111408,2024-04-01,
111409,2023-01-10,
111410,2024-06-13,146
111411,2024-01-01,
111412,2024-10-28,107
111413,2024-06-13,
111414,2024-11-21,
111415,2023-09-29,
111416,2024-03-31,
111417,2024-07-24,
111418,2023-08-02,
111419,2024-07-17,
111420,2023-07-06,
111421,2023-10-09,
111422,2024-08-18,
111423,2024-11-07,
111424,2023-07-19,
111425,2023-10-21,
111426,2024-06-18,76
111427,2023-05-15,
111428,2024-07-10,
111429,2024-03-04,
111430,2024-06-11,208
111431,2024-10-12,
111432,2023-08-08,
111433,2024-10-08,
111434,2024-09-06,
111435,2024-07-19,
111436,2025-05-13,
111437,2023-02-15,
111438,2023-07-21,347
111439,2024-12-17,
111440,2023-02-18,
111441,2025-03-26,320
111442,2024-01-04,294
111443,2023-10-01,
111444,2024-01-29,205
111445,2023-04-20,
111446,2024-12-28,
111447,2025-02-22,53
111448,2025-05-27,
111449,2023-03-08,283
111450,2024-03-22,
111451,2024-04-07,
111452,2025-05-22,134
111453,2023-07-20,
111454,2024-12-20,
111455,2023-07-16,
111456,2023-07-26,
111457,2025-01-27,
111458,2023-01-13,
111459,2023-08-16,
111460,2023-10-18,122
111461,2024-11-24,
111462,2025-04-10,
111463,2023-09-09,31
111464,2023-05-01,
111465,2023-04-02,
111466,2024-01-03,
111467,2023-04-04,
111468,2023-07-23,
111469,2023-08-13,
111470,2023-12-31,
111471,2024-04-24,
111472,2024-06-18,
111473,2023-09-19,
111474,2024-03-22,
111475,2024-02-11,
111476,2024-05-24,
111477,2023-09-19,
111478,2023-01-01,
111479,2023-01-09,
111480,2024-02-18,
111481,2023-06-24,265
111482,2023-08-17,
111483,2023-12-29,
111484,2024-04-30,
111485,2023-12-14,308
111486,2024-05-01,
111487,2023-05-25,
111488,2024-11-07,
111489,2023-07-28,
111490,2024-10-06,
111491,2023-10-11,
111492,2023-01-02,
111493,2024-06-17,
111494,2025-05-08,
111495,2023-12-31,
111496,2024-02-10,
111497,2023-05-28,
111498,2023-12-08,
111499,2023-03-21,72
111500,2023-01-11,
111501,2023-10-17,
111502,2024-07-27,
111503,2024-06-19,
111504,2023-05-06,
111505,2023-01-21,
111506,2023-10-14,
111507,2022-12-28,
111508,2024-07-16,
111509,2024-01-30,
111510,2025-05-25,112
111511,2023-05-29,
111512,2024-07-05,
111513,2024-03-11,
111514,2023-04-20,
111515,2024-10-17,
111516,2025-04-19,
111517,2024-07-05,
111518,2024-11-01,
111519,2024-08-02,327
111520,2023-02-03,
111521,2025-02-12,
111522,2023-09-16,
111523,2025-02-19,226
111524,2024-10-04,
111525,2024-10-31,
111526,2024-06-16,
111527,2024-03-05,
111528,2024-01-10,
111529,2023-07-20,
111530,2025-03-01,
111531,2023-02-25,
111532,2024-10-03,
111533,2025-01-02,
111534,2023-07-07,
111535,2024-01-13,397
111536,2025-02-18,
111537,2024-01-09,
111538,2024-10-13,
111539,2024-03-01,
111540,2024-12-26,
111541,2024-10-15,
111542,2023-01-06,
111543,2024-04-01,
111544,2023-06-15,
111545,2023-08-22,
111546,2025-06-04,
111547,2023-06-20,
111548,2023-02-25,
111549,2024-12-12,
111550,2025-02-03,
111551,2024-10-31,
111552,2024-03-05,
111553,2024-03-31,182
111554,2023-08-05,99
111555,2024-06-25,
111556,2023-09-13,
111557,2023-08-02,9
111558,2023-09-26,
111559,2023-11-28,75
111560,2024-07-31,
111561,2023-06-15,
111562,2024-02-24,
111563,2023-03-31,
111564,2024-08-26,122
111565,2024-01-31,
111566,2025-03-14,
111567,2025-03-06,
111568,2024-04-08,
111569,2025-04-27,
111570,2023-05-04,
111571,2024-06-15,
111572,2023-02-23,
111573,2023-07-13,158
111574,2023-08-27,
111575,2023-11-02,24
111576,2024-08-08,33
111577,2023-01-23,
111578,2024-11-22,
111579,2024-08-19,
111580,2025-04-22,
111581,2025-04-12,
111582,2024-05-05,6
111583,2023-10-04,343
111584,2025-05-06,
111585,2024-08-30,
111586,2024-01-18,113
111587,2023-05-30,
111588,2023-05-10,
111589,2023-08-08,
111590,2025-01-05,
111591,2023-12-24,
111592,2023-09-13,
111593,2024-03-24,
111594,2024-08-28,
111595,2024-03-02,
111596,2023-11-14,
111597,2025-02-12,
111598,2023-03-27,
111599,2023-12-12,
111600,2023-04-25,
111601,2024-10-08,
111602,2024-06-30,
111603,2023-09-04,
111604,2023-08-19,
111605,2025-04-04,
111606,2024-03-17,
111607,2023-02-22,
111608,2023-08-04,
111609,2023-11-02,
111610,2025-03-07,
111611,2023-01-23,334
111612,2025-04-25,
111613,2023-01-18,
111614,2024-10-13,
111615,2024-06-05,313
111616,2024-06-27,374
111617,2023-08-30,
111618,2023-09-21,
111619,2025-01-31,
111620,2023-08-14,
111621,2023-03-22,
111622,2025-04-30,
111623,2023-03-26,
111624,2023-06-25,
111625,2023-04-20,197
111626,2023-01-24,281
111627,2023-06-17,
111628,2024-06-05,
111629,2024-03-27,
111630,2023-05-25,
111631,2023-09-14,
111632,2024-12-26,
111633,2023-05-26,
111634,2023-10-13,
111635,2023-02-14,
111636,2024-07-16,379
111637,2025-05-18,
111638,2023-10-31,
111639,2024-05-25,216
111640,2025-02-24,
111641,2024-09-02,383
111642,2025-02-19,242
111643,2023-01-29,
111644,2024-01-08,313
111645,2024-10-14,
111646,2023-09-20,
111647,2024-02-15,
111648,2025-02-09,
111649,2023-11-11,
111650,2023-01-28,
111651,2024-09-30,
111652,2023-05-03,218
111653,2024-12-20,91
111654,2023-01-19,
111655,2024-12-14,
111656,2025-05-05,
111657,2023-06-03,
111658,2025-05-05,
111659,2024-05-20,
111660,2024-11-09,
111661,2023-01-11,
111662,2025-04-04,
111663,2024-04-19,
111664,2025-05-02,
111665,2023-10-02,88
111666,2025-02-25,192
111667,2024-07-03,
111668,2025-02-09,
111669,2023-09-18,
111670,2025-04-01,
111671,2024-04-21,
111672,2024-02-18,
111673,2023-03-12,
111674,2025-03-24,
111675,2024-09-07,
111676,2023-07-12,
111677,2025-04-14,394
111678,2025-04-17,245
111679,2025-05-01,
111680,2023-05-24,
111681,2024-07-23,
111682,2023-03-09,
111683,2024-07-23,
111684,2023-09-27,
111685,2025-06-03,
111686,2025-03-21,
111687,2023-06-26,
111688,2023-10-23,
111689,2024-05-10,
111690,2024-05-07,
111691,2024-10-01,
111692,2024-10-26,
111693,2023-09-20,
111694,2023-09-19,
111695,2024-06-11,
111696,2023-08-22,
111697,2023-06-18,
111698,2024-05-28,90
111699,2025-05-31,335
111700,2024-05-15,
111701,2023-10-24,
111702,2023-01-21,
111703,2023-08-12,
111704,2023-06-14,
111705,2024-04-25,
111706,2025-01-21,
111707,2023-06-10,
111708,2023-11-27,
111709,2024-08-27,
111710,2023-09-14,
111711,2024-05-14,
111712,2024-01-02,
111713,2025-05-11,
111714,2024-05-18,325
111715,2024-07-02,136
111716,2023-07-15,
111717,2024-01-09,
111718,2023-02-22,
111719,2024-12-23,
111720,2024-02-17,
111721,2024-01-02,
111722,2023-11-16,
111723,2024-12-10,
111724,2024-11-15,
111725,2023-09-24,
111726,2025-04-03,
111727,2025-03-18,357
111728,2023-02-28,
111729,2025-04-07,
111730,2025-03-31,392
111731,2023-05-28,
111732,2024-08-20,
111733,2024-02-05,280
111734,2023-07-16,
111735,2024-05-12,
111736,2023-12-17,
111737,2024-11-29,
111738,2024-01-28,358
111739,2023-07-03,35
111740,2024-12-21,270
111741,2024-04-11,
111742,2024-07-27,
111743,2024-12-31,231
111744,2023-04-16,
111745,2022-12-31,
111746,2025-04-15,
111747,2023-11-16,
111748,2024-12-21,
111749,2023-03-20,
111750,2023-09-12,
111751,2025-01-30,339
111752,2023-06-19,
111753,2025-03-10,
111754,2023-12-11,
111755,2023-08-14,
111756,2023-01-12,
111757,2023-11-18,
111758,2025-04-01,
111759,2023-04-18,
111760,2023-08-13,
111761,2023-06-11,
111762,2025-02-28,206
111763,2023-11-29,
111764,2023-12-23,
111765,2023-05-22,
111766,2024-05-03,
111767,2023-01-19,155
111768,2023-04-16,
111769,2023-02-16,
111770,2023-05-24,81
111771,2023-03-10,181
111772,2024-09-07,134
111773,2025-05-20,
111774,2025-02-04,
111775,2022-12-30,
111776,2024-09-18,
111777,2024-09-08,
111778,2023-07-24,
111779,2024-06-19,336
111780,2024-08-09,
111781,2024-06-25,
111782,2024-01-17,
111783,2023-03-21,
111784,2024-07-01,
111785,2024-10-05,
111786,2023-05-03,
111787,2024-03-24,
111788,2025-05-17,
111789,2025-04-22,
111790,2023-10-14,
111791,2023-08-19,
111792,2023-12-16,
111793,2024-06-01,
111794,2022-12-31,
111795,2023-12-21,
111796,2024-08-28,130
111797,2023-09-03,
111798,2025-02-21,144
111799,2024-11-10,
111800,2023-09-08,384
111801,2024-08-15,
111802,2024-06-19,
111803,2024-01-02,
111804,2025-02-25,
111805,2023-10-21,
111806,2024-04-30,
111807,2024-07-13,
111808,2024-02-08,
111809,2024-02-24,
111810,2024-11-08,
111811,2023-05-26,
111812,2023-05-29,
111813,2023-10-11,
111814,2023-01-14,
111815,2024-09-22,
111816,2024-03-03,
111817,2023-07-13,
111818,2024-09-19,
111819,2024-08-11,
111820,2023-08-13,
111821,2023-02-19,
111822,2025-04-22,
111823,2025-04-26,
111824,2024-11-21,
111825,2023-11-12,
111826,2023-04-02,
111827,2024-05-06,
111828,2025-03-29,
111829,2024-02-07,
111830,2023-09-08,
111831,2024-03-02,
111832,2024-05-14,
111833,2023-02-14,
111834,2024-07-05,
111835,2023-06-12,313
111836,2024-09-24,96
111837,2024-03-09,
111838,2023-11-23,
111839,2023-06-03,
111840,2023-08-29,368
111841,2023-08-12,
111842,2024-07-24,
111843,2024-12-17,369
111844,2025-05-13,
111845,2023-09-24,260
111846,2025-01-20,
111847,2024-04-05,
111848,2023-04-10,28
111849,2024-02-27,
111850,2024-09-20,
111851,2023-12-25,
111852,2023-09-03,
111853,2024-09-04,
111854,2023-07-19,
111855,2023-12-06,
111856,2023-03-22,
111857,2024-12-09,322
111858,2024-03-21,385
111859,2025-05-16,
111860,2023-08-31,
111861,2025-04-22,
111862,2024-02-17,
111863,2024-01-02,
111864,2024-11-30,
111865,2023-03-30,
111866,2023-08-20,
111867,2024-12-06,341
111868,2025-02-11,
111869,2024-03-27,269
111870,2025-02-07,
111871,2024-04-30,
111872,2025-04-15,
111873,2024-11-01,
111874,2024-07-12,
111875,2025-02-13,
111876,2024-10-25,
111877,2024-04-21,
111878,2023-09-04,
111879,2025-03-17,
111880,2024-12-30,158
111881,2024-08-21,
111882,2023-05-21,
111883,2024-08-12,
111884,2023-01-24,
111885,2024-02-26,377
111886,2023-07-26,
111887,2024-04-09,
111888,2023-10-23,
111889,2023-06-12,
111890,2023-10-27,
111891,2023-08-28,
111892,2023-07-20,36
111893,2024-11-22,
111894,2025-03-14,
111895,2023-02-11,171
111896,2023-04-01,
111897,2023-08-18,
111898,2025-04-17,
111899,2023-07-15,
111900,2024-06-11,
111901,2024-07-23,
111902,2024-01-22,
111903,2023-05-30,
111904,2023-09-23,
111905,2023-11-13,
111906,2023-06-08,207
111907,2024-06-13,
111908,2025-03-14,
111909,2025-02-04,
111910,2023-06-29,
111911,2024-01-30,
111912,2023-12-04,
111913,2025-03-05,
111914,2025-05-24,
111915,2024-11-02,
111916,2023-06-19,
111917,2023-01-27,
111918,2024-09-04,
111919,2025-01-06,
111920,2023-06-14,
111921,2023-07-23,
111922,2024-08-21,
111923,2023-03-19,
111924,2024-07-14,374
111925,2023-10-19,228
111926,2024-09-18,
111927,2025-05-14,
111928,2023-02-12,
111929,2023-10-16,
111930,2024-09-03,
111931,2023-01-31,
111932,2024-07-13,102
111933,2023-12-20,187
111934,2023-08-30,
111935,2024-07-20,141
111936,2023-12-11,
111937,2023-11-29,
111938,2024-09-27,
111939,2024-04-16,
111940,2023-02-28,
111941,2023-12-11,
111942,2024-01-21,
111943,2025-01-07,
111944,2024-04-18,
111945,2023-05-06,132
111946,2023-07-04,
111947,2023-09-17,
111948,2023-04-27,109
111949,2023-02-05,
111950,2023-10-17,314
111951,2024-01-21,
111952,2024-04-17,
111953,2024-09-11,
111954,2024-08-05,
111955,2024-10-17,
111956,2025-01-16,
111957,2023-06-05,225
111958,2024-07-09,
111959,2024-01-16,
111960,2025-03-28,
111961,2023-06-14,
111962,2023-09-28,288
111963,2023-07-27,
111964,2023-09-01,
111965,2024-05-09,194
111966,2023-04-20,
111967,2025-02-02,
111968,2023-01-10,
111969,2024-04-02,
111970,2023-06-20,
111971,2025-02-11,
111972,2023-07-19,108
111973,2023-06-13,
111974,2023-01-07,32
111975,2023-04-07,
111976,2023-04-09,
111977,2023-04-04,171
111978,2024-07-30,260
111979,2023-01-08,
111980,2025-01-03,
111981,2024-07-29,
111982,2025-03-14,
111983,2024-07-17,337
111984,2025-02-05,
111985,2025-04-04,100
111986,2023-12-23,
111987,2024-02-25,
111988,2023-03-29,
111989,2025-01-13,
111990,2023-10-31,44
111991,2023-08-21,102
111992,2024-12-14,156
111993,2024-02-07,
111994,2023-07-21,
111995,2023-11-29,
111996,2024-09-24,
111997,2025-06-04,
111998,2025-05-19,
111999,2025-02-21,
112000,2023-05-11,
112001,2024-11-02,
112002,2023-10-08,
112003,2024-02-09,
112004,2024-08-13,
112005,2024-06-09,
112006,2024-09-30,
112007,2023-12-07,
112008,2024-09-13,
112009,2023-12-31,30
112010,2024-12-13,
112011,2024-10-19,398
112012,2025-04-28,273
112013,2025-03-30,
112014,2025-04-15,
112015,2024-09-10,
112016,2023-05-20,
112017,2023-02-09,
112018,2025-03-25,
112019,2024-11-23,
112020,2024-01-06,349
112021,2024-02-12,
112022,2023-03-29,
112023,2023-08-28,
112024,2024-05-19,
112025,2023-08-14,
112026,2023-05-28,
112027,2024-11-20,
112028,2024-10-31,
112029,2024-07-14,
112030,2023-08-22,
112031,2023-05-23,
112032,2024-02-16,
112033,2024-06-15,
112034,2023-02-19,188
112035,2024-07-21,
112036,2024-10-05,
112037,2023-03-20,
112038,2023-05-30,
112039,2023-02-18,
112040,2023-11-24,
112041,2025-04-28,
112042,2023-11-06,
112043,2024-09-26,
112044,2024-09-23,
112045,2025-04-16,331
112046,2024-10-20,200
112047,2024-12-13,
112048,2024-10-15,
112049,2025-05-19,
112050,2023-03-14,
112051,2025-03-04,
112052,2023-10-15,
112053,2024-07-03,
112054,2025-03-01,
112055,2024-12-21,
112056,2024-09-13,
112057,2023-05-08,
112058,2025-06-06,
112059,2023-02-08,
112060,2023-09-30,
112061,2023-05-06,
112062,2024-04-03,
112063,2023-07-06,
112064,2023-06-06,
112065,2025-01-05,
112066,2024-05-22,
112067,2023-12-27,
112068,2024-05-04,159
112069,2024-03-14,
112070,2024-12-13,
112071,2024-06-08,
112072,2023-03-31,
112073,2023-03-15,
112074,2024-02-13,
112075,2024-04-03,
112076,2024-07-20,
112077,2023-05-25,
112078,2024-06-10,
112079,2024-11-07,112
112080,2024-07-03,
112081,2023-04-07,63
112082,2025-03-10,
112083,2024-04-09,
112084,2024-05-22,4
112085,2023-10-23,
112086,2023-04-25,
112087,2024-05-05,
112088,2023-04-01,
112089,2024-07-31,
112090,2023-10-31,
112091,2025-03-26,
112092,2025-02-18,
112093,2023-07-19,195
112094,2025-04-13,
112095,2024-11-05,
112096,2024-08-23,
112097,2023-08-12,
112098,2024-12-12,
112099,2023-08-03,231
112100,2024-09-22,
112101,2025-02-28,
112102,2023-01-03,
112103,2024-06-11,
112104,2024-11-10,
112105,2023-12-31,274
112106,2023-05-27,
112107,2023-11-13,
112108,2024-03-31,
112109,2025-01-02,
112110,2025-03-13,
112111,2023-04-30,
112112,2024-06-27,
112113,2024-09-18,309
112114,2025-01-29,
112115,2025-02-11,139
112116,2023-07-23,259
112117,2024-09-03,
112118,2023-12-17,
112119,2025-04-15,310
112120,2023-09-27,
112121,2023-08-14,
112122,2024-01-27,138
112123,2025-02-01,
112124,2023-05-13,
112125,2023-11-14,
112126,2023-02-22,
112127,2024-05-04,
112128,2024-06-24,
112129,2023-09-18,
112130,2023-03-02,
112131,2023-12-09,400
112132,2024-05-12,
112133,2024-01-24,
112134,2024-08-11,106
112135,2023-06-30,
112136,2024-12-30,18
112137,2025-02-25,
112138,2024-02-09,49
112139,2025-03-07,
112140,2023-11-21,
112141,2024-08-15,
112142,2024-04-30,
112143,2024-01-10,
112144,2023-01-18,
112145,2023-11-11,
112146,2023-10-26,261
112147,2024-09-25,
112148,2024-05-14,
112149,2023-06-09,
112150,2025-03-21,
112151,2024-12-09,
112152,2025-03-29,
112153,2024-04-30,
112154,2023-08-06,398
112155,2023-01-12,323
112156,2025-02-19,
112157,2023-06-10,
112158,2024-08-03,
112159,2024-01-09,
112160,2025-01-27,83
112161,2023-11-28,108
112162,2025-02-04,
112163,2023-12-13,
112164,2025-04-10,
112165,2023-04-30,
112166,2024-02-01,299
112167,2024-09-28,
112168,2024-01-09,
112169,2024-11-23,186
112170,2023-10-26,4
112171,2024-08-19,
112172,2024-07-14,
112173,2023-09-06,106
112174,2025-03-04,
112175,2023-10-30,
112176,2025-04-28,
112177,2024-07-11,
112178,2025-01-05,
112179,2023-02-22,
112180,2023-09-23,
112181,2023-03-21,
112182,2023-09-09,
112183,2025-03-14,
112184,2024-02-07,
112185,2023-03-24,
112186,2024-09-25,61
112187,2024-09-14,
112188,2024-09-20,
112189,2023-12-20,
112190,2024-07-12,
112191,2024-10-09,
112192,2024-10-18,
112193,2024-03-10,
112194,2023-10-25,
112195,2023-01-30,
112196,2023-07-31,
112197,2023-10-29,
112198,2024-06-10,
112199,2025-05-25,
112200,2024-07-28,
112201,2024-02-06,
112202,2023-07-02,
112203,2023-07-10,
112204,2023-01-24,
112205,2023-06-22,57
112206,2023-01-17,
112207,2023-07-11,41
112208,2024-11-14,
112209,2023-02-04,
112210,2025-05-25,133
112211,2024-03-18,
112212,2023-08-27,
112213,2024-02-05,
112214,2024-06-08,
112215,2024-11-15,
112216,2023-04-19,
112217,2025-06-05,325
112218,2023-09-04,28
112219,2023-08-06,
112220,2023-04-02,
112221,2023-04-18,144
112222,2024-10-06,
112223,2025-05-07,
112224,2025-04-22,
112225,2025-04-21,
112226,2023-08-15,
112227,2024-11-29,192
112228,2024-10-11,
112229,2023-04-14,
112230,2023-07-03,
112231,2024-08-19,
112232,2024-06-06,
112233,2023-04-05,256
112234,2024-08-31,299
112235,2025-01-22,
112236,2024-08-22,
112237,2024-08-05,
112238,2023-08-24,
112239,2023-09-18,347
112240,2023-01-20,
112241,2023-10-10,
112242,2025-04-17,
112243,2024-10-18,
112244,2025-02-08,257
112245,2023-09-16,
112246,2023-09-10,96
112247,2024-10-23,
112248,2024-12-15,
112249,2024-04-11,331
112250,2024-02-13,
112251,2024-04-09,
112252,2024-07-16,
112253,2024-05-16,
112254,2025-05-08,
112255,2023-03-27,
112256,2023-02-04,
112257,2024-04-27,
112258,2024-03-21,19
112259,2024-03-11,
112260,2023-09-23,
112261,2024-09-01,
112262,2025-03-22,
112263,2023-06-18,136
112264,2023-01-19,
112265,2023-05-28,
112266,2024-04-24,
112267,2024-03-01,
112268,2024-12-30,
112269,2022-12-30,
112270,2023-12-06,
112271,2025-03-22,
112272,2023-06-09,
112273,2025-05-02,
112274,2024-07-29,
112275,2024-09-04,90
112276,2023-11-30,
112277,2024-12-31,
112278,2024-10-21,
112279,2023-12-15,
112280,2024-08-24,
112281,2024-06-02,
112282,2024-06-10,
112283,2023-09-12,
112284,2024-01-18,
112285,2023-01-15,
112286,2023-09-15,
112287,2023-10-10,
112288,2024-04-13,
112289,2024-07-12,
112290,2023-08-31,
112291,2024-11-08,395
112292,2023-09-04,
112293,2024-03-19,
112294,2024-01-19,
112295,2023-02-09,
112296,2024-01-09,
112297,2023-09-24,
112298,2024-01-14,
112299,2024-09-06,
112300,2024-06-26,
112301,2023-12-10,
112302,2023-02-27,
112303,2025-02-04,
112304,2024-03-26,
112305,2023-04-29,
112306,2024-05-31,
112307,2024-09-26,
112308,2024-07-13,
112309,2024-09-10,
112310,2024-12-30,
112311,2023-03-09,
112312,2023-08-19,216
112313,2024-09-07,
112314,2024-11-30,
112315,2024-11-08,
112316,2023-12-04,
112317,2025-02-21,
112318,2023-01-26,
112319,2024-01-26,
112320,2024-07-01,
112321,2023-09-03,
112322,2025-05-03,
112323,2023-08-25,
112324,2023-10-23,
112325,2024-11-18,45
112326,2024-01-30,
112327,2023-12-10,
112328,2024-05-12,
112329,2023-11-24,
112330,2023-10-22,
112331,2024-07-24,
112332,2023-06-07,70
112333,2025-01-12,
112334,2023-10-28,
112335,2023-07-05,77
112336,2024-07-30,
112337,2023-11-07,
112338,2025-03-31,
112339,2025-01-31,32
112340,2023-08-24,172
112341,2024-07-03,
112342,2023-06-16,
112343,2024-11-30,
112344,2024-11-07,
112345,2023-11-27,
112346,2024-07-05,
112347,2025-05-15,
112348,2024-02-29,
112349,2023-03-01,
112350,2024-07-02,
112351,2024-12-17,
112352,2024-12-07,
112353,2023-07-04,42
112354,2023-03-05,41
112355,2024-06-20,
112356,2025-04-23,42
112357,2025-02-14,
112358,2025-04-17,193
112359,2023-03-01,
112360,2024-08-25,
112361,2024-09-14,
112362,2023-12-20,
112363,2023-08-02,
112364,2023-11-26,
112365,2024-03-02,167
112366,2023-07-15,290
112367,2024-03-10,
112368,2025-05-09,
112369,2024-10-24,
112370,2025-01-24,292
112371,2023-02-03,
112372,2023-06-05,29
112373,2023-10-21,
112374,2025-05-19,
112375,2025-04-03,296
112376,2024-06-26,112
112377,2024-11-23,
112378,2025-03-24,
112379,2023-02-28,44
112380,2024-08-18,
112381,2023-11-30,
112382,2025-01-22,
112383,2023-12-12,
112384,2023-07-26,
112385,2023-06-19,
112386,2025-02-24,
112387,2024-02-29,
112388,2024-04-08,
112389,2023-06-11,
112390,2024-10-22,
112391,2023-04-15,93
112392,2023-11-16,
112393,2023-03-05,
112394,2023-07-16,
112395,2025-06-03,142
112396,2023-01-30,380
112397,2023-06-17,322
112398,2024-11-03,
112399,2024-11-07,
112400,2023-12-02,
112401,2023-05-02,
112402,2024-09-25,
112403,2024-03-11,145
112404,2023-10-10,58
112405,2024-02-26,
112406,2023-11-16,4
112407,2023-03-17,
112408,2023-04-18,
112409,2024-05-03,
112410,2024-05-15,
112411,2023-10-17,
112412,2024-06-18,
112413,2025-01-27,
112414,2023-09-04,
112415,2023-11-09,
112416,2024-06-28,
112417,2024-04-12,128
112418,2024-09-19,
112419,2024-05-19,
112420,2022-12-28,
112421,2023-04-27,
112422,2025-02-20,5
112423,2024-05-06,91
112424,2023-07-19,
112425,2024-03-01,
112426,2025-04-09,
112427,2024-06-03,
112428,2023-04-04,250
112429,2024-10-12,
112430,2023-09-11,
112431,2024-10-04,
112432,2023-08-01,
112433,2023-07-10,
112434,2025-05-29,
112435,2024-11-15,
112436,2025-03-30,
112437,2023-03-19,333
112438,2023-09-27,
112439,2023-05-31,
112440,2024-08-28,
112441,2025-03-19,
112442,2024-07-05,
112443,2023-12-23,
112444,2023-09-14,
112445,2023-09-25,205
112446,2024-07-23,
112447,2023-03-10,
112448,2024-05-10,
112449,2023-02-16,
112450,2023-12-27,
112451,2024-09-21,
112452,2024-03-29,
112453,2024-07-14,
112454,2025-01-03,
112455,2024-11-15,244
112456,2023-06-17,
112457,2023-05-15,285
112458,2023-02-10,
112459,2024-05-08,376
112460,2022-12-31,44
112461,2025-02-12,
112462,2024-09-20,342
112463,2024-12-01,
112464,2024-03-08,
112465,2023-07-22,
112466,2023-10-01,
112467,2024-09-25,
112468,2024-11-17,
112469,2024-02-09,
112470,2024-02-27,
112471,2023-03-15,
112472,2025-02-06,283
112473,2023-07-04,
112474,2023-10-12,318
112475,2024-02-23,
112476,2024-04-23,
112477,2023-05-08,
112478,2024-12-17,
112479,2024-06-30,
112480,2023-09-01,
112481,2024-02-29,
112482,2024-08-24,
112483,2023-08-01,393
112484,2024-12-23,
112485,2023-03-28,
112486,2023-03-25,18
112487,2025-01-19,26
112488,2025-03-10,
112489,2023-10-07,
112490,2024-12-29,2
112491,2025-01-19,
112492,2023-11-27,
112493,2023-10-05,
112494,2024-07-01,
112495,2025-06-06,
112496,2023-12-01,
112497,2023-02-21,
112498,2025-05-12,
112499,2025-01-19,
112500,2023-08-11,
112501,2025-05-17,
112502,2025-04-27,
112503,2024-02-25,
112504,2024-06-30,
112505,2024-11-15,
112506,2025-05-30,
112507,2025-03-05,
112508,2024-10-13,
112509,2024-03-21,
112510,2023-01-12,
112511,2024-08-06,
112512,2023-10-06,
112513,2023-01-10,
112514,2024-04-05,
112515,2024-12-16,
112516,2023-11-23,
112517,2025-05-11,94
112518,2023-03-24,
112519,2025-05-07,
112520,2024-09-11,
112521,2025-02-08,
112522,2023-04-27,
112523,2025-01-24,
112524,2023-03-14,76
112525,2025-02-08,
112526,2025-04-21,
112527,2024-01-14,
112528,2025-05-18,
112529,2023-11-11,
112530,2025-01-16,
112531,2023-07-05,
112532,2023-08-10,
112533,2023-01-09,
112534,2024-04-10,
112535,2023-04-09,228
112536,2024-09-11,202
112537,2023-05-06,
112538,2025-02-21,
112539,2024-08-30,
112540,2023-02-17,
112541,2024-10-25,
112542,2024-09-17,
112543,2023-12-12,45
112544,2025-05-31,176
112545,2024-07-31,
112546,2024-04-26,
112547,2023-05-19,214
112548,2024-08-21,340
112549,2023-04-26,
112550,2023-08-01,
112551,2025-01-26,
112552,2023-10-13,
112553,2024-04-02,
112554,2024-09-23,298
112555,2025-03-01,
112556,2025-03-25,
112557,2024-05-17,
112558,2024-09-01,
112559,2023-11-08,
112560,2023-09-26,
112561,2023-12-03,
112562,2024-08-13,
112563,2024-07-09,
112564,2024-03-14,
112565,2023-08-26,
112566,2025-06-05,
112567,2023-11-27,
112568,2023-04-25,
112569,2023-08-26,
112570,2025-03-21,
112571,2025-02-20,
112572,2023-06-13,
112573,2023-09-25,249
112574,2023-01-25,
112575,2023-04-03,
112576,2023-06-01,193
112577,2023-04-05,
112578,2024-07-26,
112579,2024-07-05,283
112580,2024-04-23,
112581,2024-07-21,
112582,2024-05-27,
112583,2024-05-31,
112584,2025-03-31,
112585,2025-05-25,
112586,2024-10-28,
112587,2024-12-29,
112588,2024-08-30,145
112589,2024-01-29,
112590,2024-04-05,
112591,2024-03-18,
112592,2023-11-20,
112593,2025-04-25,278
112594,2024-06-30,214
112595,2024-05-31,
112596,2023-12-31,
112597,2023-01-15,
112598,2023-03-10,255
112599,2023-01-08,
112600,2024-05-25,
112601,2025-02-09,
112602,2024-01-19,
112603,2023-09-11,187
112604,2025-01-24,
112605,2025-03-06,
112606,2025-05-12,232
112607,2024-11-25,
112608,2023-05-19,
112609,2025-05-07,
112610,2024-07-22,
112611,2024-09-13,
112612,2025-02-04,
112613,2025-03-28,
112614,2023-10-17,368
112615,2025-01-08,
112616,2024-04-11,
112617,2023-02-05,
112618,2024-08-05,
112619,2024-11-30,
112620,2023-11-13,
112621,2024-11-19,
112622,2024-02-22,
112623,2024-07-06,
112624,2023-10-24,
112625,2024-04-18,
112626,2023-02-07,
112627,2025-05-13,
112628,2024-08-26,
112629,2025-04-01,
112630,2024-03-14,
112631,2024-03-28,376
112632,2025-03-04,
112633,2024-02-07,
112634,2023-11-04,
112635,2025-03-14,
112636,2024-05-13,
112637,2025-05-14,
112638,2024-10-19,
112639,2025-02-07,
112640,2024-12-07,
112641,2023-12-31,
112642,2024-02-15,
112643,2023-11-02,
112644,2023-02-02,
112645,2024-10-15,
112646,2023-10-20,
112647,2024-12-28,
112648,2023-02-03,86
112649,2025-05-08,260
112650,2023-09-17,
112651,2024-03-13,
112652,2023-09-24,
112653,2023-12-09,98
112654,2024-08-27,
112655,2025-02-25,20
112656,2023-01-24,316
112657,2023-11-08,
112658,2024-02-18,
112659,2024-11-24,
112660,2025-03-03,205
112661,2023-01-21,
112662,2023-06-10,
112663,2023-05-10,
112664,2023-11-21,
112665,2023-07-22,
112666,2024-05-10,
112667,2023-09-13,
112668,2024-05-12,
112669,2024-10-06,
112670,2023-11-07,
112671,2024-08-14,
112672,2023-10-03,
112673,2025-01-11,
112674,2023-07-24,
112675,2024-04-22,
112676,2023-07-04,
112677,2024-02-22,
112678,2024-03-25,
112679,2024-01-25,
112680,2024-06-07,
112681,2024-07-10,
112682,2023-10-23,
112683,2024-07-20,
112684,2024-09-06,
112685,2024-09-17,47
112686,2023-11-18,
112687,2024-05-15,
112688,2023-08-01,
112689,2025-03-06,
112690,2023-10-13,290
112691,2023-01-07,
112692,2025-04-14,88
112693,2024-12-20,143
112694,2023-03-09,
112695,2023-11-05,
112696,2024-06-23,
112697,2023-06-26,
112698,2025-03-15,
112699,2023-09-21,
112700,2024-11-16,316
112701,2024-12-10,
112702,2025-05-09,
112703,2023-09-12,
112704,2024-05-15,
112705,2025-05-17,
112706,2024-01-20,290
112707,2023-11-23,
112708,2025-05-21,
112709,2023-09-06,
112710,2025-06-08,
112711,2024-08-15,
112712,2024-06-12,
112713,2024-09-15,
112714,2023-09-25,
112715,2023-03-24,
112716,2023-11-08,
112717,2024-03-03,
112718,2024-06-13,
112719,2024-09-05,
112720,2025-01-18,
112721,2023-03-12,
112722,2023-11-19,
112723,2024-04-08,
112724,2023-06-16,
112725,2025-06-05,
112726,2023-08-01,
112727,2024-07-25,
112728,2024-02-22,
112729,2024-01-19,
112730,2024-01-01,
112731,2023-02-14,
112732,2023-05-31,
112733,2023-11-03,186
112734,2024-09-24,
112735,2023-10-30,179
112736,2023-05-11,65
112737,2024-08-21,
112738,2023-12-24,
112739,2024-11-02,
112740,2023-03-01,
112741,2023-01-25,
112742,2024-12-22,
112743,2025-04-12,
112744,2023-07-03,
112745,2024-01-27,
112746,2025-02-24,291
112747,2023-01-06,
112748,2024-11-17,
112749,2024-01-26,
112750,2023-11-22,248
112751,2023-11-16,
112752,2025-05-13,
112753,2023-08-20,
112754,2024-09-18,44
112755,2024-12-14,
112756,2023-04-08,
112757,2023-12-28,
112758,2024-03-04,153
112759,2023-07-24,
112760,2024-06-16,
112761,2023-03-11,
112762,2023-06-26,
112763,2023-01-07,
112764,2024-11-01,
112765,2024-08-23,
112766,2024-01-24,376
112767,2023-08-08,
112768,2024-07-01,
112769,2025-02-06,
112770,2023-12-10,
112771,2025-02-03,
112772,2025-04-30,
112773,2024-01-15,
112774,2024-02-29,
112775,2023-01-08,
112776,2025-03-07,
112777,2023-01-26,335
112778,2024-02-20,206
112779,2025-05-24,
112780,2024-11-29,60
112781,2023-09-12,
112782,2024-06-18,
112783,2023-03-01,354
112784,2024-02-29,
112785,2023-04-13,
112786,2025-02-24,
112787,2024-05-29,
112788,2023-12-08,
112789,2024-09-06,326
112790,2025-01-23,
112791,2024-06-17,
112792,2024-12-11,
112793,2023-08-21,3
112794,2023-06-08,
112795,2024-12-02,
112796,2025-03-04,
112797,2024-12-06,
112798,2023-12-11,
112799,2023-06-14,98
112800,2024-08-22,
112801,2024-08-13,
112802,2024-07-22,197
112803,2023-02-03,
112804,2023-01-26,
112805,2023-07-06,170
112806,2023-12-08,
112807,2024-05-04,
112808,2025-04-20,
112809,2023-02-20,79
112810,2023-02-06,
112811,2023-11-12,
112812,2025-03-14,
112813,2024-02-03,
112814,2023-05-21,
112815,2023-09-13,
112816,2025-04-02,
112817,2024-11-15,
112818,2024-04-26,
112819,2024-02-24,
112820,2024-05-17,
112821,2024-11-03,
112822,2025-01-19,
112823,2024-01-07,
112824,2024-07-09,
112825,2023-04-27,
112826,2024-12-06,
112827,2023-10-26,
112828,2023-06-07,
112829,2023-01-04,
112830,2024-07-21,372
112831,2024-11-24,
112832,2024-05-24,
112833,2023-09-11,
112834,2025-04-21,
112835,2023-02-23,270
112836,2025-01-07,
112837,2023-09-28,142
112838,2023-05-13,
112839,2024-02-28,
112840,2024-06-18,
112841,2024-11-18,
112842,2024-08-21,
112843,2024-10-21,
112844,2025-02-08,
112845,2024-11-13,355
112846,2023-11-12,26
112847,2024-11-17,
112848,2023-10-07,
112849,2024-12-18,
112850,2024-11-29,
112851,2024-11-20,
112852,2025-05-14,
112853,2024-02-24,
112854,2025-04-30,
112855,2023-05-07,
112856,2023-03-04,
112857,2025-05-26,
112858,2023-12-13,
112859,2024-05-09,
112860,2023-10-25,
112861,2023-09-19,
112862,2023-05-11,7
112863,2023-05-15,
112864,2023-08-05,
112865,2023-10-24,
112866,2023-05-24,
112867,2024-04-11,30
112868,2024-01-17,
112869,2024-03-24,
112870,2023-05-14,
112871,2023-04-27,
112872,2024-05-01,
112873,2024-08-12,
112874,2023-05-10,299
112875,2023-05-20,
112876,2024-07-19,
112877,2024-09-18,
112878,2025-01-23,
112879,2023-12-01,271
112880,2023-09-28,
112881,2024-09-12,
112882,2023-06-22,
112883,2023-09-07,
112884,2023-03-05,
112885,2024-02-02,
112886,2023-02-18,
112887,2024-05-22,88
112888,2023-05-03,
112889,2023-05-31,
112890,2023-05-14,
112891,2023-12-29,
112892,2024-05-07,
112893,2024-03-29,291
112894,2024-05-05,
112895,2024-05-31,
112896,2023-07-17,
112897,2024-02-13,
112898,2024-01-04,369
112899,2023-04-12,
112900,2024-03-25,
112901,2025-02-21,
112902,2025-05-12,
112903,2025-05-05,
112904,2025-01-01,
112905,2024-02-04,
112906,2024-08-14,386
112907,2024-11-02,
112908,2023-08-06,
112909,2025-03-18,
112910,2024-03-29,
112911,2025-02-04,268
112912,2023-12-03,
112913,2023-04-17,
112914,2025-06-09,
112915,2023-12-14,
112916,2023-04-16,
112917,2024-10-06,
112918,2025-02-12,
112919,2023-06-11,
112920,2024-04-14,
112921,2024-10-11,
112922,2023-11-18,
112923,2023-08-06,
112924,2023-04-02,
112925,2023-07-22,
112926,2025-03-02,
112927,2024-11-11,
112928,2024-03-05,55
112929,2023-07-15,
112930,2024-09-04,
112931,2023-02-04,
112932,2023-01-01,
112933,2023-11-20,
112934,2024-03-19,391
112935,2024-11-03,
112936,2025-03-17,
112937,2024-08-07,
112938,2023-09-30,
112939,2025-01-18,
112940,2023-12-23,
112941,2023-05-25,
112942,2024-04-30,144
112943,2025-05-28,
112944,2024-07-20,
112945,2024-11-03,
112946,2023-04-28,
112947,2024-11-26,254
112948,2024-11-21,
112949,2023-01-16,
112950,2023-06-15,237
112951,2023-02-18,
112952,2023-12-27,
112953,2023-09-04,158
112954,2025-04-12,
112955,2023-09-01,
112956,2025-04-26,
112957,2024-09-30,
112958,2025-02-12,58
112959,2023-12-29,208
112960,2023-07-13,
112961,2023-04-14,
112962,2024-10-31,
112963,2024-04-17,344
112964,2025-03-30,
112965,2023-06-24,372
112966,2023-02-19,
112967,2023-06-13,
112968,2024-11-14,
112969,2023-05-02,
112970,2025-05-26,
112971,2025-05-26,
112972,2024-04-14,
112973,2024-08-07,
112974,2023-02-08,
112975,2025-04-07,
112976,2024-01-28,354
112977,2024-06-11,
112978,2024-07-13,
112979,2025-03-06,308
112980,2025-05-20,
112981,2023-11-15,
112982,2024-06-26,
112983,2024-09-10,
112984,2024-10-23,
112985,2024-01-14,
112986,2023-01-21,
112987,2024-12-02,
112988,2025-02-18,
112989,2023-10-27,
112990,2024-02-20,
112991,2023-03-30,
112992,2024-01-04,
112993,2025-03-12,
112994,2024-05-30,
112995,2023-05-13,
112996,2023-09-24,57
112997,2023-04-28,
112998,2024-04-11,
112999,2025-03-01,
113000,2024-10-11,
113001,2023-02-13,
113002,2024-07-01,
113003,2025-04-25,
113004,2023-07-09,
113005,2024-08-05,
113006,2025-05-07,
113007,2023-04-19,
113008,2024-11-02,
113009,2025-03-16,
113010,2024-01-14,
113011,2024-07-24,
113012,2024-09-07,41
113013,2023-08-06,239
113014,2023-08-08,
113015,2024-05-27,
113016,2023-01-11,
113017,2025-04-19,
113018,2025-05-10,
113019,2025-05-21,309
113020,2023-03-16,
113021,2024-05-25,23
113022,2023-07-09,81
113023,2024-08-03,
113024,2023-11-26,
113025,2024-03-31,136
113026,2023-11-29,
113027,2024-12-27,
113028,2024-05-23,
113029,2024-07-16,
113030,2025-03-07,
113031,2024-02-08,
113032,2025-02-24,
113033,2023-12-15,
113034,2024-02-26,
113035,2023-07-18,
113036,2024-04-29,
113037,2024-06-14,
113038,2025-02-02,43
113039,2024-03-30,
113040,2023-03-28,
113041,2024-10-23,
113042,2025-01-06,255
113043,2023-10-08,
113044,2024-12-07,
113045,2025-03-03,
113046,2023-09-18,
113047,2023-07-09,
113048,2023-07-14,
113049,2023-01-12,25
113050,2023-08-21,
113051,2023-07-13,
113052,2024-12-17,
113053,2025-02-16,
113054,2023-02-05,
113055,2023-10-25,
113056,2024-02-22,
113057,2023-05-21,330
113058,2023-09-12,
113059,2025-02-21,
113060,2025-04-16,
113061,2024-02-04,
113062,2023-04-17,
113063,2024-11-03,251
113064,2024-08-02,
113065,2025-06-09,332
113066,2023-06-03,
113067,2024-12-11,
113068,2025-04-26,128
113069,2024-01-25,
113070,2024-07-20,
113071,2023-11-16,
113072,2023-12-12,
113073,2024-02-28,
113074,2023-11-29,
113075,2023-10-19,
113076,2025-02-01,
113077,2024-09-05,51
113078,2024-11-15,
113079,2023-01-29,303
113080,2023-03-03,
113081,2024-09-01,
113082,2023-08-15,
113083,2023-08-11,
113084,2023-05-20,280
113085,2023-04-29,199
113086,2024-07-30,
113087,2024-02-26,
113088,2024-04-08,
113089,2024-06-06,148
113090,2024-02-04,
113091,2024-03-31,
113092,2024-11-25,
113093,2025-01-20,
113094,2025-01-01,
113095,2024-07-13,
113096,2024-06-12,
113097,2025-01-05,395
113098,2024-08-02,
113099,2025-02-14,
113100,2024-03-31,182
113101,2024-02-15,
113102,2023-04-10,171
113103,2024-09-15,
113104,2024-04-26,36
113105,2023-06-24,
113106,2025-05-19,
113107,2024-10-20,
113108,2023-07-02,
113109,2023-12-27,
113110,2023-08-12,
113111,2023-11-28,
113112,2024-11-05,
113113,2023-11-24,200
113114,2023-10-11,
113115,2024-05-28,174
113116,2025-05-26,
113117,2023-12-09,
113118,2023-11-23,
113119,2024-02-26,
113120,2024-07-11,
113121,2023-10-12,
113122,2024-02-16,
113123,2024-09-07,
113124,2025-06-07,
113125,2023-07-09,
113126,2024-06-10,
113127,2024-12-14,
113128,2024-01-11,214
113129,2025-01-30,
113130,2024-01-22,
113131,2024-10-29,
113132,2025-03-10,
113133,2023-04-21,
113134,2025-01-27,98
113135,2024-12-02,
113136,2024-07-08,
113137,2025-04-14,
113138,2023-07-07,
113139,2023-01-07,
113140,2023-06-10,
113141,2023-03-17,
113142,2025-01-12,
113143,2025-03-19,
113144,2024-01-08,
113145,2024-05-21,
113146,2025-03-15,69
113147,2024-06-25,
113148,2024-03-07,
113149,2023-04-28,
113150,2025-04-06,
113151,2024-08-14,
113152,2024-04-03,
113153,2025-05-11,
113154,2024-10-26,
113155,2023-09-21,
113156,2023-04-23,
113157,2024-09-28,
113158,2024-04-29,
113159,2025-01-14,
113160,2023-12-02,
113161,2024-03-20,
113162,2025-03-13,
113163,2024-12-17,144
113164,2024-02-09,
113165,2024-01-09,
113166,2025-01-27,
113167,2023-09-17,
113168,2023-08-01,
113169,2024-10-21,
113170,2024-01-12,
113171,2023-03-05,
113172,2025-05-31,
113173,2025-01-10,274
113174,2023-01-20,391
113175,2023-06-15,70
113176,2023-03-04,
113177,2023-08-24,
113178,2023-01-21,145
113179,2024-07-11,196
113180,2024-08-17,
113181,2024-02-29,86
113182,2024-11-06,
113183,2025-04-06,360
113184,2024-01-28,
113185,2024-07-16,
113186,2024-01-08,
113187,2023-06-25,
113188,2023-08-30,91
113189,2024-09-10,
113190,2023-03-08,
113191,2025-06-02,
113192,2023-09-28,
113193,2023-01-31,397
113194,2025-05-05,
113195,2023-06-24,
113196,2025-04-10,
113197,2024-06-09,360
113198,2024-04-29,
113199,2023-01-22,
113200,2024-01-12,
113201,2024-12-15,
113202,2024-12-09,
113203,2025-03-28,396
113204,2025-03-04,
113205,2024-10-10,
113206,2024-10-08,
113207,2024-01-07,
113208,2023-10-04,
113209,2024-02-12,
113210,2025-06-09,
113211,2023-12-22,
113212,2025-03-10,
113213,2023-03-06,
113214,2023-11-01,209
113215,2023-10-23,
113216,2025-04-17,
113217,2023-04-24,
113218,2024-10-24,
113219,2023-08-20,
113220,2025-03-07,
113221,2023-07-27,244
113222,2025-05-05,
113223,2025-05-05,159
113224,2023-06-18,
113225,2024-06-14,150
113226,2025-04-12,
113227,2025-03-03,78
113228,2024-03-03,
113229,2024-10-19,
113230,2025-06-03,
113231,2024-11-14,
113232,2023-10-14,
113233,2023-07-23,
113234,2025-01-21,
113235,2024-05-16,
113236,2023-05-01,59
113237,2024-03-16,285
113238,2024-07-04,
113239,2024-01-15,
113240,2023-07-19,
113241,2024-04-14,
113242,2022-12-30,
113243,2024-03-29,249
113244,2023-07-10,
113245,2023-10-10,
113246,2024-09-30,
113247,2023-03-20,
113248,2023-01-10,
113249,2024-04-19,
113250,2023-09-03,
113251,2025-02-18,389
113252,2023-06-03,224
113253,2023-12-23,
113254,2023-09-05,
113255,2023-12-04,370
113256,2023-04-23,400
113257,2024-10-01,
113258,2024-03-31,
113259,2024-03-18,236
113260,2025-03-19,
113261,2024-07-18,
113262,2024-10-20,
113263,2023-02-28,
113264,2025-03-26,360
113265,2024-05-18,
113266,2023-07-31,
113267,2024-02-28,263
113268,2023-10-13,
113269,2024-04-21,
113270,2025-05-15,
113271,2023-05-19,133
113272,2023-12-29,
113273,2024-12-02,
113274,2024-02-12,
113275,2024-04-12,
113276,2025-02-13,
113277,2023-11-25,
113278,2025-03-24,289
113279,2024-12-30,
113280,2023-01-30,
113281,2025-01-20,324
113282,2024-01-24,
113283,2024-05-13,
113284,2024-02-03,
113285,2023-05-02,
113286,2024-08-17,
113287,2023-12-30,372
113288,2023-06-21,
113289,2022-12-30,376
113290,2024-02-28,399
113291,2025-05-09,
113292,2023-04-24,111
113293,2023-06-20,
113294,2024-12-21,399
113295,2025-05-08,
113296,2024-04-16,
113297,2024-08-17,
113298,2025-03-26,
113299,2024-09-01,
113300,2023-06-06,2
113301,2024-12-26,
113302,2024-06-11,
113303,2023-08-02,
113304,2023-04-06,
113305,2024-03-07,286
113306,2025-05-08,
113307,2023-03-11,
113308,2024-10-18,
113309,2025-05-16,
113310,2023-12-04,
113311,2024-11-21,
113312,2023-04-09,
113313,2023-09-16,
113314,2025-04-22,
113315,2024-03-11,
113316,2023-01-29,
113317,2023-02-17,
113318,2023-09-22,171
113319,2023-03-29,289
113320,2024-06-24,
113321,2024-06-19,
113322,2023-01-18,
113323,2023-09-26,
113324,2025-01-25,
113325,2024-04-19,
113326,2023-08-31,228
113327,2025-01-30,
113328,2025-06-04,221
113329,2023-12-18,
113330,2024-03-21,
113331,2023-06-16,
113332,2024-10-16,
113333,2024-05-16,
113334,2023-07-21,
113335,2024-01-03,
113336,2024-11-02,
113337,2024-02-27,
113338,2024-01-22,
113339,2023-03-29,
113340,2024-11-10,47
113341,2023-04-06,
113342,2024-01-30,
113343,2023-11-19,
113344,2025-04-05,
113345,2024-04-28,
113346,2024-03-05,
113347,2023-03-08,
113348,2024-06-23,218
113349,2024-08-17,
113350,2023-01-20,
113351,2025-06-07,
113352,2025-06-03,
113353,2025-03-25,
113354,2024-12-03,233
113355,2025-04-07,
113356,2024-03-08,138
113357,2023-03-30,56
113358,2025-04-26,
113359,2024-05-10,
113360,2025-02-22,
113361,2023-11-19,
113362,2023-11-16,
113363,2025-02-23,
113364,2024-09-13,
113365,2024-09-02,
113366,2024-11-18,
113367,2024-06-12,
113368,2024-01-01,
113369,2024-11-28,
113370,2024-07-31,
113371,2023-08-23,
113372,2023-06-28,
113373,2024-01-28,
113374,2023-04-15,
113375,2023-12-15,
113376,2024-08-12,
113377,2023-02-19,110
113378,2024-04-14,
113379,2025-05-04,
113380,2024-03-29,
113381,2024-08-17,
113382,2023-04-16,
113383,2024-05-14,
113384,2025-02-16,
113385,2023-05-25,
113386,2025-04-01,382
113387,2023-10-11,
113388,2024-03-09,220
113389,2025-04-24,
113390,2024-07-21,
113391,2025-02-05,
113392,2023-02-04,11
113393,2025-02-05,
113394,2023-07-25,
113395,2023-10-01,
113396,2023-06-16,
113397,2023-07-19,
113398,2023-07-01,
113399,2024-08-31,266
113400,2025-01-19,303
113401,2025-06-01,
113402,2023-01-14,
113403,2025-01-15,
113404,2025-02-05,
113405,2023-12-22,32
113406,2023-08-12,9
113407,2025-03-11,
113408,2023-05-18,
113409,2024-01-20,
113410,2024-05-16,
113411,2024-05-28,
113412,2025-03-19,
113413,2023-07-08,
113414,2024-10-23,
113415,2025-03-08,
113416,2023-04-17,
113417,2024-08-16,
113418,2024-06-03,
113419,2023-01-04,283
113420,2025-03-18,
113421,2023-12-24,
113422,2023-07-16,
113423,2024-03-20,
113424,2023-12-28,
113425,2023-04-08,
113426,2025-01-08,
113427,2023-07-10,
113428,2025-02-01,
113429,2024-05-26,22
113430,2023-12-09,
113431,2024-12-10,
113432,2023-09-18,
113433,2024-10-06,385
113434,2024-08-10,
113435,2023-03-25,
113436,2024-12-22,
113437,2023-07-02,
113438,2025-06-06,282
113439,2023-05-29,
113440,2023-11-15,
113441,2024-02-22,
113442,2025-05-14,
113443,2023-11-28,
113444,2023-04-30,
113445,2025-01-10,
113446,2024-08-28,
113447,2023-06-13,
113448,2024-07-30,157
113449,2023-07-12,
113450,2023-04-10,
113451,2023-01-12,
113452,2024-05-10,
113453,2023-07-01,
113454,2024-03-12,
113455,2024-04-16,
113456,2023-06-19,
113457,2024-08-01,
113458,2024-06-17,
113459,2023-07-17,
113460,2024-04-02,
113461,2023-09-13,
113462,2025-02-02,
113463,2024-07-14,
113464,2023-03-07,
113465,2025-01-30,
113466,2024-03-23,177
113467,2025-04-13,
113468,2024-01-12,
113469,2023-09-09,
113470,2023-06-24,
113471,2024-10-13,
113472,2023-05-15,
113473,2023-02-26,
113474,2024-09-23,
113475,2025-03-04,
113476,2024-01-13,
113477,2025-05-22,
113478,2023-09-28,
113479,2025-03-29,
113480,2023-08-09,
113481,2023-05-29,
113482,2024-03-17,
113483,2024-08-15,
113484,2024-01-28,144
113485,2024-03-30,
113486,2024-12-03,
113487,2024-05-13,
113488,2023-12-29,
113489,2023-02-18,
113490,2025-02-10,351
113491,2024-01-11,
113492,2023-02-13,215
113493,2023-11-24,
113494,2024-03-29,
113495,2023-01-28,
113496,2024-05-09,
113497,2023-03-19,
113498,2024-12-29,
113499,2024-10-31,167
113500,2025-05-31,
113501,2024-08-22,177
113502,2024-06-29,
113503,2023-06-14,
113504,2024-10-15,
113505,2025-05-13,25
113506,2025-03-31,
113507,2024-03-11,
113508,2024-09-28,32
113509,2023-03-07,
113510,2023-01-21,
113511,2022-12-31,
113512,2024-11-01,
113513,2025-03-27,
113514,2023-04-23,
113515,2024-05-21,
113516,2024-06-18,
113517,2025-04-26,164
113518,2023-09-24,257
113519,2024-07-03,332
113520,2023-09-29,
113521,2023-01-12,
113522,2023-12-29,
113523,2023-11-11,4
113524,2024-10-19,
113525,2023-10-18,
113526,2025-05-02,
113527,2023-09-05,
113528,2023-04-10,
113529,2025-05-26,
113530,2023-03-19,
113531,2023-10-03,
113532,2024-02-13,
113533,2024-01-16,
113534,2023-05-17,
113535,2024-04-24,
113536,2024-11-25,
113537,2023-05-31,72
113538,2024-02-19,
113539,2025-02-25,
113540,2023-06-10,
113541,2024-04-05,84
113542,2023-01-23,
113543,2025-04-25,
113544,2024-07-01,
113545,2024-04-07,
113546,2025-05-03,1
113547,2024-09-21,
113548,2024-05-13,
113549,2024-05-10,289
113550,2024-10-27,236
113551,2024-04-24,
113552,2025-04-29,193
113553,2023-02-17,
113554,2023-08-17,
113555,2024-08-02,
113556,2024-03-13,248
113557,2023-06-27,
113558,2024-11-08,
113559,2024-08-03,
113560,2025-03-06,354
113561,2025-06-07,
113562,2024-11-13,
113563,2023-02-21,
113564,2025-04-06,
113565,2023-01-30,
113566,2023-06-26,
113567,2024-03-13,
113568,2024-03-18,
113569,2023-11-04,157
113570,2024-03-24,
113571,2023-08-04,
113572,2024-05-11,
113573,2024-04-19,
113574,2024-05-02,
113575,2024-06-23,
113576,2025-03-05,345
113577,2023-08-24,
113578,2024-01-05,
113579,2024-10-15,
113580,2023-03-03,
113581,2023-07-18,
113582,2023-02-28,
113583,2024-04-28,
113584,2023-03-01,
113585,2024-03-15,
113586,2024-08-06,123
113587,2023-09-12,
113588,2023-04-13,
113589,2023-11-13,
113590,2024-08-30,
113591,2023-07-02,
113592,2024-09-07,
113593,2023-02-05,61
113594,2023-01-26,
113595,2025-02-22,48
113596,2024-04-17,320
113597,2024-06-18,
113598,2024-08-09,
113599,2024-04-12,
113600,2023-02-01,
113601,2023-02-15,
113602,2023-05-09,
113603,2025-01-28,
113604,2024-05-05,325
113605,2024-01-16,12
113606,2024-01-17,
113607,2024-08-14,
113608,2024-04-18,
113609,2024-07-24,
113610,2024-06-09,
113611,2024-08-23,
113612,2023-04-04,
113613,2024-01-29,
113614,2025-02-03,
113615,2024-02-28,
113616,2023-02-25,
113617,2023-04-02,
113618,2023-09-12,
113619,2023-04-28,89
113620,2025-03-27,277
113621,2024-11-24,
113622,2024-01-31,
113623,2024-02-27,28
113624,2023-07-05,
113625,2024-12-22,317
113626,2024-11-22,
113627,2024-09-20,
113628,2024-05-26,144
113629,2023-07-21,
113630,2024-07-15,
113631,2024-01-20,
113632,2024-06-22,
113633,2025-03-10,
113634,2023-09-02,
113635,2023-08-23,
113636,2024-05-31,
113637,2024-11-14,
113638,2024-02-29,
113639,2023-08-13,
113640,2024-09-15,
113641,2023-06-01,
113642,2023-11-18,
113643,2024-02-11,
113644,2024-06-28,
113645,2023-03-23,
113646,2023-04-02,
113647,2023-04-02,136
113648,2023-11-21,
113649,2025-01-06,
113650,2023-01-30,
113651,2024-12-25,
113652,2024-02-03,56
113653,2023-11-07,17
113654,2023-07-14,
113655,2024-07-26,
113656,2023-10-10,
113657,2023-09-14,
113658,2023-01-09,158
113659,2024-04-08,
113660,2023-09-18,
113661,2023-04-11,385
113662,2024-06-23,
113663,2023-08-02,
113664,2023-01-16,
113665,2024-01-01,
113666,2025-04-24,
113667,2023-03-28,72
113668,2024-01-16,
113669,2024-11-05,114
113670,2023-12-17,
113671,2024-04-08,
113672,2024-11-25,
113673,2023-02-28,
113674,2024-04-19,
113675,2023-07-13,
113676,2024-05-04,
113677,2025-03-14,
113678,2024-04-01,
113679,2023-01-19,
113680,2023-06-23,
113681,2024-02-03,
113682,2024-11-18,
113683,2023-05-26,
113684,2023-01-15,
113685,2024-12-16,
113686,2025-02-01,
113687,2024-06-21,167
113688,2024-11-24,
113689,2024-05-20,
113690,2024-05-13,
113691,2024-02-25,
113692,2025-03-17,
113693,2023-08-18,
113694,2023-12-21,
113695,2025-05-25,
113696,2024-02-11,
113697,2024-04-29,
113698,2023-08-30,395
113699,2023-10-14,
113700,2025-05-07,
113701,2025-04-07,
113702,2024-12-24,300
113703,2023-06-11,
113704,2023-05-25,17
113705,2023-10-20,
113706,2023-04-28,
113707,2024-01-27,94
113708,2024-05-18,
113709,2025-01-01,200
113710,2024-07-24,
113711,2025-03-05,
113712,2025-01-11,23
113713,2023-12-18,
113714,2023-07-05,
113715,2023-10-22,
113716,2023-03-19,
113717,2024-01-27,
113718,2023-01-16,
113719,2024-09-12,
113720,2023-10-24,
113721,2024-10-02,
113722,2024-06-10,
113723,2024-04-01,
113724,2023-04-04,210
113725,2024-05-07,
113726,2025-02-18,201
113727,2023-07-31,
113728,2024-06-07,
113729,2024-02-23,
113730,2024-05-04,72
113731,2023-09-14,
113732,2025-03-21,
113733,2024-12-17,327
113734,2025-01-19,
113735,2024-03-08,
113736,2023-05-27,
113737,2023-02-26,
113738,2024-07-14,
113739,2023-06-02,
113740,2023-02-04,
113741,2024-08-29,
113742,2023-10-22,
113743,2023-07-26,
113744,2023-02-22,
113745,2025-06-09,
113746,2023-04-14,
113747,2025-01-11,
113748,2023-07-23,
113749,2023-11-28,
113750,2024-10-15,
113751,2024-02-12,
113752,2025-05-16,
113753,2024-09-22,
113754,2023-08-20,
113755,2023-06-21,165
113756,2024-01-21,
113757,2023-08-04,
113758,2024-04-20,271
113759,2024-01-01,
113760,2023-08-23,
113761,2024-02-19,
113762,2025-01-08,
113763,2024-02-17,
113764,2023-10-15,
113765,2024-10-27,308
113766,2024-05-03,
113767,2024-07-05,
113768,2023-01-30,
113769,2024-11-04,
113770,2023-06-25,
113771,2025-05-10,
113772,2024-01-19,
113773,2024-10-17,216
113774,2023-04-22,
113775,2024-10-18,
113776,2025-01-26,204
113777,2025-05-23,
113778,2025-01-05,
113779,2023-05-06,
113780,2025-03-06,
113781,2023-12-07,
113782,2024-07-11,
113783,2024-07-07,
113784,2023-11-15,
113785,2024-12-22,59
113786,2024-06-22,
113787,2024-01-10,
113788,2023-01-24,
113789,2024-04-24,344
113790,2025-04-24,
113791,2023-03-22,
113792,2024-07-23,
113793,2025-01-18,
113794,2025-04-12,
113795,2023-10-22,
113796,2024-10-16,
113797,2024-12-09,389
113798,2024-06-12,
113799,2023-01-14,
113800,2023-05-10,161
113801,2024-10-02,
113802,2024-10-21,
113803,2025-02-10,77
113804,2023-06-19,
113805,2024-03-08,
113806,2024-03-10,
113807,2023-04-11,
113808,2024-07-01,
113809,2024-12-07,
113810,2025-01-03,125
113811,2023-05-18,
113812,2025-06-06,
113813,2024-12-24,90
113814,2023-12-23,
113815,2024-01-15,
113816,2024-04-30,7
113817,2024-12-29,338
113818,2023-11-06,
113819,2024-09-07,4
113820,2025-03-01,
113821,2025-05-23,
113822,2025-01-22,
113823,2024-08-30,
113824,2023-08-08,
113825,2024-06-08,
113826,2023-08-05,359
113827,2023-09-02,
113828,2024-11-04,326
113829,2023-08-25,
113830,2023-01-16,
113831,2024-01-24,
113832,2023-09-15,76
113833,2024-11-15,
113834,2024-09-25,
113835,2025-05-21,
113836,2023-06-08,63
113837,2024-09-22,
113838,2023-04-20,223
113839,2024-01-28,
113840,2023-01-17,
113841,2024-06-15,
113842,2023-09-11,2
113843,2023-06-15,
113844,2024-09-15,
113845,2024-09-13,380
113846,2023-10-22,272
113847,2024-08-23,
113848,2024-03-30,129
113849,2024-10-19,
113850,2025-01-07,
113851,2023-06-08,129
113852,2023-09-12,
113853,2024-05-17,
113854,2023-12-19,280
113855,2023-12-19,
113856,2024-05-09,
113857,2023-09-14,
113858,2025-06-06,
113859,2023-06-18,
113860,2025-05-14,396
113861,2025-05-10,
113862,2023-07-25,
113863,2024-09-25,
113864,2024-07-16,
113865,2025-04-27,
113866,2024-09-26,
113867,2024-10-16,
113868,2023-12-18,
113869,2023-05-29,
113870,2024-11-03,
113871,2024-08-16,
113872,2023-10-04,
113873,2024-10-24,
113874,2023-11-27,28
113875,2023-08-17,
113876,2023-04-16,
113877,2023-05-21,
113878,2024-09-20,
113879,2023-09-12,
113880,2023-11-29,
113881,2023-11-14,
113882,2024-09-10,23
113883,2025-01-12,124
113884,2023-11-30,
113885,2024-12-29,
113886,2024-06-04,
113887,2023-10-28,
113888,2024-01-11,
113889,2023-06-08,122
113890,2023-12-13,
113891,2024-04-19,305
113892,2024-05-07,
113893,2023-06-08,257
113894,2024-11-25,225
113895,2024-07-07,
113896,2024-07-06,
113897,2025-02-06,
113898,2025-02-10,
113899,2023-12-08,
113900,2024-01-25,
113901,2024-06-09,363
113902,2023-07-17,99
113903,2023-03-10,
113904,2024-12-01,
113905,2024-05-16,
113906,2024-06-08,
113907,2024-03-11,
113908,2023-10-22,171
113909,2024-06-08,
113910,2025-03-03,97
113911,2025-02-22,73
113912,2024-11-29,
113913,2023-04-06,
113914,2025-02-09,
113915,2023-12-26,
113916,2023-12-24,
113917,2023-05-06,
113918,2024-04-10,
113919,2024-02-21,
113920,2023-06-06,
113921,2023-01-19,
113922,2025-03-02,203
113923,2024-07-23,
113924,2024-03-28,
113925,2024-09-05,
113926,2024-01-10,
113927,2023-10-27,
113928,2025-05-25,
113929,2024-01-26,146
113930,2024-05-26,
113931,2023-07-06,
113932,2025-03-30,
113933,2025-04-16,
113934,2024-02-02,37
113935,2024-01-27,
113936,2023-07-16,
113937,2024-07-12,114
113938,2025-01-01,
113939,2024-08-18,
113940,2023-04-01,305
113941,2024-09-27,
113942,2024-05-25,
113943,2023-01-02,
113944,2025-03-22,
113945,2023-10-28,
113946,2024-09-02,
113947,2023-08-30,
113948,2023-10-29,
113949,2023-07-09,
113950,2024-07-22,
113951,2024-03-11,129
113952,2023-06-17,
113953,2024-10-31,
113954,2023-10-26,214
113955,2025-04-13,
113956,2024-03-22,
113957,2024-09-21,
113958,2025-02-11,251
113959,2024-07-25,
113960,2024-12-23,
113961,2024-03-09,
113962,2023-04-24,
113963,2023-10-05,
113964,2023-09-08,
113965,2023-03-07,
113966,2024-04-19,
113967,2024-03-11,
113968,2024-10-09,
113969,2023-12-19,
113970,2023-02-17,395
113971,2024-04-07,
113972,2023-09-29,
113973,2023-09-06,
113974,2023-05-07,
113975,2025-05-26,
113976,2023-01-23,
113977,2024-07-29,114
113978,2024-11-16,
113979,2024-04-29,
113980,2023-10-04,
113981,2024-12-24,
113982,2024-04-09,
113983,2024-01-09,
113984,2023-01-07,
113985,2023-11-23,
113986,2023-03-15,
113987,2023-10-18,
113988,2024-07-11,
113989,2024-04-17,
113990,2023-03-06,
113991,2023-05-30,
113992,2023-11-17,
113993,2023-08-10,397
113994,2023-03-02,
113995,2023-10-31,
113996,2023-09-12,
113997,2024-12-25,
113998,2023-11-06,
113999,2025-02-19,
114000,2025-02-02,188
114001,2025-01-17,
114002,2024-07-03,
114003,2024-09-22,
114004,2024-06-19,
114005,2023-01-25,62
114006,2023-05-15,
114007,2024-07-25,86
114008,2025-05-12,
114009,2024-02-05,299
114010,2024-06-10,
114011,2024-12-17,
114012,2023-04-28,
114013,2025-01-23,
114014,2023-04-29,
114015,2023-05-19,
114016,2024-07-12,
114017,2023-04-15,
114018,2024-11-14,
114019,2023-01-08,
114020,2023-01-19,
114021,2023-08-26,
114022,2024-01-02,
114023,2024-04-18,
114024,2023-12-05,
114025,2024-02-04,238
114026,2023-12-30,
114027,2024-11-28,
114028,2025-03-18,285
114029,2023-06-03,18
114030,2024-05-17,
114031,2025-05-07,
114032,2025-04-11,
114033,2023-04-02,
114034,2024-04-27,
114035,2025-02-14,
114036,2024-01-23,
114037,2024-09-02,
114038,2023-04-26,59
114039,2023-11-06,
114040,2024-03-15,
114041,2023-05-01,
114042,2023-05-06,
114043,2023-06-12,
114044,2024-03-15,
114045,2023-05-02,7
114046,2024-07-05,
114047,2024-01-31,166
114048,2023-09-29,369
114049,2024-07-17,
114050,2023-02-05,
114051,2023-04-19,
114052,2024-05-02,
114053,2023-07-26,
114054,2025-03-20,
114055,2023-03-06,
114056,2023-07-21,
114057,2023-03-18,
114058,2023-07-16,
114059,2023-11-25,
114060,2024-05-10,
114061,2023-05-20,
114062,2023-08-07,
114063,2023-07-09,
114064,2023-01-10,
114065,2024-03-27,16
114066,2023-12-13,
114067,2025-02-01,
114068,2025-01-21,221
114069,2024-12-24,232
114070,2024-12-03,
114071,2023-07-29,
114072,2023-04-11,
114073,2025-01-29,
114074,2024-07-06,
114075,2024-06-19,
114076,2024-09-30,
114077,2024-12-23,
114078,2023-11-30,
114079,2024-03-04,209
114080,2024-02-28,
114081,2025-04-11,193
114082,2024-08-09,
114083,2023-10-06,
114084,2023-06-19,
114085,2024-11-27,
114086,2023-10-28,
114087,2023-04-16,
114088,2024-04-12,
114089,2024-07-17,320
114090,2023-09-21,
114091,2025-05-20,
114092,2023-10-11,
114093,2023-10-22,
114094,2025-06-06,
114095,2023-06-28,349
114096,2025-05-06,
114097,2023-01-16,
114098,2023-06-18,
114099,2023-11-02,
114100,2023-07-03,151
114101,2025-03-05,
114102,2024-04-23,
114103,2023-04-18,
114104,2024-10-12,
114105,2023-04-15,353
114106,2022-12-29,
114107,2023-07-01,
114108,2024-11-09,245
114109,2024-10-25,
114110,2023-07-20,
114111,2023-01-22,
114112,2025-05-16,
114113,2024-06-05,60
114114,2023-09-09,
114115,2023-08-27,
114116,2024-06-09,287
114117,2025-03-07,323
114118,2023-09-04,
114119,2023-08-26,
114120,2023-07-02,
114121,2025-06-08,
114122,2023-05-17,
114123,2023-07-15,
114124,2024-02-08,
114125,2025-03-28,
114126,2024-01-15,213
114127,2023-10-26,
114128,2025-06-07,192
114129,2024-01-15,
114130,2023-01-28,343
114131,2024-10-02,
114132,2024-01-13,
114133,2023-05-22,
114134,2023-01-02,
114135,2023-11-25,
114136,2023-09-10,
114137,2024-02-25,368
114138,2024-03-02,
114139,2023-01-16,
114140,2024-01-27,
114141,2024-12-17,347
114142,2024-04-21,
114143,2023-03-20,
114144,2023-05-18,154
114145,2024-05-17,287
114146,2025-01-14,
114147,2024-10-19,225
114148,2025-01-16,
114149,2023-12-16,
114150,2025-01-01,
114151,2024-08-22,274
114152,2023-09-07,188
114153,2024-01-17,
114154,2024-03-14,
114155,2024-08-22,
114156,2024-02-08,
114157,2025-02-24,
114158,2023-04-06,
114159,2023-11-22,97
114160,2024-10-23,
114161,2024-03-24,
114162,2024-05-04,
114163,2023-12-21,
114164,2024-05-18,
114165,2024-07-07,
114166,2024-08-05,
114167,2025-05-11,94
114168,2024-05-20,
114169,2024-02-08,
114170,2023-02-28,
114171,2024-08-01,
114172,2024-01-07,
114173,2024-11-06,
114174,2023-07-17,
114175,2023-05-10,
114176,2024-08-21,
114177,2024-02-28,
114178,2024-05-02,
114179,2025-02-24,276
114180,2023-09-22,
114181,2024-08-07,
114182,2025-02-14,
114183,2025-01-30,
114184,2024-10-12,
114185,2024-02-09,
114186,2024-09-04,
114187,2023-09-08,
114188,2024-11-22,
114189,2025-02-09,126
114190,2023-05-10,
114191,2025-02-05,
114192,2025-02-15,
114193,2024-04-22,2
114194,2024-05-23,
114195,2023-08-12,254
114196,2023-10-31,159
114197,2025-03-16,
114198,2024-01-08,
114199,2023-08-27,
114200,2024-05-15,52
114201,2023-06-15,
114202,2024-05-06,
114203,2023-07-26,
114204,2024-01-09,41
114205,2023-04-18,
114206,2024-08-21,62
114207,2024-07-04,
114208,2025-01-20,
114209,2024-05-31,
114210,2022-12-28,
114211,2023-10-13,
114212,2024-03-20,
114213,2024-04-03,
114214,2024-05-12,
114215,2024-07-19,226
114216,2023-10-15,219
114217,2025-06-04,353
114218,2025-03-18,
114219,2023-07-11,
114220,2024-04-10,
114221,2023-08-03,
114222,2023-02-15,
114223,2023-02-18,
114224,2023-10-04,
114225,2023-03-13,
114226,2024-01-22,
114227,2025-04-12,
114228,2024-07-23,
114229,2023-12-01,
114230,2025-01-16,
114231,2023-10-07,
114232,2023-06-30,99
114233,2024-03-27,
114234,2023-01-12,
114235,2023-11-17,
114236,2024-01-29,
114237,2023-05-11,
114238,2024-02-02,
114239,2024-07-26,
114240,2023-06-27,
114241,2023-12-30,143
114242,2024-06-24,
114243,2023-03-30,
114244,2025-04-15,
114245,2024-04-19,
114246,2024-04-15,
114247,2024-11-19,
114248,2024-06-06,
114249,2023-03-03,
114250,2024-09-28,
114251,2023-05-09,
114252,2024-04-14,
114253,2023-06-28,
114254,2024-04-05,
114255,2023-10-03,
114256,2024-09-20,
114257,2023-07-11,
114258,2024-03-31,
114259,2025-03-25,
114260,2024-04-24,18
114261,2023-10-25,
114262,2023-08-15,
114263,2023-02-26,
114264,2025-01-31,
114265,2023-07-27,
114266,2024-09-03,
114267,2024-11-16,
114268,2023-01-13,
114269,2024-02-05,
114270,2024-12-15,
114271,2023-02-08,
114272,2024-08-13,
114273,2023-04-29,
114274,2023-07-08,
114275,2023-02-23,
114276,2023-12-17,
114277,2024-07-14,
114278,2024-05-25,42
114279,2024-10-08,285
114280,2023-09-22,
114281,2024-05-25,
114282,2023-08-20,
114283,2024-12-09,395
114284,2023-07-28,27
114285,2023-03-03,
114286,2023-10-24,
114287,2024-01-15,122
114288,2024-03-09,
114289,2024-09-15,
114290,2025-01-02,
114291,2023-10-26,
114292,2024-01-28,
114293,2024-10-30,
114294,2023-10-03,
114295,2024-01-20,228
114296,2025-02-17,
114297,2024-04-01,
114298,2024-10-17,
114299,2024-09-20,
114300,2023-06-08,
114301,2023-01-23,
114302,2023-09-01,
114303,2024-08-13,
114304,2024-04-27,204
114305,2023-11-27,
114306,2024-02-01,
114307,2022-12-31,
114308,2024-09-07,
114309,2023-12-02,
114310,2024-05-18,
114311,2024-04-11,
114312,2023-05-30,
114313,2023-05-12,
114314,2023-10-03,63
114315,2023-09-25,97
114316,2024-12-26,
114317,2023-11-01,133
114318,2023-02-27,95
114319,2024-08-26,
114320,2024-03-29,77
114321,2023-03-29,
114322,2023-09-18,359
114323,2023-09-19,213
114324,2023-07-01,
114325,2024-01-01,
114326,2023-05-23,
114327,2023-07-18,
114328,2025-03-09,
114329,2025-05-24,
114330,2025-03-21,
114331,2023-12-09,
114332,2023-06-17,
114333,2023-02-20,
114334,2024-03-08,
114335,2023-09-21,3
114336,2024-10-31,
114337,2025-01-15,386
114338,2024-07-03,
114339,2025-06-01,325
114340,2025-02-02,32
114341,2023-12-20,
114342,2023-10-15,
114343,2024-08-15,
114344,2025-04-30,115
114345,2025-04-28,
114346,2025-03-31,
114347,2023-10-28,
114348,2023-06-21,
114349,2024-01-23,
114350,2023-06-12,
114351,2024-02-27,
114352,2023-12-27,
114353,2024-01-05,21
114354,2023-03-12,
114355,2024-08-26,
114356,2023-04-27,227
114357,2025-05-16,
114358,2024-04-12,
114359,2023-11-13,
114360,2024-11-07,
114361,2023-06-21,
114362,2024-11-16,
114363,2024-07-27,6
114364,2023-03-22,
114365,2025-04-16,
114366,2023-10-24,23
114367,2023-02-28,160
114368,2025-03-15,301
114369,2024-03-13,
114370,2025-05-25,
114371,2024-05-11,
114372,2023-02-23,218
114373,2024-08-06,
114374,2024-05-19,
114375,2024-06-10,19
114376,2023-02-16,227
114377,2025-03-04,
114378,2024-07-15,
114379,2023-01-04,177
114380,2023-02-08,
114381,2023-08-14,
114382,2023-02-11,
114383,2024-01-17,
114384,2023-11-30,
114385,2024-04-12,
114386,2024-07-22,
114387,2023-05-02,
114388,2025-05-28,
114389,2023-05-23,
114390,2024-09-20,
114391,2024-02-02,
114392,2024-05-19,
114393,2024-01-17,144
114394,2024-06-20,316
114395,2025-02-06,
114396,2024-02-03,
114397,2025-05-07,
114398,2023-07-08,90
114399,2023-07-30,
114400,2023-09-17,
114401,2023-04-23,
114402,2023-01-31,
114403,2024-01-08,
114404,2024-06-11,
114405,2023-01-13,
114406,2024-11-23,
114407,2024-02-16,
114408,2023-03-31,
114409,2023-07-19,189
114410,2024-07-17,
114411,2025-02-12,55
114412,2025-02-20,
114413,2024-04-28,
114414,2024-07-24,130
114415,2025-05-01,
114416,2024-05-28,126
114417,2024-11-03,
114418,2025-05-14,242
114419,2023-06-10,
114420,2023-03-21,
114421,2025-01-08,
114422,2023-01-23,
114423,2025-03-10,
114424,2024-04-02,
114425,2023-05-15,
114426,2023-09-25,
114427,2025-01-22,
114428,2023-03-04,
114429,2024-03-17,
114430,2024-05-04,210
114431,2023-12-28,39
114432,2023-04-06,
114433,2025-05-25,
114434,2025-06-05,216
114435,2025-01-26,
114436,2024-01-29,
114437,2023-09-16,
114438,2023-09-20,
114439,2024-05-30,
114440,2023-05-22,
114441,2025-01-14,
114442,2025-02-13,94
114443,2023-02-28,
114444,2024-07-30,
114445,2024-07-21,
114446,2023-02-04,
114447,2023-12-11,
114448,2024-06-13,
114449,2023-03-09,
114450,2023-03-10,
114451,2023-03-13,265
114452,2023-04-23,158
114453,2024-06-19,
114454,2024-07-26,
114455,2023-04-07,
114456,2025-01-06,363
114457,2025-03-16,
114458,2023-12-11,
114459,2023-08-17,
114460,2023-09-15,
114461,2023-03-26,351
114462,2024-01-09,
114463,2024-12-29,226
114464,2024-08-25,
114465,2025-02-26,
114466,2025-02-09,346
114467,2024-08-28,
114468,2023-11-17,
114469,2025-02-19,
114470,2024-07-30,
114471,2025-05-21,
114472,2024-03-25,
114473,2024-12-25,
114474,2023-09-13,
114475,2023-09-05,
114476,2024-07-19,
114477,2023-01-16,
114478,2025-04-21,
114479,2023-10-19,
114480,2025-01-19,
114481,2023-03-16,
114482,2024-01-12,
114483,2025-05-15,
114484,2023-05-04,
114485,2024-03-19,45
114486,2024-12-24,
114487,2023-09-12,
114488,2024-07-11,
114489,2024-01-05,
114490,2023-12-30,
114491,2023-10-24,
114492,2023-07-28,329
114493,2024-05-18,
114494,2025-05-31,
114495,2023-08-21,
114496,2024-12-02,
114497,2023-07-05,
114498,2024-09-28,
114499,2024-10-16,
114500,2024-09-11,
114501,2025-04-03,
114502,2023-06-04,
114503,2023-09-15,
114504,2025-02-20,
114505,2024-11-12,342
114506,2023-08-16,
114507,2024-01-12,
114508,2023-02-10,
114509,2023-02-27,
114510,2023-08-10,
114511,2023-01-14,
114512,2024-07-30,153
114513,2024-11-03,
114514,2023-01-30,
114515,2023-08-21,
114516,2023-04-02,
114517,2024-01-12,
114518,2024-08-03,43
114519,2023-03-02,
114520,2024-12-27,
114521,2023-05-05,324
114522,2023-07-12,
114523,2024-10-12,
114524,2025-02-10,
114525,2024-05-02,
114526,2024-04-20,
114527,2024-02-14,69
114528,2023-04-11,
114529,2025-05-24,
114530,2025-03-26,
114531,2024-05-19,
114532,2023-12-25,
114533,2023-08-16,318
114534,2024-08-17,
114535,2023-05-05,
114536,2023-07-19,
114537,2024-02-23,
114538,2023-07-10,
114539,2022-12-31,
114540,2024-10-18,
114541,2023-08-06,
114542,2023-07-11,85
114543,2024-04-24,
114544,2025-04-26,12
114545,2024-01-22,130
114546,2024-12-13,
114547,2025-02-07,
114548,2024-05-19,
114549,2025-06-09,
114550,2024-02-21,
114551,2023-08-08,
114552,2023-10-20,40
114553,2024-11-02,
114554,2023-07-10,
114555,2023-04-10,
114556,2024-12-28,
114557,2023-08-25,
114558,2023-07-04,
114559,2023-11-25,
114560,2025-03-23,
114561,2023-01-15,56
114562,2024-05-12,
114563,2024-05-23,
114564,2025-02-12,
114565,2024-01-26,
114566,2023-07-20,34
114567,2024-09-11,
114568,2025-03-30,
114569,2024-09-28,
114570,2025-03-10,
114571,2024-03-01,
114572,2023-12-02,
114573,2025-05-07,318
114574,2023-03-02,
114575,2025-05-23,
114576,2025-02-07,
114577,2024-08-07,
114578,2025-03-25,342
114579,2025-04-23,
114580,2024-11-13,
114581,2025-05-22,
114582,2024-06-23,
114583,2024-12-13,
114584,2024-04-30,
114585,2023-02-13,
114586,2023-11-16,55
114587,2025-02-19,
114588,2023-05-25,
114589,2024-11-23,
114590,2024-11-20,108
114591,2025-01-03,306
114592,2023-04-06,
114593,2024-09-13,36
114594,2023-12-17,250
114595,2023-04-19,
114596,2025-03-13,
114597,2024-05-05,
114598,2024-10-20,
114599,2024-04-04,
114600,2025-02-23,
114601,2023-11-19,
114602,2025-05-05,
114603,2023-03-21,369
114604,2023-06-27,
114605,2024-02-27,
114606,2023-11-09,
114607,2024-05-24,
114608,2023-12-14,
114609,2023-06-14,
114610,2025-05-23,
114611,2023-03-17,
114612,2023-10-26,
114613,2025-06-04,
114614,2023-09-29,
114615,2023-09-24,375
114616,2023-06-19,
114617,2024-06-04,
114618,2025-03-11,
114619,2024-04-29,183
114620,2022-12-29,331
114621,2023-01-20,
114622,2023-02-09,
114623,2023-06-15,
114624,2023-04-04,
114625,2024-12-15,
114626,2024-06-14,
114627,2023-10-13,
114628,2024-02-29,
114629,2024-09-16,
114630,2023-01-23,238
114631,2024-08-21,
114632,2023-04-26,12
114633,2023-05-01,
114634,2023-06-02,329
114635,2025-01-17,
114636,2024-10-03,
114637,2023-06-15,
114638,2025-01-31,
114639,2024-01-05,
114640,2024-02-12,
114641,2024-05-02,
114642,2024-09-20,
114643,2024-07-26,
114644,2024-08-23,
114645,2023-05-18,
114646,2024-11-04,
114647,2023-11-01,
114648,2025-01-20,
114649,2025-02-16,
114650,2025-05-24,
114651,2023-06-01,144
114652,2023-10-19,
114653,2024-04-29,355
114654,2024-10-28,
114655,2025-04-25,
114656,2024-09-11,135
114657,2024-11-28,
114658,2023-09-21,
114659,2023-04-07,
114660,2023-06-10,
114661,2024-10-19,
114662,2025-04-03,
114663,2025-05-29,
114664,2023-12-15,
114665,2023-06-08,
114666,2024-10-20,358
114667,2023-12-27,
114668,2024-08-25,
114669,2025-01-12,
114670,2023-09-05,
114671,2024-02-10,
114672,2023-10-20,
114673,2023-02-24,145
114674,2023-10-23,
114675,2024-12-21,
114676,2023-07-19,
114677,2024-10-30,
114678,2024-09-29,
114679,2023-08-05,395
114680,2023-11-29,
114681,2023-05-31,209
114682,2024-10-29,
114683,2023-01-18,
114684,2024-03-18,321
114685,2025-01-23,
114686,2024-10-18,
114687,2024-06-13,
114688,2025-03-12,
114689,2023-02-25,
114690,2025-02-13,307
114691,2025-04-27,
114692,2024-11-25,
114693,2023-03-24,228
114694,2024-11-12,162
114695,2024-01-16,
114696,2024-04-25,
114697,2023-06-19,
114698,2024-01-01,303
114699,2023-03-23,
114700,2024-04-10,
114701,2023-12-01,
114702,2023-10-09,
114703,2023-12-16,
114704,2024-09-26,
114705,2024-06-10,
114706,2024-03-28,
114707,2024-01-22,
114708,2024-05-22,
114709,2024-11-06,
114710,2025-04-24,
114711,2025-03-30,
114712,2024-07-26,153
114713,2023-04-06,106
114714,2023-12-01,
114715,2022-12-29,
114716,2025-01-10,
114717,2023-12-30,27
114718,2024-10-08,278
114719,2024-05-24,
114720,2024-10-16,
114721,2024-02-19,
114722,2025-05-08,
114723,2024-06-12,218
114724,2023-11-26,
114725,2023-12-08,
114726,2024-09-28,
114727,2023-04-21,
114728,2024-02-04,
114729,2023-03-21,
114730,2023-10-19,
114731,2024-09-04,
114732,2024-03-01,
114733,2024-04-29,
114734,2025-05-22,
114735,2025-01-18,
114736,2023-12-17,
114737,2024-08-03,258
114738,2023-02-04,
114739,2023-10-29,168
114740,2024-10-18,
114741,2023-06-03,
114742,2023-11-07,
114743,2023-02-18,
114744,2023-10-16,
114745,2024-12-11,
114746,2024-01-25,
114747,2024-04-03,
114748,2025-05-30,
114749,2024-10-08,
114750,2025-02-25,
114751,2025-02-11,
114752,2023-04-15,
114753,2024-07-04,
114754,2023-06-07,
114755,2023-11-06,
114756,2025-06-02,
114757,2023-10-01,
114758,2024-04-03,
114759,2023-12-24,
114760,2023-10-19,
114761,2024-07-31,
114762,2024-11-30,
114763,2025-03-06,
114764,2023-04-01,
114765,2023-10-16,
114766,2023-10-27,
114767,2024-07-06,227
114768,2024-07-20,
114769,2023-11-07,
114770,2024-05-25,
114771,2025-03-06,237
114772,2023-07-02,
114773,2025-03-09,
114774,2025-04-07,
114775,2024-05-05,
114776,2024-07-03,
114777,2024-04-08,
114778,2025-01-21,
114779,2024-04-16,142
114780,2024-04-06,
114781,2023-12-11,215
114782,2023-06-24,
114783,2024-11-29,
114784,2024-05-24,
114785,2024-10-20,
114786,2024-02-05,
114787,2023-08-03,
114788,2025-01-22,
114789,2025-03-08,15
114790,2024-12-06,
114791,2023-07-25,394
114792,2024-03-05,229
114793,2025-06-03,
114794,2023-02-12,
114795,2024-12-16,
114796,2024-01-02,
114797,2023-06-18,
114798,2024-07-02,
114799,2024-02-07,
114800,2023-06-24,
114801,2023-09-14,
114802,2024-09-17,
114803,2023-08-01,
114804,2025-03-06,
114805,2023-06-30,
114806,2023-12-09,
114807,2024-07-14,
114808,2024-03-10,110
114809,2024-02-24,
114810,2023-03-02,
114811,2024-02-08,
114812,2023-01-09,268
114813,2024-04-06,
114814,2023-12-22,
114815,2024-02-21,
114816,2025-01-29,
114817,2024-07-06,
114818,2024-09-10,
114819,2024-06-26,
114820,2025-04-02,
114821,2023-05-08,
114822,2023-05-15,78
114823,2023-06-23,
114824,2025-04-28,
114825,2024-09-07,
114826,2024-08-06,
114827,2024-06-30,
114828,2023-11-19,
114829,2023-06-30,
114830,2025-01-27,
114831,2023-06-23,
114832,2024-06-22,
114833,2023-02-22,
114834,2024-04-15,
114835,2023-04-12,304
114836,2023-07-07,
114837,2024-08-26,
114838,2023-01-25,99
114839,2024-06-06,
114840,2023-05-20,
114841,2024-12-11,
114842,2025-05-28,
114843,2023-03-12,
114844,2024-10-28,258
114845,2023-01-11,
114846,2025-02-26,
114847,2024-04-11,207
114848,2024-01-22,
114849,2024-01-02,
114850,2024-02-05,
114851,2024-10-02,
114852,2025-04-08,
114853,2023-04-10,
114854,2025-01-15,214
114855,2023-03-06,120
114856,2023-02-10,136
114857,2024-10-10,
114858,2025-02-12,
114859,2025-01-09,
114860,2023-01-31,
114861,2023-10-19,
114862,2025-02-23,393
114863,2024-11-24,
114864,2024-06-07,330
114865,2023-12-14,
114866,2024-05-03,
114867,2023-03-18,287
114868,2024-12-04,
114869,2023-08-17,
114870,2025-04-10,14
114871,2025-01-16,
114872,2025-05-03,
114873,2023-01-14,
114874,2025-05-04,357
114875,2025-04-10,
114876,2024-01-22,
114877,2025-02-19,344
114878,2023-04-24,
114879,2023-09-25,266
114880,2024-05-03,
114881,2024-07-31,
114882,2023-06-23,111
114883,2024-06-06,
114884,2024-06-21,
114885,2023-04-15,
114886,2023-08-18,
114887,2024-06-29,
114888,2024-11-04,
114889,2024-08-15,
114890,2024-12-05,
114891,2024-11-22,
114892,2023-11-14,
114893,2023-05-04,
114894,2023-07-12,89
114895,2024-03-09,
114896,2023-02-07,
114897,2022-12-31,
114898,2024-06-02,
114899,2023-07-18,
114900,2024-09-15,
114901,2023-05-27,14
114902,2025-03-12,
114903,2023-06-22,
114904,2023-06-12,
114905,2023-04-03,
114906,2024-06-12,
114907,2023-10-07,
114908,2024-12-22,
114909,2024-10-29,
114910,2023-04-27,
114911,2023-09-30,80
114912,2024-09-20,
114913,2023-11-27,
114914,2024-02-20,
114915,2024-04-27,395
114916,2023-01-19,
114917,2023-11-15,
114918,2023-03-29,
114919,2024-02-06,
114920,2023-11-03,
114921,2024-12-06,
114922,2024-01-29,
114923,2025-05-18,
114924,2025-06-02,
114925,2023-12-12,
114926,2025-04-12,293
114927,2023-02-06,
114928,2024-10-06,
114929,2023-08-01,192
114930,2024-06-15,
114931,2024-10-06,327
114932,2023-10-18,
114933,2024-01-29,
114934,2023-03-14,
114935,2025-03-24,
114936,2025-05-07,306
114937,2023-08-06,
114938,2023-11-25,
114939,2024-01-26,
114940,2023-02-24,
114941,2024-10-20,
114942,2024-02-22,209
114943,2024-01-12,
114944,2024-06-11,
114945,2023-06-02,
114946,2025-03-24,
114947,2024-11-20,
114948,2025-04-25,
114949,2024-05-11,
114950,2024-05-24,
114951,2024-04-01,
114952,2025-02-14,
114953,2023-03-17,187
114954,2023-02-08,
114955,2025-05-28,376
114956,2023-07-31,10
114957,2024-06-23,
114958,2024-02-17,
114959,2025-05-23,
114960,2023-12-30,
114961,2023-06-09,
114962,2023-09-22,
114963,2023-03-03,
114964,2024-12-28,
114965,2023-05-19,
114966,2024-09-12,
114967,2023-04-10,
114968,2025-04-14,
114969,2024-07-18,295
114970,2024-01-24,
114971,2023-03-20,
114972,2024-02-20,
114973,2024-07-29,
114974,2024-05-13,
114975,2024-02-09,
114976,2023-03-26,
114977,2024-03-02,
114978,2024-08-13,
114979,2023-04-30,53
114980,2024-12-24,
114981,2023-01-03,332
114982,2025-03-22,
114983,2024-02-15,199
114984,2023-01-15,105
114985,2024-09-23,
114986,2024-10-30,
114987,2023-05-13,
114988,2024-01-30,
114989,2025-02-21,
114990,2023-08-10,
114991,2025-03-20,
114992,2024-07-11,173
114993,2024-12-12,
114994,2024-08-14,
114995,2025-05-10,
114996,2025-04-04,
114997,2024-02-17,
114998,2024-06-30,
114999,2025-01-01,
115000,2024-10-23,
115001,2024-11-05,
115002,2024-04-11,
115003,2023-11-29,
115004,2023-02-06,
115005,2025-01-30,
115006,2023-05-24,
115007,2023-06-28,
115008,2023-04-04,
115009,2024-12-16,
115010,2024-05-19,
115011,2023-06-18,
115012,2023-03-30,
115013,2024-04-03,
115014,2023-11-04,
115015,2023-09-15,
115016,2023-05-11,
115017,2025-01-05,
115018,2023-12-09,
115019,2024-06-28,
115020,2023-01-30,
115021,2023-01-01,
115022,2023-07-16,
115023,2024-11-01,376
115024,2023-08-24,
115025,2023-09-02,
115026,2023-11-17,183
115027,2025-01-08,
115028,2023-05-10,
115029,2024-07-06,
115030,2023-11-14,325
115031,2025-03-22,248
115032,2024-02-15,5
115033,2024-04-01,
115034,2025-05-16,249
115035,2025-02-01,
115036,2023-02-18,
115037,2025-02-18,
115038,2024-10-17,
115039,2024-11-08,
115040,2023-01-27,
115041,2023-05-23,
115042,2024-06-15,
115043,2024-11-08,
115044,2023-06-18,
115045,2024-11-21,
115046,2025-05-01,
115047,2023-09-22,22
115048,2025-04-06,
115049,2025-01-06,
115050,2023-11-02,
115051,2024-04-01,
115052,2024-02-10,341
115053,2023-04-12,
115054,2024-11-07,
115055,2023-06-01,
115056,2023-09-06,304
115057,2024-12-12,176
115058,2024-09-13,
115059,2023-07-22,
115060,2024-02-04,
115061,2023-12-30,
115062,2023-11-22,
115063,2023-09-17,
115064,2024-08-30,
115065,2024-03-10,
115066,2023-04-23,
115067,2024-11-24,
115068,2023-01-08,
115069,2025-04-02,
115070,2023-05-27,
115071,2024-03-01,
115072,2025-02-24,
115073,2024-07-12,
115074,2025-05-01,
115075,2023-12-31,
115076,2024-03-05,
115077,2023-08-20,
115078,2023-09-28,
115079,2024-08-27,230
115080,2023-02-20,
115081,2025-03-14,
115082,2025-05-08,
115083,2023-08-01,
115084,2025-01-24,
115085,2025-01-21,
115086,2023-05-08,
115087,2024-03-15,276
115088,2024-08-09,
115089,2024-10-30,334
115090,2024-04-08,
115091,2023-09-03,
115092,2024-12-18,
115093,2023-10-04,
115094,2023-03-29,
115095,2023-02-03,
115096,2024-04-08,
115097,2023-05-19,265
115098,2024-06-17,
115099,2024-07-22,
115100,2023-09-06,
115101,2023-09-15,
115102,2024-05-08,
115103,2025-04-04,
115104,2024-09-04,
115105,2023-02-09,381
115106,2024-02-18,
115107,2023-08-04,
115108,2023-02-18,
115109,2024-11-06,113
115110,2024-03-23,
115111,2023-10-11,
115112,2023-06-12,
115113,2024-05-31,
115114,2024-11-07,
115115,2024-08-04,
115116,2023-12-15,
115117,2024-11-06,
115118,2023-03-23,202
115119,2024-09-30,
115120,2023-01-01,
115121,2024-08-08,287
115122,2024-11-13,
115123,2024-11-29,85
115124,2024-08-25,
115125,2023-02-15,
115126,2024-03-30,
115127,2023-04-13,
115128,2024-09-11,
115129,2025-01-09,
115130,2024-09-29,135
115131,2023-08-25,
115132,2023-04-03,
115133,2024-08-24,
115134,2025-05-30,
115135,2024-10-17,
115136,2025-04-30,
115137,2024-05-30,389
115138,2023-01-05,
115139,2023-03-14,385
115140,2024-11-25,
115141,2024-07-08,
115142,2024-09-18,266
115143,2024-11-23,
115144,2025-04-07,
115145,2024-04-11,
115146,2024-10-31,
115147,2025-01-01,382
115148,2024-09-12,
115149,2024-04-11,59
115150,2024-12-08,
115151,2024-06-22,
115152,2024-05-24,222
115153,2023-11-16,
115154,2025-05-12,
115155,2024-11-03,
115156,2024-09-17,
115157,2023-01-27,
115158,2025-03-29,15
115159,2023-03-09,
115160,2024-04-28,
115161,2024-05-30,
115162,2023-10-27,
115163,2023-07-06,
115164,2025-05-17,
115165,2025-02-14,
115166,2023-05-02,
115167,2023-03-30,338
115168,2024-11-20,
115169,2024-12-01,157
115170,2024-04-01,
115171,2024-08-09,59
115172,2023-02-15,
115173,2023-10-26,
115174,2024-03-26,
115175,2023-05-13,
115176,2023-01-19,166
115177,2025-04-29,
115178,2024-11-13,
115179,2024-11-08,55
115180,2023-08-23,
115181,2025-03-06,
115182,2023-07-20,
115183,2024-11-10,225
115184,2023-07-02,
115185,2023-09-09,
115186,2024-02-02,
115187,2024-08-13,32
115188,2025-02-03,
115189,2023-10-14,
115190,2023-12-26,168
115191,2025-04-19,
115192,2024-11-08,
115193,2023-12-16,
115194,2023-10-15,
115195,2023-11-09,
115196,2024-02-13,
115197,2024-10-30,
115198,2024-02-19,
115199,2025-04-02,
115200,2023-01-03,
115201,2023-07-20,
115202,2024-08-05,
115203,2024-10-01,
115204,2025-05-05,
115205,2024-04-27,31
115206,2023-03-17,
115207,2024-07-07,
115208,2023-04-11,
115209,2023-02-22,140
115210,2024-01-02,
115211,2024-05-16,
115212,2022-12-30,216
115213,2024-12-13,
115214,2023-05-10,
115215,2024-08-05,
115216,2024-10-08,
115217,2023-08-27,146
115218,2023-08-06,
115219,2023-10-23,
115220,2025-03-25,
115221,2024-07-30,
115222,2024-12-12,394
115223,2023-09-22,
115224,2023-02-15,
115225,2025-03-04,
115226,2024-02-03,
115227,2023-09-09,
115228,2024-03-07,
115229,2024-11-15,
115230,2023-12-25,
115231,2024-07-04,224
115232,2024-07-31,
115233,2023-06-02,
115234,2024-04-21,
115235,2024-03-26,
115236,2023-01-12,
115237,2023-03-04,
115238,2024-09-07,89
115239,2024-07-04,
115240,2023-03-23,
115241,2024-02-07,
115242,2024-04-25,68
115243,2024-09-17,
115244,2023-05-16,
115245,2024-08-15,106
115246,2023-11-14,
115247,2023-01-07,
115248,2025-03-31,
115249,2022-12-28,
115250,2024-03-20,
115251,2025-03-02,
115252,2025-05-08,
115253,2025-03-01,
115254,2023-08-01,
115255,2024-11-13,
115256,2025-03-26,43
115257,2025-03-31,
115258,2023-10-13,
115259,2023-02-07,
115260,2023-03-24,
115261,2024-09-08,
115262,2023-11-06,
115263,2023-01-24,
115264,2024-04-12,
115265,2024-07-16,
115266,2024-10-03,
115267,2024-12-12,
115268,2024-05-02,
115269,2023-12-24,
115270,2025-02-06,
115271,2023-12-05,
115272,2023-01-10,23
115273,2024-09-05,
115274,2023-01-14,
115275,2024-01-27,135
115276,2024-06-17,
115277,2024-08-14,
115278,2023-05-24,
115279,2025-03-14,
115280,2024-12-24,
115281,2024-12-10,
115282,2025-02-26,
115283,2024-08-07,
115284,2024-01-13,
115285,2023-12-10,46
115286,2024-03-01,
115287,2024-10-26,
115288,2023-02-27,
115289,2023-06-06,141
115290,2024-03-24,
115291,2025-04-09,
115292,2025-06-09,
115293,2023-03-31,
115294,2025-02-27,
115295,2024-03-06,
115296,2024-12-12,
115297,2024-11-27,320
115298,2025-01-09,
115299,2024-04-04,
115300,2024-12-29,
115301,2024-12-31,
115302,2023-02-22,
115303,2025-01-08,
115304,2024-06-19,
115305,2023-02-20,
115306,2025-05-19,343
115307,2025-02-12,
115308,2023-01-21,
115309,2023-06-26,319
115310,2025-01-01,128
115311,2024-06-07,118
115312,2025-02-18,
115313,2024-08-19,
115314,2025-04-21,
115315,2023-04-24,
115316,2024-02-24,
115317,2023-05-26,
115318,2024-03-11,
115319,2023-07-25,
115320,2023-05-16,
115321,2023-09-22,
115322,2024-07-02,
115323,2023-02-01,76
115324,2024-06-20,
115325,2023-12-24,
115326,2023-06-27,170
115327,2024-05-13,
115328,2023-05-17,
115329,2023-10-03,
115330,2024-06-06,
115331,2024-09-20,
115332,2023-05-23,
115333,2024-02-28,
115334,2025-05-31,126
115335,2023-04-20,
115336,2023-02-03,
115337,2023-10-09,
115338,2024-01-16,
115339,2023-01-28,
115340,2024-09-24,
115341,2025-05-24,
115342,2024-07-29,
115343,2023-09-03,
115344,2024-10-11,338
115345,2023-05-13,
115346,2023-07-30,
115347,2024-06-22,
115348,2023-04-21,
115349,2024-01-12,
115350,2023-08-14,
115351,2023-03-02,118
115352,2024-05-12,
115353,2025-02-15,
115354,2023-04-15,
115355,2025-05-03,
115356,2025-03-20,
115357,2024-04-10,
115358,2023-05-14,
115359,2025-02-25,
115360,2023-06-12,
115361,2024-11-17,
115362,2024-08-04,
115363,2025-04-05,
115364,2025-01-23,
115365,2023-05-15,
115366,2023-06-19,
115367,2025-01-21,
115368,2024-04-14,
115369,2023-03-07,9
115370,2023-02-21,
115371,2024-02-23,
115372,2024-10-02,
115373,2025-02-19,
115374,2023-07-27,7
115375,2023-09-13,236
115376,2023-03-13,
115377,2025-06-03,
115378,2025-03-13,
115379,2023-08-10,
115380,2023-08-28,151
115381,2024-01-31,
115382,2024-08-13,203
115383,2023-12-20,
115384,2024-06-03,
115385,2023-05-05,
115386,2024-05-19,
115387,2024-11-02,
115388,2023-09-13,
115389,2023-06-19,
115390,2023-03-28,
115391,2025-04-04,
115392,2024-02-18,166
115393,2023-06-07,
115394,2025-05-12,
115395,2025-05-16,367
115396,2023-01-23,
115397,2024-07-09,
115398,2024-12-25,
115399,2024-12-20,
115400,2024-06-11,
115401,2025-01-19,
115402,2024-02-23,
115403,2023-02-17,
115404,2025-02-25,
115405,2023-06-26,
115406,2025-05-09,
115407,2025-03-14,
115408,2025-04-28,
115409,2023-04-22,
115410,2023-05-14,367
115411,2024-04-02,16
115412,2023-03-16,
115413,2025-05-18,198
115414,2024-05-03,198
115415,2025-04-08,
115416,2024-01-19,
115417,2023-03-29,
115418,2023-04-28,
115419,2024-12-23,111
115420,2023-10-07,294
115421,2023-10-02,
115422,2024-07-17,
115423,2025-02-09,
115424,2025-01-22,
115425,2024-02-10,
115426,2023-10-17,
115427,2023-06-11,
115428,2023-09-07,
115429,2024-11-03,
115430,2024-12-30,
115431,2023-01-09,
115432,2025-04-30,
115433,2023-04-29,
115434,2024-01-21,
115435,2024-02-14,301
115436,2023-11-27,
115437,2024-09-13,180
115438,2024-03-11,
115439,2025-02-13,381
115440,2025-04-04,
115441,2025-05-09,54
115442,2023-10-31,
115443,2024-04-12,
115444,2023-03-05,
115445,2023-11-13,
115446,2023-03-01,
115447,2023-10-30,
115448,2023-01-15,
115449,2023-08-12,
115450,2023-05-19,
115451,2025-03-06,
115452,2024-10-27,
115453,2023-03-18,
115454,2023-09-20,
115455,2023-09-13,
115456,2023-01-01,
115457,2024-05-20,68
115458,2024-05-22,53
115459,2024-02-09,
115460,2025-05-26,
115461,2023-12-04,
115462,2023-04-06,
115463,2024-10-01,117
115464,2023-09-27,
115465,2023-04-02,
115466,2024-06-10,
115467,2023-05-18,
115468,2023-03-10,
115469,2023-01-29,
115470,2024-11-14,
115471,2023-08-04,
115472,2023-12-03,
115473,2024-04-05,
115474,2023-01-27,
115475,2024-06-04,110
115476,2024-12-13,
115477,2025-02-12,
115478,2025-01-07,197
115479,2025-06-05,
115480,2025-04-22,
115481,2024-09-25,
115482,2024-04-18,
115483,2023-02-02,362
115484,2023-07-30,
115485,2025-01-04,322
115486,2025-04-30,
115487,2023-11-01,
115488,2023-12-03,
115489,2023-11-01,
115490,2024-07-13,326
115491,2023-12-30,
115492,2023-06-08,
115493,2025-05-17,
115494,2024-04-09,
115495,2025-04-21,
115496,2024-09-19,87
115497,2023-10-04,
115498,2023-11-24,
115499,2025-02-02,
115500,2024-11-28,239
115501,2024-03-12,
115502,2023-09-01,
115503,2024-06-02,
115504,2023-05-28,
115505,2024-08-03,
115506,2023-05-04,
115507,2024-01-04,
115508,2023-11-08,
115509,2023-04-15,
115510,2024-02-18,
115511,2023-03-20,
115512,2023-10-19,
115513,2024-06-30,
115514,2023-03-03,
115515,2024-05-24,
115516,2023-11-06,
115517,2023-07-29,
115518,2025-01-05,
115519,2025-01-28,
115520,2024-02-04,
115521,2023-07-11,
115522,2025-04-05,
115523,2025-02-26,
115524,2023-03-08,260
115525,2024-09-13,
115526,2024-12-04,
115527,2023-07-23,55
115528,2025-05-04,
115529,2023-01-11,
115530,2025-04-28,
115531,2023-12-14,166
115532,2023-02-28,
115533,2023-03-25,
115534,2024-04-02,
115535,2024-05-16,174
115536,2023-04-24,
115537,2023-10-22,
115538,2023-09-21,
115539,2023-02-10,
115540,2023-01-27,299
115541,2023-08-16,
115542,2024-07-06,
115543,2024-07-04,
115544,2024-06-23,
115545,2025-04-26,214
115546,2023-02-07,
115547,2023-08-17,
115548,2023-03-24,320
115549,2023-12-12,
115550,2023-08-17,386
115551,2025-04-28,
115552,2024-05-02,
115553,2024-06-26,
115554,2023-04-08,
115555,2024-09-16,
115556,2023-10-05,
115557,2023-05-28,
115558,2023-09-02,
115559,2024-04-30,
115560,2024-06-09,
115561,2023-10-04,
115562,2024-04-12,
115563,2025-06-04,
115564,2025-04-14,
115565,2024-03-16,
115566,2024-09-22,
115567,2024-03-23,24
115568,2024-09-13,
115569,2024-10-13,
115570,2024-12-14,
115571,2023-02-09,
115572,2024-07-31,
115573,2025-05-09,209
115574,2023-12-17,
115575,2023-01-21,
115576,2025-05-22,
115577,2024-11-30,396
115578,2025-04-04,
115579,2023-07-03,
115580,2024-06-18,
115581,2025-03-31,324
115582,2023-09-30,
115583,2025-05-08,
115584,2023-01-11,
115585,2023-08-30,221
115586,2023-09-29,
115587,2024-08-01,
115588,2024-08-20,
115589,2024-02-18,
115590,2024-05-04,
115591,2024-02-10,
115592,2024-04-01,
115593,2024-09-23,
115594,2025-02-20,366
115595,2024-01-06,
115596,2024-04-15,
115597,2024-07-26,
115598,2023-03-18,
115599,2024-01-15,
115600,2023-05-29,
115601,2024-07-23,
115602,2024-06-23,
115603,2024-11-25,
115604,2024-07-28,
115605,2023-01-18,
115606,2025-04-06,
115607,2023-06-27,
115608,2023-12-13,
115609,2023-01-02,204
115610,2023-09-26,
115611,2023-11-24,
115612,2023-03-09,150
115613,2023-05-02,
115614,2024-07-25,
115615,2024-07-01,
115616,2025-06-05,
115617,2024-04-25,
115618,2025-02-17,389
115619,2023-03-10,
115620,2023-03-15,
115621,2024-05-11,
115622,2024-06-08,243
115623,2023-01-21,
115624,2024-12-30,
115625,2024-03-18,368
115626,2024-02-25,
115627,2023-04-06,
115628,2024-10-18,
115629,2023-12-21,
115630,2023-10-24,
115631,2024-09-23,
115632,2023-12-23,178
115633,2024-11-14,385
115634,2023-01-01,
115635,2025-01-19,
115636,2025-05-23,
115637,2024-11-09,265
115638,2024-03-23,
115639,2023-01-11,
115640,2025-06-03,
115641,2025-03-14,324
115642,2025-04-01,394
115643,2025-03-05,
115644,2023-06-25,
115645,2024-04-27,
115646,2025-03-18,202
115647,2023-03-12,
115648,2025-03-07,397
115649,2025-05-12,
115650,2024-08-30,
115651,2024-07-12,49
115652,2024-04-24,
115653,2024-05-15,
115654,2024-03-27,
115655,2023-02-06,
115656,2024-11-09,
115657,2023-07-16,
115658,2025-02-01,
115659,2023-01-25,
115660,2025-03-19,
115661,2024-06-05,
115662,2023-01-12,
115663,2023-10-27,
115664,2024-04-18,58
115665,2025-01-03,135
115666,2024-10-10,
115667,2024-09-24,
115668,2024-11-04,
115669,2023-03-26,
115670,2025-02-02,
115671,2025-03-02,
115672,2024-02-20,
115673,2024-03-03,
115674,2024-09-27,
115675,2023-09-06,
115676,2023-03-28,35
115677,2024-11-05,
115678,2025-04-05,
115679,2025-01-26,
115680,2025-03-22,
115681,2025-05-30,
115682,2025-04-04,
115683,2024-07-07,
115684,2025-01-19,
115685,2023-09-14,208
115686,2023-06-05,109
115687,2025-02-18,
115688,2023-05-01,293
115689,2024-09-09,
115690,2024-08-28,
115691,2023-05-11,294
115692,2023-12-13,
115693,2023-08-31,
115694,2023-07-04,
115695,2023-07-24,
115696,2025-03-23,
115697,2025-03-16,
115698,2025-05-29,61
115699,2023-02-07,
115700,2024-12-22,30
115701,2024-09-27,
115702,2024-03-15,
115703,2023-03-04,
115704,2023-08-31,
115705,2024-10-11,
115706,2023-07-17,
115707,2023-11-22,
115708,2023-07-07,252
115709,2023-07-20,
115710,2024-12-28,
115711,2023-02-03,
115712,2023-11-29,
115713,2023-10-23,92
115714,2023-01-18,
115715,2025-06-01,
115716,2025-05-26,
115717,2022-12-30,
115718,2023-10-07,
115719,2024-07-06,
115720,2023-01-06,
115721,2025-05-12,
115722,2023-01-31,
115723,2023-08-28,
115724,2024-09-05,
115725,2023-08-01,380
115726,2025-02-09,
115727,2025-04-24,
115728,2023-02-02,
115729,2024-02-08,
115730,2023-11-20,
115731,2024-11-15,52
115732,2024-08-28,
115733,2025-01-10,
115734,2024-08-20,
115735,2024-11-14,15
115736,2023-12-01,
115737,2024-07-24,
115738,2024-08-19,
115739,2025-01-07,
115740,2023-10-20,
115741,2023-10-24,233
115742,2024-03-15,393
115743,2024-01-29,170
115744,2023-09-22,
115745,2024-04-30,
115746,2023-08-27,
115747,2024-10-18,
115748,2025-06-07,
115749,2023-11-26,
115750,2023-09-13,
115751,2024-09-28,
115752,2024-08-06,
115753,2024-01-19,
115754,2023-09-21,
115755,2023-07-05,
115756,2025-01-24,
115757,2025-01-05,
115758,2023-02-12,
115759,2023-01-06,
115760,2024-07-10,
115761,2024-09-19,
115762,2023-03-04,6
115763,2024-07-20,
115764,2025-05-22,
115765,2025-01-25,
115766,2024-10-09,
115767,2023-10-31,
115768,2024-02-02,
115769,2023-10-26,
115770,2025-05-06,
115771,2023-01-16,
115772,2025-01-15,
115773,2024-12-31,101
115774,2024-04-25,
115775,2025-03-16,157
115776,2023-09-10,
115777,2025-01-01,
115778,2023-02-07,164
115779,2024-01-21,
115780,2023-02-08,
115781,2024-12-09,
115782,2025-05-19,
115783,2024-06-14,
115784,2023-08-09,395
115785,2024-07-21,
115786,2023-07-19,
115787,2024-02-02,
115788,2023-10-08,
115789,2023-11-24,
115790,2023-02-16,
115791,2023-09-27,
115792,2025-03-21,
115793,2025-04-26,
115794,2023-02-06,
115795,2024-11-02,
115796,2025-03-11,265
115797,2025-04-14,
115798,2023-02-06,327
115799,2023-02-20,
115800,2024-08-01,
115801,2025-05-05,159
115802,2023-08-23,
115803,2024-11-12,
115804,2024-04-08,
115805,2025-03-22,
115806,2023-07-22,
115807,2025-04-30,
115808,2024-11-14,
115809,2023-12-31,
115810,2025-01-30,
115811,2023-10-23,
115812,2023-10-22,240
115813,2024-03-12,
115814,2024-02-12,362
115815,2025-03-21,
115816,2024-06-11,
115817,2025-04-07,
115818,2024-01-01,
115819,2025-04-28,
115820,2024-06-19,
115821,2023-06-23,
115822,2023-06-14,
115823,2023-11-13,
115824,2024-01-16,
115825,2024-02-22,
115826,2024-09-26,287
115827,2023-12-29,
115828,2023-10-20,
115829,2025-01-05,
115830,2024-01-29,
115831,2024-06-01,
115832,2024-10-21,
115833,2025-02-06,268
115834,2025-03-27,
115835,2024-04-20,51
115836,2023-08-31,
115837,2024-01-06,
115838,2024-03-25,
115839,2025-01-16,54
115840,2023-12-05,
115841,2024-02-13,
115842,2023-08-29,
115843,2024-10-07,
115844,2024-08-27,
115845,2024-08-14,
115846,2025-02-06,
115847,2024-08-28,
115848,2025-02-19,60
115849,2024-06-10,
115850,2025-02-23,184
115851,2023-03-07,
115852,2024-03-28,235
115853,2023-09-12,
115854,2024-06-19,78
115855,2023-02-07,259
115856,2023-11-03,
115857,2025-03-20,
115858,2024-10-10,339
115859,2024-08-22,
115860,2025-06-05,
115861,2024-03-15,
115862,2024-07-13,
115863,2023-11-20,
115864,2023-01-11,362
115865,2025-04-19,
115866,2025-05-09,
115867,2024-10-24,
115868,2023-09-13,
115869,2025-01-22,
115870,2025-01-07,
115871,2023-08-24,
115872,2023-08-20,
115873,2024-08-25,
115874,2024-01-20,295
115875,2024-06-30,
115876,2023-06-04,
115877,2025-04-05,
115878,2024-09-27,276
115879,2025-06-07,
115880,2024-11-17,
115881,2023-03-08,
115882,2023-05-03,103
115883,2025-06-02,
115884,2023-01-10,
115885,2025-01-17,
115886,2024-02-07,
115887,2024-07-12,
115888,2023-06-26,
115889,2024-06-04,292
115890,2024-07-28,
115891,2023-10-27,
115892,2024-06-11,
115893,2023-11-28,
115894,2023-04-08,
115895,2024-04-09,
115896,2023-11-30,
115897,2025-05-20,354
115898,2025-05-12,
115899,2025-02-07,
115900,2024-05-01,
115901,2024-05-12,
115902,2023-01-29,
115903,2023-08-10,
115904,2025-03-09,244
115905,2023-04-23,
115906,2023-02-04,
115907,2025-04-10,
115908,2024-07-18,
115909,2024-01-31,
115910,2024-02-18,
115911,2023-09-14,
115912,2024-11-29,
115913,2023-01-02,
115914,2024-02-08,
115915,2024-04-06,
115916,2025-06-06,
115917,2023-12-30,
115918,2024-10-09,
115919,2024-12-25,
115920,2023-12-27,125
115921,2025-04-23,
115922,2023-01-22,
115923,2024-05-14,264
115924,2024-05-31,
115925,2023-05-22,
115926,2024-05-29,
115927,2025-04-23,
115928,2023-06-08,
115929,2025-04-10,
115930,2024-01-12,
115931,2023-04-26,
115932,2025-05-16,
115933,2023-05-27,
115934,2024-06-21,
115935,2023-11-04,
115936,2024-10-05,
115937,2025-02-18,350
115938,2024-02-04,
115939,2023-02-12,
115940,2024-06-09,
115941,2023-07-22,
115942,2024-12-15,
115943,2025-01-17,96
115944,2023-12-07,185
115945,2023-10-14,
115946,2024-05-13,134
115947,2024-01-02,
115948,2024-07-15,
115949,2024-08-06,
115950,2024-04-06,
115951,2024-07-24,240
115952,2024-07-23,
115953,2023-08-25,
115954,2023-01-09,346
115955,2024-10-09,205
115956,2023-12-15,
115957,2023-02-02,
115958,2023-04-27,
115959,2023-02-28,
115960,2023-11-13,
115961,2023-01-02,
115962,2025-02-16,
115963,2024-04-14,
115964,2025-04-14,
115965,2024-06-15,
115966,2025-04-24,
115967,2024-07-22,
115968,2023-09-27,
115969,2023-01-19,
115970,2023-06-12,
115971,2023-12-18,340
115972,2024-02-27,
115973,2024-02-03,
115974,2023-11-14,
115975,2024-04-07,
115976,2024-11-11,
115977,2023-10-07,167
115978,2025-04-19,
115979,2023-10-07,
115980,2023-03-10,
115981,2023-01-19,
115982,2024-08-19,387
115983,2023-05-08,
115984,2023-04-30,
115985,2023-02-14,350
115986,2024-04-23,247
115987,2023-08-16,
115988,2024-08-15,
115989,2024-10-19,71
115990,2023-09-09,132
115991,2024-09-01,
115992,2023-08-21,
115993,2024-08-13,
115994,2023-09-17,320
115995,2023-05-30,
115996,2023-06-10,
115997,2023-01-10,
115998,2023-12-30,52
115999,2023-07-23,56
116000,2025-04-08,
116001,2023-01-19,
116002,2023-03-27,
116003,2024-05-06,
116004,2024-05-23,
116005,2023-04-01,
116006,2024-02-10,
116007,2024-05-26,
116008,2024-06-28,37
116009,2024-10-09,
116010,2024-07-04,
116011,2023-07-12,
116012,2024-04-19,
116013,2023-11-08,
116014,2024-11-13,
116015,2023-02-10,
116016,2025-06-03,
116017,2023-08-12,
116018,2025-01-02,
116019,2024-12-11,
116020,2024-11-19,
116021,2024-12-18,
116022,2025-01-20,
116023,2024-06-24,
116024,2025-01-24,
116025,2025-01-18,
116026,2025-04-06,
116027,2023-10-24,
116028,2024-05-09,
116029,2023-01-08,352
116030,2025-02-24,
116031,2024-06-02,
116032,2023-08-11,
116033,2025-03-12,
116034,2023-02-28,
116035,2023-10-25,
116036,2024-08-21,
116037,2023-09-02,
116038,2023-05-03,
116039,2023-10-01,
116040,2024-03-24,
116041,2024-11-28,
116042,2024-01-24,
116043,2024-07-17,
116044,2024-05-05,
116045,2024-06-25,168
116046,2023-01-26,
116047,2023-10-30,
116048,2024-04-26,3
116049,2023-12-10,
116050,2024-12-31,
116051,2023-04-28,
116052,2023-04-04,
116053,2024-07-19,381
116054,2025-04-01,
116055,2024-06-15,
116056,2023-05-09,231
116057,2024-01-30,
116058,2023-04-15,
116059,2025-02-13,
116060,2024-12-26,
116061,2025-06-07,
116062,2023-06-27,194
116063,2023-06-04,
116064,2024-01-29,
116065,2023-06-14,
116066,2024-09-03,214
116067,2023-12-14,
116068,2023-07-23,
116069,2025-01-14,
116070,2023-12-24,
116071,2024-03-06,
116072,2024-12-13,120
116073,2024-03-23,
116074,2023-02-13,
116075,2024-02-17,
116076,2025-01-12,
116077,2025-01-22,
116078,2023-02-04,
116079,2023-04-22,
116080,2024-01-03,
116081,2024-09-12,
116082,2024-12-30,
116083,2025-06-08,
116084,2023-04-05,259
116085,2024-04-04,
116086,2025-02-03,
116087,2023-06-09,
116088,2025-01-03,
116089,2024-12-26,
116090,2024-08-13,
116091,2024-08-31,
116092,2023-12-15,
116093,2024-01-11,267
116094,2023-08-18,
116095,2023-10-26,
116096,2023-11-16,
116097,2023-12-16,236
116098,2023-11-19,
116099,2023-02-05,
116100,2024-11-27,
116101,2022-12-30,192
116102,2024-09-22,
116103,2024-09-29,
116104,2024-10-02,36
116105,2024-02-11,
116106,2024-01-09,
116107,2024-04-30,
116108,2023-07-16,386
116109,2024-05-15,
116110,2024-06-07,
116111,2023-07-16,
116112,2023-02-22,
116113,2024-12-12,
116114,2023-01-30,
116115,2023-09-12,
116116,2023-08-06,
116117,2023-07-29,
116118,2023-12-29,
116119,2023-05-19,
116120,2025-05-28,259
116121,2023-03-27,252
116122,2023-07-11,
116123,2025-03-06,
116124,2023-01-06,
116125,2023-11-15,
116126,2024-04-11,
116127,2025-04-18,344
116128,2023-03-10,262
116129,2023-08-07,
116130,2024-03-25,
116131,2023-03-25,
116132,2024-07-23,
116133,2024-06-20,
116134,2023-10-20,291
116135,2023-08-29,
116136,2025-03-11,
116137,2024-07-04,
116138,2025-02-06,
116139,2024-09-02,
116140,2023-09-01,43
116141,2023-12-26,
116142,2023-01-15,
116143,2025-03-08,
116144,2023-06-14,209
116145,2024-06-04,
116146,2025-04-22,
116147,2024-01-07,
116148,2025-03-31,25
116149,2023-06-09,205
116150,2023-05-22,303
116151,2023-04-20,
116152,2023-09-21,
116153,2023-11-09,
116154,2024-07-30,
116155,2023-02-25,
116156,2023-05-21,
116157,2023-11-17,
116158,2023-10-30,250
116159,2023-03-11,358
116160,2024-02-01,
116161,2023-06-27,
116162,2024-06-30,
116163,2024-06-16,
116164,2023-01-04,159
116165,2024-07-16,
116166,2024-06-19,
116167,2023-11-14,
116168,2024-04-21,
116169,2024-03-01,292
116170,2025-02-12,
116171,2023-03-08,
116172,2024-04-19,
116173,2024-03-14,
116174,2024-09-29,
116175,2023-03-31,
116176,2025-02-11,
116177,2023-07-22,
116178,2023-05-11,
116179,2023-04-30,
116180,2024-08-17,
116181,2024-05-23,
116182,2023-11-03,
116183,2023-04-01,
116184,2023-11-13,
116185,2023-05-30,
116186,2024-10-24,
116187,2025-03-22,
116188,2023-01-28,50
116189,2023-01-23,
116190,2023-10-27,71
116191,2023-05-26,
116192,2024-03-18,141
116193,2023-08-28,
116194,2024-01-10,
116195,2024-12-28,
116196,2024-03-22,
116197,2024-11-11,
116198,2023-11-18,
116199,2023-11-09,
116200,2024-12-05,7
116201,2023-04-10,
116202,2023-07-02,
116203,2025-04-30,
116204,2023-12-22,
116205,2024-06-01,
116206,2024-04-24,
116207,2023-06-29,
116208,2023-11-15,
116209,2023-03-31,162
116210,2025-03-25,
116211,2025-05-15,
116212,2023-07-05,
116213,2024-06-20,356
116214,2023-07-06,
116215,2023-06-21,
116216,2025-01-19,
116217,2025-05-10,
116218,2025-01-26,
116219,2023-11-25,
116220,2023-09-09,
116221,2024-04-01,
116222,2023-08-23,
116223,2024-05-30,
116224,2023-11-20,
116225,2024-11-19,379
116226,2024-10-24,
116227,2023-11-09,
116228,2023-02-18,
116229,2023-01-29,
116230,2023-04-03,
116231,2024-10-11,
116232,2024-04-16,
116233,2023-07-07,
116234,2024-05-21,
116235,2023-04-04,
116236,2023-05-07,
116237,2025-06-07,
116238,2023-10-08,
116239,2023-06-30,
116240,2024-12-10,74
116241,2023-12-06,294
116242,2024-04-12,
116243,2024-08-20,
116244,2024-04-30,
116245,2024-07-02,
116246,2023-04-27,
116247,2023-10-20,
116248,2024-05-08,
116249,2023-09-28,
116250,2025-02-19,169
116251,2025-01-18,
116252,2023-01-25,220
116253,2024-04-05,
116254,2024-05-05,
116255,2023-11-03,
116256,2024-09-30,
116257,2023-08-03,
116258,2023-02-17,
116259,2023-12-20,
116260,2023-09-14,
116261,2024-03-20,
116262,2024-07-31,149
116263,2025-04-19,
116264,2024-10-02,328
116265,2025-01-26,
116266,2024-08-08,
116267,2024-11-28,
116268,2023-06-04,
116269,2024-04-11,
116270,2025-05-24,
116271,2024-10-31,
116272,2023-04-07,42
116273,2025-01-18,
116274,2023-03-24,
116275,2025-01-29,
116276,2023-08-05,
116277,2024-12-27,
116278,2024-08-21,
116279,2023-03-28,
116280,2023-03-31,53
116281,2023-10-11,
116282,2024-09-27,
116283,2023-07-29,
116284,2023-02-11,
116285,2024-08-09,
116286,2025-04-16,
116287,2023-09-23,
116288,2024-03-07,
116289,2024-11-03,
116290,2024-08-19,
116291,2023-10-05,113
116292,2024-09-30,
116293,2024-01-26,
116294,2023-01-12,
116295,2023-01-21,
116296,2023-12-04,
116297,2025-05-30,
116298,2023-10-28,
116299,2024-05-14,357
116300,2024-10-15,
116301,2025-04-18,
116302,2024-03-10,
116303,2023-03-30,
116304,2024-08-19,176
116305,2023-03-08,
116306,2025-01-27,
116307,2023-10-29,
116308,2025-04-04,155
116309,2023-12-14,212
116310,2023-07-11,
116311,2023-06-14,
116312,2024-12-27,
116313,2023-02-09,322
116314,2025-03-03,
116315,2024-09-25,357
116316,2025-02-12,
116317,2024-06-09,173
116318,2024-07-04,
116319,2025-03-14,
116320,2023-08-09,
116321,2023-01-31,
116322,2023-12-02,
116323,2023-01-24,
116324,2023-06-09,
116325,2024-01-24,
116326,2023-01-20,
116327,2025-02-11,
116328,2023-09-04,
116329,2024-09-26,
116330,2024-08-18,
116331,2025-01-07,
116332,2024-02-09,72
116333,2024-01-04,
116334,2024-09-05,
116335,2024-04-13,137
116336,2025-04-19,
116337,2024-11-02,
116338,2023-06-11,
116339,2024-04-04,369
116340,2023-04-20,156
116341,2025-03-11,
116342,2025-05-06,
116343,2023-08-29,
116344,2023-12-09,
116345,2023-10-16,
116346,2023-06-24,
116347,2024-04-07,
116348,2023-03-16,
116349,2023-03-20,
116350,2024-05-23,
116351,2023-06-12,
116352,2024-02-02,
116353,2024-10-25,
116354,2024-07-22,
116355,2025-06-08,
116356,2024-08-13,
116357,2023-08-19,218
116358,2025-06-06,
116359,2025-01-08,
116360,2024-12-07,
116361,2023-06-16,249
116362,2024-11-28,
116363,2025-06-08,
116364,2024-05-02,
116365,2025-06-09,
116366,2024-04-28,
116367,2023-05-31,
116368,2025-06-04,
116369,2023-12-07,337
116370,2023-09-19,
116371,2024-08-24,
116372,2024-04-02,224
116373,2024-08-17,
116374,2023-01-14,316
116375,2023-10-06,
116376,2024-05-18,
116377,2023-09-19,
116378,2024-10-21,3
116379,2023-02-01,
116380,2023-01-18,
116381,2023-11-24,
116382,2025-03-09,
116383,2025-05-27,
116384,2024-09-06,187
116385,2023-05-04,290
116386,2025-01-22,
116387,2023-02-09,
116388,2024-08-05,
116389,2024-04-21,
116390,2024-09-01,91
116391,2025-03-01,273
116392,2023-08-10,
116393,2023-02-28,
116394,2023-01-01,
116395,2024-01-22,
116396,2023-06-13,383
116397,2024-10-14,
116398,2025-02-28,
116399,2023-02-10,
116400,2023-07-25,398
116401,2025-03-31,
116402,2024-02-21,
116403,2023-01-21,49
116404,2025-04-17,248
116405,2025-04-14,
116406,2024-01-23,
116407,2023-12-16,
116408,2023-12-28,
116409,2023-10-04,
116410,2024-10-02,
116411,2023-04-26,
116412,2023-12-03,
116413,2025-06-05,
116414,2024-08-11,
116415,2024-08-23,
116416,2023-06-19,
116417,2025-04-01,123
116418,2025-05-16,
116419,2023-11-09,45
116420,2023-08-17,
116421,2023-01-28,
116422,2024-07-17,
116423,2023-12-28,248
116424,2023-10-24,
116425,2024-08-25,
116426,2024-03-21,276
116427,2024-12-23,
116428,2024-03-30,
116429,2023-06-22,
116430,2024-07-02,
116431,2023-11-26,
116432,2024-01-28,
116433,2024-08-06,136
116434,2024-04-02,207
116435,2025-04-16,
116436,2024-02-29,
116437,2025-05-30,
116438,2024-08-10,
116439,2024-02-04,
116440,2024-03-24,
116441,2024-07-25,343
116442,2025-01-04,46
116443,2023-02-21,
116444,2023-08-29,
116445,2024-05-25,
116446,2024-08-20,
116447,2025-01-16,
116448,2023-07-12,
116449,2023-09-20,
116450,2023-07-25,
116451,2023-03-06,
116452,2024-02-23,
116453,2023-02-02,359
116454,2024-10-28,4
116455,2024-12-02,42
116456,2024-12-07,
116457,2023-09-08,
116458,2023-06-26,
116459,2023-09-26,
116460,2024-09-24,
116461,2025-02-19,
116462,2023-01-26,
116463,2023-01-22,
116464,2023-04-11,
116465,2024-01-11,
116466,2025-02-03,
116467,2024-02-03,188
116468,2024-01-12,
116469,2024-05-04,209
116470,2023-10-25,
116471,2023-04-12,
116472,2023-01-05,220
116473,2023-06-06,
116474,2025-04-01,
116475,2024-11-29,
116476,2024-07-26,
116477,2024-10-10,
116478,2025-03-27,
116479,2023-06-29,
116480,2025-02-12,
116481,2024-09-14,
116482,2024-12-16,77
116483,2023-02-12,
116484,2024-08-30,
116485,2023-02-03,
116486,2025-04-26,
116487,2024-12-24,
116488,2024-07-19,20
116489,2025-02-14,
116490,2025-04-09,
116491,2024-02-04,319
116492,2023-01-31,
116493,2024-05-11,
116494,2023-10-11,
116495,2024-12-05,
116496,2023-07-30,180
116497,2023-01-05,42
116498,2024-12-14,
116499,2023-11-22,
116500,2023-09-27,
116501,2024-02-11,308
116502,2024-11-02,
116503,2023-02-27,
116504,2023-08-17,
116505,2024-04-18,16
116506,2023-08-03,
116507,2023-03-25,
116508,2023-10-28,
116509,2023-07-22,
116510,2024-06-02,
116511,2024-09-06,15
116512,2025-02-26,
116513,2025-02-17,
116514,2024-12-08,302
116515,2023-02-04,
116516,2023-02-04,
116517,2024-02-19,
116518,2024-05-19,
116519,2024-05-25,
116520,2024-10-12,
116521,2025-04-01,
116522,2024-02-17,
116523,2023-03-22,
116524,2025-04-24,
116525,2023-07-17,
116526,2024-03-13,
116527,2024-06-09,
116528,2023-10-07,
116529,2023-11-20,
116530,2023-03-21,
116531,2024-07-28,
116532,2023-10-24,
116533,2025-01-19,
116534,2024-07-06,
116535,2025-06-09,
116536,2023-04-18,
116537,2023-05-25,270
116538,2024-08-16,
116539,2024-06-23,
116540,2023-01-14,
116541,2023-01-23,
116542,2024-03-16,
116543,2023-06-13,
116544,2023-04-26,324
116545,2025-06-04,
116546,2023-05-23,241
116547,2024-04-16,265
116548,2025-02-22,
116549,2024-07-29,
116550,2023-12-28,4
116551,2025-01-09,
116552,2023-05-05,292
116553,2024-02-02,313
116554,2025-04-20,
116555,2024-08-07,
116556,2024-09-20,
116557,2023-04-30,
116558,2024-06-08,
116559,2024-07-31,
116560,2024-01-25,
116561,2024-10-11,358
116562,2024-11-17,
116563,2023-06-25,
116564,2025-04-13,
116565,2023-11-28,
116566,2023-11-26,
116567,2023-06-23,
116568,2025-04-12,220
116569,2025-04-04,
116570,2023-05-12,
116571,2025-05-30,
116572,2025-03-08,
116573,2024-09-07,
116574,2023-03-07,
116575,2024-04-06,
116576,2023-03-18,
116577,2024-03-27,
116578,2023-02-23,
116579,2024-05-17,
116580,2024-10-14,
116581,2023-11-26,
116582,2023-08-21,
116583,2025-06-07,
116584,2025-03-03,
116585,2023-07-14,
116586,2024-07-01,
116587,2023-12-26,
116588,2023-10-18,
116589,2024-03-03,
116590,2023-11-06,
116591,2025-03-11,37
116592,2024-10-27,
116593,2025-03-12,
116594,2024-07-01,
116595,2025-01-10,
116596,2024-12-18,
116597,2024-10-01,
116598,2024-10-27,
116599,2024-11-19,
116600,2024-09-16,203
116601,2023-10-18,
116602,2025-04-10,
116603,2023-05-21,
116604,2024-11-28,
116605,2023-12-25,96
116606,2024-01-19,
116607,2025-02-26,
116608,2024-04-28,
116609,2025-06-04,
116610,2024-07-26,383
116611,2024-04-25,
116612,2024-10-26,
116613,2024-10-09,182
116614,2024-05-30,
116615,2023-11-18,
116616,2023-04-21,
116617,2024-11-15,225
116618,2023-06-03,392
116619,2023-02-13,
116620,2024-06-05,
116621,2023-04-02,
116622,2024-02-23,
116623,2023-07-21,
116624,2024-02-04,
116625,2024-06-09,
116626,2024-02-09,
116627,2023-04-27,360
116628,2023-06-24,
116629,2024-07-05,
116630,2024-10-15,
116631,2023-07-17,
116632,2023-10-05,
116633,2024-01-11,
116634,2024-08-04,
116635,2023-07-14,
116636,2024-02-08,238
116637,2023-05-03,
116638,2023-08-12,
116639,2023-06-16,385
116640,2024-01-07,
116641,2025-01-07,
116642,2023-08-31,
116643,2023-01-22,
116644,2023-04-03,
116645,2024-03-12,
116646,2024-10-09,
116647,2023-09-03,
116648,2024-04-03,335
116649,2023-10-06,
116650,2023-08-02,179
116651,2023-09-22,
116652,2025-01-11,296
116653,2023-03-04,
116654,2024-12-10,
116655,2024-06-25,
116656,2024-01-06,
116657,2023-08-12,
116658,2024-11-20,242
116659,2024-11-29,
116660,2023-07-30,
116661,2024-07-04,
116662,2024-09-21,
116663,2023-03-23,
116664,2023-10-06,
116665,2023-11-28,
116666,2025-02-15,
116667,2024-12-23,
116668,2023-10-11,
116669,2023-11-13,
116670,2025-05-15,
116671,2023-12-19,
116672,2025-03-25,
116673,2023-10-10,
116674,2024-08-13,
116675,2024-02-05,
116676,2023-10-04,
116677,2023-10-07,22
116678,2024-12-14,
116679,2025-03-01,
116680,2025-01-06,
116681,2024-05-26,
116682,2025-01-25,
116683,2024-09-10,20
116684,2023-07-26,
116685,2023-11-03,258
116686,2025-05-11,
116687,2023-06-28,
116688,2024-08-04,
116689,2024-08-08,
116690,2023-12-18,41
116691,2025-01-14,
116692,2025-05-17,209
116693,2024-01-28,
116694,2024-10-31,15
116695,2024-01-11,123
116696,2025-02-03,
116697,2023-02-03,
116698,2023-04-29,
116699,2024-02-28,
116700,2024-06-14,
116701,2023-03-23,
116702,2024-08-22,
116703,2024-03-13,372
116704,2024-07-01,
116705,2024-03-02,
116706,2024-04-15,125
116707,2025-01-16,
116708,2023-05-12,
116709,2024-10-23,
116710,2024-05-04,270
116711,2024-05-26,
116712,2024-10-18,
116713,2025-06-07,
116714,2023-10-11,
116715,2025-04-15,
116716,2024-12-18,
116717,2023-12-26,
116718,2024-06-07,
116719,2023-09-06,
116720,2023-05-13,
116721,2025-01-02,
116722,2023-11-13,
116723,2024-03-07,
116724,2025-04-25,
116725,2023-03-01,148
116726,2024-01-10,
116727,2025-04-29,
116728,2023-05-21,
116729,2024-02-07,
116730,2023-07-28,
116731,2023-11-17,
116732,2023-11-15,
116733,2024-01-23,
116734,2024-04-27,
116735,2024-06-28,
116736,2023-07-07,
116737,2023-03-26,
116738,2025-04-08,
116739,2025-02-28,
116740,2023-10-08,
116741,2024-09-24,
116742,2024-05-26,180
116743,2023-04-24,
116744,2023-12-02,
116745,2024-04-16,
116746,2023-07-29,
116747,2025-04-21,
116748,2024-08-18,
116749,2023-03-08,
116750,2023-09-23,
116751,2023-08-06,
116752,2023-12-03,
116753,2023-02-07,
116754,2024-05-11,
116755,2024-12-17,273
116756,2023-10-29,
116757,2023-12-22,
116758,2024-07-15,
116759,2025-03-03,
116760,2023-10-18,
116761,2025-03-14,
116762,2025-01-10,
116763,2024-03-05,
116764,2023-03-19,
116765,2023-07-27,
116766,2023-07-20,
116767,2023-12-27,
116768,2023-11-18,
116769,2025-02-08,
116770,2023-01-21,
116771,2024-01-01,
116772,2023-06-03,70
116773,2023-02-26,198
116774,2025-03-27,
116775,2025-01-26,
116776,2024-03-27,
116777,2023-02-26,
116778,2023-08-16,
116779,2023-02-16,255
116780,2025-01-02,
116781,2025-05-12,
116782,2024-06-06,175
116783,2024-02-20,
116784,2023-05-28,
116785,2025-04-29,340
116786,2023-10-29,
116787,2023-08-09,359
116788,2023-06-21,
116789,2023-08-31,
116790,2023-03-02,
116791,2025-05-15,
116792,2024-12-05,
116793,2023-12-20,
116794,2023-11-16,
116795,2024-10-14,
116796,2024-02-22,
116797,2024-03-08,
116798,2023-07-16,
116799,2023-10-24,
116800,2024-07-07,
116801,2025-02-08,
116802,2023-12-15,
116803,2025-06-09,85
116804,2023-01-05,
116805,2024-11-27,
116806,2023-01-23,37
116807,2024-02-06,
116808,2024-02-24,
116809,2024-01-20,
116810,2023-09-14,
116811,2023-05-22,
116812,2023-07-09,
116813,2025-05-31,
116814,2023-06-29,
116815,2023-10-30,
116816,2023-06-21,
116817,2024-05-23,
116818,2024-10-29,
116819,2024-02-12,
116820,2025-01-03,
116821,2023-08-14,
116822,2023-08-16,
116823,2023-07-18,
116824,2023-12-28,
116825,2023-06-02,
116826,2023-02-16,
116827,2024-05-24,
116828,2024-10-07,272
116829,2025-02-12,
116830,2025-03-21,198
116831,2023-03-24,
116832,2024-09-17,
116833,2025-04-28,35
116834,2025-05-10,
116835,2024-05-07,
116836,2024-02-23,
116837,2024-04-09,
116838,2023-03-27,
116839,2025-01-12,
116840,2025-04-13,182
116841,2025-06-08,
116842,2023-08-05,
116843,2025-01-12,
116844,2024-11-07,
116845,2024-08-21,
116846,2023-09-25,
116847,2023-06-11,354
116848,2023-09-11,
116849,2024-10-01,
116850,2023-02-28,
116851,2023-07-30,
116852,2023-01-11,
116853,2023-11-16,
116854,2023-05-27,
116855,2023-02-08,294
116856,2023-05-27,75
116857,2025-01-28,82
116858,2025-05-27,
116859,2023-02-09,
116860,2023-08-15,
116861,2023-03-18,
116862,2025-03-20,
116863,2025-04-04,
116864,2023-05-01,
116865,2024-01-22,282
116866,2024-05-31,391
116867,2024-11-17,
116868,2023-10-15,319
116869,2024-03-17,
116870,2025-01-30,
116871,2024-04-25,
116872,2024-07-05,163
116873,2024-06-14,393
116874,2023-10-14,
116875,2024-08-09,
116876,2024-08-02,109
116877,2025-04-05,
116878,2024-10-10,
116879,2024-08-22,
116880,2024-04-04,
116881,2024-07-14,
116882,2025-06-08,
116883,2023-03-20,
116884,2024-10-19,
116885,2023-06-15,
116886,2024-08-12,
116887,2025-01-03,
116888,2024-03-19,
116889,2023-05-09,
116890,2025-05-02,77
116891,2023-04-10,233
116892,2023-12-13,93
116893,2023-09-03,
116894,2024-09-08,248
116895,2024-03-10,
116896,2023-06-05,145
116897,2023-01-15,
116898,2025-04-20,
116899,2024-10-23,
116900,2023-07-03,
116901,2024-07-21,
116902,2023-12-16,
116903,2024-07-18,29
116904,2023-10-30,
116905,2024-09-14,
116906,2025-03-06,301
116907,2023-07-22,
116908,2025-04-26,
116909,2023-03-22,
116910,2025-01-16,
116911,2024-07-29,
116912,2024-06-10,
116913,2025-01-15,
116914,2023-02-07,
116915,2023-06-13,
116916,2023-06-15,
116917,2023-10-05,
116918,2023-10-26,
116919,2024-03-01,
116920,2025-05-03,
116921,2025-04-11,77
116922,2024-04-03,
116923,2024-09-22,
116924,2024-05-06,
116925,2023-11-25,
116926,2024-09-09,
116927,2024-08-07,
116928,2023-12-19,
116929,2025-01-03,
116930,2023-03-20,
116931,2023-05-03,
116932,2024-07-18,186
116933,2025-05-17,
116934,2024-12-08,64
116935,2023-12-29,
116936,2023-08-06,
116937,2025-03-17,
116938,2025-01-02,
116939,2024-11-29,
116940,2025-03-07,
116941,2024-03-17,388
116942,2023-05-27,
116943,2024-02-22,
116944,2024-04-24,
116945,2023-08-29,
116946,2024-08-06,115
116947,2023-03-17,
116948,2024-09-12,
116949,2023-07-21,
116950,2023-01-09,
116951,2023-12-20,
116952,2022-12-31,
116953,2023-07-17,
116954,2024-12-19,
116955,2024-02-09,
116956,2025-04-08,
116957,2023-10-20,
116958,2023-12-03,
116959,2023-09-10,
116960,2025-03-19,
116961,2025-01-17,
116962,2025-04-13,
116963,2023-05-26,
116964,2024-12-29,
116965,2025-05-01,
116966,2025-01-28,
116967,2024-08-09,
116968,2024-09-15,
116969,2024-04-27,243
116970,2023-05-05,
116971,2024-07-12,
116972,2025-02-07,
116973,2024-01-20,
116974,2025-05-10,344
116975,2024-07-13,
116976,2024-08-12,
116977,2025-02-06,
116978,2023-05-21,271
116979,2024-01-14,
116980,2024-07-11,
116981,2023-04-06,
116982,2024-12-22,334
116983,2023-07-24,
116984,2024-09-26,
116985,2023-01-28,
116986,2024-08-21,
116987,2023-10-14,
116988,2024-06-07,
116989,2025-05-25,
116990,2024-05-30,70
116991,2025-03-01,
116992,2025-04-21,
116993,2025-02-13,
116994,2023-04-15,
116995,2025-06-09,
116996,2023-11-03,
116997,2023-03-01,335
116998,2023-11-15,
116999,2024-03-03,
117000,2024-08-02,
117001,2024-08-12,
117002,2024-09-29,254
117003,2025-01-06,
117004,2025-05-02,
117005,2024-12-31,
117006,2023-07-26,
117007,2024-07-11,
117008,2024-09-11,
117009,2024-11-07,
117010,2024-06-19,279
117011,2023-03-28,
117012,2024-06-03,
117013,2025-02-13,
117014,2023-11-16,
117015,2023-01-12,
117016,2024-10-09,
117017,2023-03-26,
117018,2024-05-14,
117019,2024-06-02,
117020,2024-07-04,
117021,2024-04-30,
117022,2023-09-07,
117023,2025-01-02,
117024,2024-12-24,
117025,2024-03-12,
117026,2024-09-22,
117027,2023-07-12,
117028,2023-11-17,373
117029,2023-08-23,156
117030,2025-05-18,
117031,2023-07-02,
117032,2025-04-01,
117033,2024-11-14,
117034,2023-02-07,
117035,2023-08-06,256
117036,2023-07-01,
117037,2023-07-11,
117038,2024-09-04,
117039,2023-08-12,
117040,2024-03-05,
117041,2025-03-12,
117042,2023-01-13,389
117043,2023-12-05,
117044,2023-12-28,
117045,2025-05-23,
117046,2024-09-05,
117047,2025-02-03,
117048,2025-04-23,
117049,2023-10-25,
117050,2023-11-15,
117051,2023-04-21,
117052,2024-08-09,267
117053,2023-07-19,
117054,2023-11-09,319
117055,2023-12-27,
117056,2024-12-16,
117057,2023-08-28,
117058,2024-12-14,
117059,2025-04-12,
117060,2023-05-22,
117061,2025-05-16,268
117062,2023-04-03,
117063,2023-02-12,
117064,2024-05-09,
117065,2025-04-08,
117066,2024-07-20,
117067,2025-02-09,282
117068,2023-03-16,257
117069,2023-07-21,
117070,2023-11-04,
117071,2023-03-12,162
117072,2024-10-16,163
117073,2023-06-23,
117074,2025-05-23,
117075,2023-10-09,
117076,2025-02-26,
117077,2024-03-27,
117078,2024-07-01,
117079,2023-01-11,
117080,2023-11-03,
117081,2024-01-06,324
117082,2023-05-30,
117083,2023-12-02,
117084,2023-05-03,
117085,2024-06-15,
117086,2024-11-16,
117087,2024-03-26,193
117088,2024-04-19,
117089,2024-06-08,
117090,2024-01-04,
117091,2023-02-23,
117092,2023-01-30,
117093,2024-11-05,
117094,2023-02-16,
117095,2025-04-18,
117096,2024-05-09,
117097,2023-05-18,
117098,2024-03-25,
117099,2024-11-30,
117100,2025-04-29,
117101,2024-03-24,
117102,2024-02-16,
117103,2023-09-11,
117104,2023-04-23,
117105,2024-12-13,
117106,2025-01-14,
117107,2024-03-06,
117108,2023-07-16,
117109,2023-02-08,
117110,2024-01-21,222
117111,2025-04-14,266
117112,2024-09-01,
117113,2023-12-24,
117114,2024-02-24,
117115,2024-10-05,
117116,2023-09-26,
117117,2023-05-22,
117118,2024-02-14,136
117119,2023-11-27,
117120,2024-02-26,
117121,2023-08-05,
117122,2023-11-28,336
117123,2025-02-18,
117124,2024-04-06,
117125,2025-04-14,317
117126,2023-09-04,
117127,2024-07-05,
117128,2024-12-29,
117129,2023-06-29,134
117130,2025-01-09,
117131,2024-09-23,
117132,2023-08-12,
117133,2024-08-27,
117134,2024-10-17,
117135,2024-10-31,
117136,2025-05-05,398
117137,2023-04-19,
117138,2024-06-04,
117139,2025-01-05,
117140,2024-10-31,
117141,2025-02-26,359
117142,2025-01-16,
117143,2025-06-09,
117144,2023-09-25,
117145,2025-04-20,
117146,2023-01-18,
117147,2024-12-11,
117148,2025-05-28,
117149,2023-06-10,
117150,2024-10-05,
117151,2023-06-23,
117152,2024-12-24,
117153,2023-04-19,
117154,2024-12-27,
117155,2024-11-17,
117156,2025-04-15,
117157,2023-05-05,
117158,2025-04-07,343
117159,2023-11-17,
117160,2024-02-01,
117161,2024-04-05,
117162,2024-07-26,
117163,2024-01-13,
117164,2024-04-11,
117165,2024-06-28,
117166,2024-12-12,
117167,2024-03-26,
117168,2024-08-19,
117169,2023-12-01,
117170,2024-10-14,
117171,2024-04-26,238
117172,2024-11-22,
117173,2024-11-05,
117174,2025-03-18,
117175,2024-07-22,
117176,2024-09-14,
117177,2024-06-10,
117178,2023-07-13,
117179,2023-10-14,
117180,2024-04-28,
117181,2023-05-26,
117182,2025-04-03,389
117183,2023-11-13,
117184,2023-02-28,
117185,2023-08-18,
117186,2023-12-03,
117187,2023-10-14,
117188,2024-04-21,
117189,2023-02-06,
117190,2023-07-11,
117191,2023-09-20,
117192,2023-11-06,
117193,2023-09-18,
117194,2025-05-31,
117195,2023-06-03,
117196,2025-03-06,
117197,2023-11-01,
117198,2024-08-01,
117199,2023-02-10,
117200,2024-09-01,
117201,2025-01-26,
117202,2025-02-05,
117203,2024-01-29,
117204,2023-12-15,
117205,2023-01-25,193
117206,2024-10-05,
117207,2023-11-30,
117208,2024-11-02,
117209,2024-01-04,
117210,2024-11-04,
117211,2024-05-22,38
117212,2025-01-08,
117213,2023-01-05,149
117214,2023-01-02,
117215,2024-02-11,
117216,2025-02-09,329
117217,2024-07-09,
117218,2024-05-14,
117219,2024-02-29,198
117220,2025-04-04,
117221,2023-10-18,
117222,2024-10-16,
117223,2024-06-05,
117224,2024-02-02,
117225,2023-01-12,
117226,2025-03-05,
117227,2023-05-31,
117228,2023-01-18,
117229,2024-12-30,
117230,2024-03-28,
117231,2024-12-18,
117232,2024-10-15,
117233,2024-12-17,
117234,2023-09-15,
117235,2024-01-29,102
117236,2025-05-21,
117237,2023-07-25,
117238,2023-11-04,
117239,2024-09-24,
117240,2025-01-05,
117241,2023-08-01,
117242,2023-12-23,
117243,2023-07-08,185
117244,2022-12-31,
117245,2025-03-03,
117246,2023-07-19,266
117247,2024-01-11,
117248,2023-05-01,
117249,2023-02-04,
117250,2024-07-15,
117251,2023-04-26,
117252,2023-01-27,
117253,2024-12-05,350
117254,2023-06-04,
117255,2024-01-28,
117256,2023-08-01,
117257,2024-06-18,
117258,2023-01-19,
117259,2025-01-22,
117260,2024-02-18,
117261,2023-02-28,
117262,2023-05-19,
117263,2024-12-15,
117264,2025-01-10,
117265,2025-01-22,
117266,2024-11-02,275
117267,2023-05-05,396
117268,2024-09-03,
117269,2024-03-29,24
117270,2024-06-10,
117271,2025-01-27,277
117272,2023-09-06,
117273,2024-01-09,
117274,2023-02-25,
117275,2025-03-20,
117276,2024-07-09,
117277,2023-09-17,
117278,2023-08-13,
117279,2024-07-30,379
117280,2024-11-18,
117281,2023-08-19,
117282,2024-04-18,
117283,2025-02-08,269
117284,2023-10-14,
117285,2025-05-11,
117286,2024-07-01,
117287,2024-04-18,
117288,2024-04-04,
117289,2023-02-26,
117290,2023-01-29,
117291,2023-10-19,264
117292,2025-03-04,283
117293,2023-06-10,220
117294,2025-01-28,
117295,2024-04-23,
117296,2024-02-23,
117297,2023-01-09,
117298,2023-02-22,
117299,2025-04-22,273
117300,2024-08-22,
117301,2024-03-26,
117302,2024-08-19,
117303,2023-01-07,
117304,2023-07-14,
117305,2024-08-04,
117306,2023-12-15,
117307,2023-03-20,227
117308,2023-05-29,
117309,2024-01-26,
117310,2023-08-26,
117311,2023-03-11,
117312,2023-12-21,9
117313,2023-06-04,
117314,2025-04-18,
117315,2025-01-01,19
117316,2023-03-07,
117317,2024-01-15,254
117318,2024-10-02,
117319,2023-02-13,
117320,2024-08-30,206
117321,2025-05-31,
117322,2023-10-30,55
117323,2025-02-17,
117324,2024-11-13,
117325,2025-03-12,382
117326,2023-04-02,349
117327,2023-01-05,
117328,2025-03-05,
117329,2025-04-15,
117330,2024-05-20,
117331,2024-08-06,
117332,2025-05-03,
117333,2025-06-02,
117334,2023-07-04,1
117335,2025-04-16,
117336,2025-05-05,
117337,2023-03-04,
117338,2023-11-22,
117339,2024-06-10,
117340,2023-08-30,
117341,2024-03-16,
117342,2023-06-28,
117343,2023-11-09,96
117344,2024-05-13,
117345,2024-06-09,
117346,2023-02-23,
117347,2024-03-14,35
117348,2023-05-15,
117349,2024-08-12,
117350,2024-05-10,
117351,2025-03-31,286
117352,2023-01-09,102
117353,2024-02-06,
117354,2024-01-27,
117355,2024-06-22,
117356,2024-08-08,355
117357,2024-11-08,
117358,2023-03-15,272
117359,2024-03-11,
117360,2024-07-12,
117361,2025-05-14,
117362,2023-05-15,
117363,2023-02-26,191
117364,2023-05-09,
117365,2025-03-26,
117366,2025-04-01,
117367,2025-04-23,
117368,2024-08-30,
117369,2024-02-29,
117370,2023-09-20,
117371,2025-06-01,
117372,2024-08-13,
117373,2025-01-10,
117374,2025-01-30,
117375,2024-08-18,
117376,2025-02-18,
117377,2023-07-11,
117378,2023-03-24,
117379,2025-01-03,
117380,2024-12-28,
117381,2023-01-22,
117382,2025-06-08,34
117383,2023-03-16,
117384,2025-03-07,
117385,2025-01-01,25
117386,2023-01-04,
117387,2025-01-05,
117388,2024-02-03,
117389,2023-11-03,
117390,2024-03-16,355
117391,2023-06-27,
117392,2024-12-17,
117393,2024-11-22,
117394,2025-01-05,
117395,2024-03-14,
117396,2023-10-05,
117397,2023-11-19,328
117398,2024-03-23,
117399,2024-01-24,
117400,2024-05-17,
117401,2023-06-10,119
117402,2023-06-02,376
117403,2024-07-12,
117404,2024-07-10,
117405,2023-02-13,267
117406,2024-12-06,
117407,2023-07-17,
117408,2024-12-26,
117409,2023-06-24,85
117410,2024-03-12,
117411,2024-02-18,
117412,2024-10-29,
117413,2024-02-16,
117414,2023-12-20,
117415,2023-06-02,
117416,2024-12-14,
117417,2025-06-02,
117418,2023-02-05,
117419,2024-12-19,
117420,2024-09-11,
117421,2024-06-30,
117422,2024-01-06,
117423,2023-08-04,
117424,2025-01-16,
117425,2023-04-21,
117426,2024-02-06,200
117427,2025-01-26,
117428,2024-08-30,
117429,2024-09-23,
117430,2023-08-31,
117431,2024-06-30,
117432,2024-03-17,
117433,2024-12-12,
117434,2023-04-22,
117435,2024-05-20,
117436,2023-05-11,
117437,2025-05-29,
117438,2024-10-07,
117439,2023-05-22,
117440,2024-03-07,
117441,2023-03-11,
117442,2024-03-04,
117443,2024-07-25,
117444,2025-04-24,
117445,2024-05-25,
117446,2024-03-05,
117447,2023-09-30,
117448,2025-04-15,
117449,2023-01-05,253
117450,2024-05-03,
117451,2024-06-05,
117452,2024-09-18,3
117453,2024-12-21,
117454,2023-03-12,129
117455,2024-02-18,
117456,2024-05-11,
117457,2023-04-04,
117458,2025-02-06,
117459,2025-05-12,
117460,2023-05-23,
117461,2025-01-04,
117462,2024-03-20,
117463,2024-06-15,
117464,2024-07-18,
117465,2024-07-17,
117466,2023-06-26,
117467,2024-04-15,
117468,2024-10-14,
117469,2023-05-28,
117470,2024-04-26,
117471,2023-06-18,
117472,2025-04-04,
117473,2023-07-02,
117474,2023-01-02,
117475,2024-11-03,
117476,2023-03-08,
117477,2023-10-28,
117478,2024-06-09,
117479,2023-06-16,
117480,2023-06-05,
117481,2023-08-11,
117482,2023-06-27,
117483,2024-11-13,
117484,2024-09-19,
117485,2023-06-01,298
117486,2024-09-10,
117487,2024-09-16,
117488,2023-01-04,76
117489,2024-07-12,
117490,2023-02-16,
117491,2024-09-28,
117492,2023-09-08,148
117493,2023-05-28,
117494,2025-05-09,
117495,2023-11-10,
117496,2023-01-15,
117497,2024-05-11,
117498,2024-12-18,
117499,2024-09-20,
117500,2024-12-07,
117501,2024-05-08,311
117502,2023-03-07,166
117503,2023-10-16,
117504,2024-06-20,
117505,2024-06-02,
117506,2023-06-14,
117507,2024-07-16,185
117508,2025-04-19,255
117509,2023-06-11,
117510,2024-06-21,
117511,2025-03-21,174
117512,2024-09-12,
117513,2023-07-14,
117514,2023-09-19,
117515,2023-07-25,
117516,2024-10-08,
117517,2025-01-27,
117518,2023-07-21,
117519,2023-10-08,
117520,2023-04-12,
117521,2023-06-04,
117522,2023-07-24,171
117523,2023-09-09,65
117524,2025-06-06,
117525,2024-06-23,
117526,2024-11-11,
117527,2023-03-06,
117528,2025-01-02,25
117529,2023-11-09,
117530,2023-01-06,
117531,2024-01-12,
117532,2023-07-22,
117533,2024-09-29,
117534,2025-05-14,
117535,2024-05-05,
117536,2023-12-17,
117537,2024-05-22,86
117538,2024-05-10,
117539,2024-10-08,
117540,2023-11-05,
117541,2024-05-16,
117542,2024-12-23,
117543,2023-01-23,
117544,2023-04-10,386
117545,2023-03-27,163
117546,2024-08-11,
117547,2023-01-27,
117548,2024-03-19,79
117549,2023-06-05,374
117550,2023-05-16,
117551,2023-07-10,
117552,2023-10-29,
117553,2023-10-20,
117554,2023-02-16,
117555,2023-03-19,
117556,2023-11-23,
117557,2023-06-23,
117558,2024-09-07,
117559,2023-06-23,
117560,2023-10-14,
117561,2024-04-15,
117562,2024-12-19,
117563,2024-05-02,
117564,2024-06-29,
117565,2025-04-08,
117566,2024-01-08,
117567,2023-09-13,
117568,2023-11-24,
117569,2023-04-05,
117570,2024-05-01,
117571,2025-02-28,
117572,2023-08-17,
117573,2024-06-28,
117574,2024-05-23,73
117575,2024-08-05,
117576,2024-07-06,
117577,2023-08-23,
117578,2024-04-08,
117579,2024-02-14,
117580,2025-04-28,
117581,2025-03-12,
117582,2025-01-16,
117583,2023-05-28,
117584,2023-05-28,
117585,2023-04-25,
117586,2025-04-09,
117587,2024-10-22,
117588,2022-12-31,
117589,2023-09-23,368
117590,2023-03-31,
117591,2023-05-23,
117592,2025-05-10,
117593,2024-01-22,
117594,2024-09-18,
117595,2023-03-03,
117596,2022-12-29,
117597,2023-04-06,290
117598,2023-04-26,
117599,2023-12-04,
117600,2023-04-13,
117601,2024-03-11,
117602,2024-05-01,
117603,2024-01-12,
117604,2023-03-19,
117605,2025-01-23,
117606,2025-03-26,
117607,2024-01-04,
117608,2024-08-30,
117609,2025-01-18,
117610,2023-01-25,
117611,2024-10-28,129
117612,2023-08-14,
117613,2024-06-15,
117614,2023-02-19,
117615,2023-01-01,
117616,2024-02-09,
117617,2024-09-07,205
117618,2024-02-13,
117619,2024-12-21,
117620,2025-05-27,
117621,2023-08-05,
117622,2023-05-15,
117623,2025-04-15,
117624,2024-03-15,
117625,2024-06-23,
117626,2024-11-07,
117627,2024-11-03,
117628,2023-03-19,
117629,2023-02-02,64
117630,2025-05-22,
117631,2023-03-12,
117632,2024-10-31,
117633,2023-08-15,
117634,2023-07-10,242
117635,2023-07-17,
117636,2025-05-22,
117637,2025-03-19,
117638,2024-11-11,
117639,2023-01-14,
117640,2024-07-27,1
117641,2023-03-01,
117642,2024-10-20,207
117643,2025-02-11,47
117644,2023-05-10,385
117645,2024-01-08,
117646,2023-11-19,33
117647,2023-09-23,
117648,2023-03-29,
117649,2024-01-26,
117650,2023-07-19,
117651,2023-12-31,
117652,2024-01-22,
117653,2023-05-13,
117654,2024-02-21,
117655,2025-04-12,
117656,2023-03-26,
117657,2023-03-10,236
117658,2025-05-07,
117659,2025-03-16,
117660,2024-07-01,
117661,2024-12-12,
117662,2024-06-19,
117663,2024-10-11,
117664,2024-11-16,47
117665,2025-04-19,
117666,2023-01-29,
117667,2023-12-17,
117668,2023-08-23,
117669,2023-12-20,
117670,2025-03-27,
117671,2023-01-23,
117672,2025-01-17,
117673,2023-02-28,
117674,2025-02-14,
117675,2025-03-27,302
117676,2024-09-18,
117677,2023-02-01,
117678,2024-01-09,
117679,2023-05-03,
117680,2024-12-28,
117681,2024-01-06,
117682,2024-10-28,
117683,2023-05-12,137
117684,2024-08-14,
117685,2025-05-28,
117686,2025-05-07,
117687,2024-05-28,
117688,2024-04-19,
117689,2024-02-22,
117690,2025-01-24,
117691,2024-02-03,
117692,2023-06-30,
117693,2025-06-07,
117694,2024-04-09,
117695,2025-01-09,
117696,2024-10-14,
117697,2024-02-16,117
117698,2023-10-29,
117699,2025-04-24,199
117700,2024-08-20,
117701,2024-11-06,360
117702,2025-03-02,
117703,2024-04-11,
117704,2023-05-26,
117705,2024-05-28,
117706,2023-08-12,
117707,2023-02-13,
117708,2024-10-07,
117709,2024-02-08,
117710,2024-05-13,344
117711,2023-09-26,
117712,2024-06-22,
117713,2024-07-23,
117714,2024-03-18,
117715,2025-05-15,
117716,2024-10-17,
117717,2023-11-14,
117718,2023-02-16,
117719,2023-03-21,53
117720,2024-11-07,
117721,2024-05-06,
117722,2023-09-06,19
117723,2023-05-26,
117724,2023-09-29,
117725,2024-04-03,6
117726,2023-01-25,
117727,2023-12-27,
117728,2023-02-24,
117729,2023-07-05,
117730,2025-04-14,
117731,2024-08-20,
117732,2023-09-25,282
117733,2023-03-12,338
117734,2025-03-09,
117735,2024-04-28,
117736,2025-03-16,
117737,2023-10-31,
117738,2023-01-20,
117739,2025-05-01,
117740,2023-12-14,
117741,2023-12-21,
117742,2023-09-26,
117743,2024-07-10,
117744,2024-10-10,
117745,2024-06-25,
117746,2024-06-25,85
117747,2024-10-15,
117748,2024-07-15,
117749,2023-10-02,143
117750,2025-02-19,
117751,2024-05-08,
117752,2024-06-17,291
117753,2023-08-17,219
117754,2024-11-12,85
117755,2025-05-14,
117756,2023-02-23,372
117757,2024-06-04,
117758,2023-03-12,
117759,2023-03-19,
117760,2024-10-04,
117761,2025-04-17,
117762,2024-04-06,
117763,2025-05-20,
117764,2025-05-14,
117765,2024-11-09,
117766,2024-01-19,
117767,2025-06-08,337
117768,2024-06-23,200
117769,2025-01-27,102
117770,2024-10-13,
117771,2023-09-02,
117772,2023-07-21,
117773,2023-10-14,
117774,2023-12-24,
117775,2023-05-02,
117776,2025-01-12,
117777,2024-11-05,
117778,2023-06-25,
117779,2024-03-02,
117780,2024-05-09,
117781,2024-12-13,
117782,2024-10-12,
117783,2023-11-15,
117784,2023-07-21,
117785,2023-06-15,
117786,2024-08-26,299
117787,2024-05-27,
117788,2024-01-24,
117789,2023-05-08,
117790,2024-06-28,
117791,2023-06-23,
117792,2022-12-31,364
117793,2023-04-15,27
117794,2024-12-21,
117795,2023-04-25,
117796,2024-07-14,
117797,2024-04-14,
117798,2024-07-24,
117799,2023-10-07,134
117800,2024-01-11,
117801,2023-08-07,225
117802,2025-04-26,118
117803,2024-08-06,
117804,2023-01-09,
117805,2024-10-30,
117806,2023-10-22,167
117807,2025-05-20,
117808,2023-01-19,
117809,2025-03-06,
117810,2023-03-02,
117811,2024-09-25,
117812,2023-02-15,
117813,2025-02-19,
117814,2023-04-16,
117815,2024-03-04,
117816,2024-12-10,
117817,2024-09-19,
117818,2024-03-26,
117819,2023-11-19,
117820,2023-09-21,
117821,2023-05-31,
117822,2024-09-13,
117823,2024-02-09,
117824,2023-06-12,
117825,2025-04-06,75
117826,2025-05-08,
117827,2023-02-23,
117828,2025-05-31,
117829,2024-02-08,
117830,2023-04-25,
117831,2023-07-22,
117832,2023-09-28,
117833,2023-12-30,
117834,2024-02-21,
117835,2025-02-08,
117836,2024-09-20,
117837,2024-10-28,212
117838,2024-09-30,
117839,2023-06-11,
117840,2025-06-04,
117841,2023-06-03,
117842,2023-10-18,
117843,2023-01-19,
117844,2023-05-06,
117845,2024-09-13,
117846,2024-08-12,
117847,2023-07-01,
117848,2025-05-23,
117849,2023-04-21,
117850,2023-01-20,
117851,2023-07-24,
117852,2024-10-20,
117853,2025-03-14,
117854,2024-04-25,
117855,2025-02-18,
117856,2024-06-30,108
117857,2024-09-28,
117858,2024-10-31,
117859,2025-01-02,
117860,2024-12-05,
117861,2025-05-01,
117862,2023-12-22,46
117863,2024-03-26,
117864,2023-08-04,
117865,2023-07-31,363
117866,2023-08-15,
117867,2025-01-23,
117868,2023-10-09,
117869,2025-02-21,273
117870,2025-04-20,
117871,2024-01-09,
117872,2024-10-15,
117873,2023-06-15,
117874,2023-12-13,
117875,2025-01-12,
117876,2025-01-16,
117877,2023-03-20,
117878,2023-01-20,
117879,2024-07-05,
117880,2024-03-03,
117881,2024-05-18,
117882,2024-02-21,
117883,2023-04-06,
117884,2023-12-13,
117885,2024-07-07,
117886,2023-09-30,
117887,2023-03-29,228
117888,2024-06-01,246
117889,2024-10-28,
117890,2024-01-20,
117891,2024-10-18,
117892,2024-02-28,
117893,2023-03-30,
117894,2025-03-19,
117895,2024-06-10,
117896,2025-03-11,
117897,2024-08-11,137
117898,2024-05-01,
117899,2023-06-06,75
117900,2024-09-02,
117901,2024-12-17,301
117902,2024-09-29,148
117903,2023-12-30,
117904,2024-07-28,
117905,2025-01-13,
117906,2024-04-11,
117907,2025-01-30,88
117908,2024-06-26,
117909,2023-08-29,
117910,2023-10-24,
117911,2025-01-17,
117912,2024-11-13,
117913,2023-10-31,
117914,2023-12-06,
117915,2023-09-23,
117916,2024-04-05,247
117917,2024-12-05,
117918,2024-06-30,126
117919,2024-06-28,
117920,2024-12-13,
117921,2023-02-12,224
117922,2023-08-30,
117923,2024-01-23,328
117924,2023-01-08,
117925,2025-02-14,27
117926,2023-12-26,
117927,2024-09-26,
117928,2025-02-18,
117929,2024-05-13,
117930,2023-04-03,
117931,2024-01-07,
117932,2023-04-03,
117933,2023-09-29,
117934,2024-09-16,318
117935,2023-01-12,
117936,2023-01-18,
117937,2023-06-11,255
117938,2025-06-05,
117939,2024-07-13,
117940,2024-03-26,248
117941,2023-11-30,
117942,2025-06-05,
117943,2023-06-02,
117944,2024-09-21,190
117945,2024-05-13,
117946,2024-09-08,
117947,2024-12-23,
117948,2024-10-27,
117949,2024-12-24,
117950,2024-09-30,
117951,2025-04-16,
117952,2024-12-27,
117953,2023-04-25,
117954,2025-05-27,
117955,2024-08-08,148
117956,2024-05-18,
117957,2023-06-01,291
117958,2025-01-24,
117959,2023-02-28,
117960,2023-01-13,351
117961,2025-01-15,
117962,2024-04-19,
117963,2024-02-05,
117964,2025-01-24,
117965,2023-05-14,
117966,2024-09-10,353
117967,2025-05-25,
117968,2024-07-21,
117969,2024-02-21,
117970,2024-08-21,
117971,2025-05-06,
117972,2025-03-30,
117973,2024-01-13,
117974,2024-08-29,
117975,2023-08-03,
117976,2025-03-13,
117977,2023-03-26,193
117978,2024-10-09,
117979,2023-02-07,
117980,2024-06-27,83
117981,2023-11-12,
117982,2024-08-25,
117983,2025-02-10,
117984,2024-01-12,314
117985,2025-05-06,
117986,2024-06-26,359
117987,2024-12-18,
117988,2023-08-22,227
117989,2023-02-09,
117990,2023-02-09,
117991,2024-09-14,
117992,2024-05-21,224
117993,2024-04-19,
117994,2023-12-30,
117995,2024-10-18,
117996,2024-09-26,
117997,2023-06-02,
117998,2023-11-28,
117999,2023-10-05,
118000,2024-10-29,
118001,2024-01-31,
118002,2024-06-26,
118003,2025-02-20,
118004,2024-08-22,
118005,2025-04-14,
118006,2023-09-06,
118007,2024-12-22,
118008,2023-01-22,
118009,2025-02-04,
118010,2024-07-10,146
118011,2024-12-12,
118012,2023-07-22,
118013,2025-02-06,
118014,2023-08-01,279
118015,2025-04-07,
118016,2023-05-17,
118017,2025-02-14,
118018,2023-10-20,
118019,2024-09-29,80
118020,2024-07-07,
118021,2023-03-17,272
118022,2023-06-08,
118023,2023-07-29,
118024,2023-04-09,
118025,2024-03-04,
118026,2023-08-04,
118027,2023-09-14,330
118028,2024-08-22,
118029,2024-01-22,
118030,2025-04-14,
118031,2023-02-07,
118032,2024-02-15,
118033,2025-04-17,
118034,2024-05-16,117
118035,2024-11-23,197
118036,2023-10-08,
118037,2023-11-11,317
118038,2023-01-04,
118039,2023-04-01,
118040,2024-04-03,266
118041,2024-10-31,
118042,2023-12-01,256
118043,2024-10-03,327
118044,2024-09-30,
118045,2023-06-22,
118046,2023-03-23,237
118047,2023-01-16,
118048,2023-07-06,
118049,2024-11-18,
118050,2023-12-09,
118051,2024-07-30,
118052,2023-01-04,
118053,2023-11-20,
118054,2023-02-10,
118055,2023-05-08,
118056,2023-02-02,
118057,2023-10-19,
118058,2025-04-16,339
118059,2023-12-04,
118060,2024-02-11,
118061,2025-03-19,41
118062,2024-08-20,
118063,2023-10-04,
118064,2024-10-18,335
118065,2023-04-08,
118066,2024-05-16,280
118067,2023-12-18,
118068,2025-05-22,
118069,2022-12-29,
118070,2025-03-05,
118071,2024-03-11,
118072,2024-06-28,315
118073,2023-11-16,
118074,2023-10-06,
118075,2025-04-23,
118076,2024-06-12,
118077,2024-11-06,
118078,2025-05-11,
118079,2023-01-31,
118080,2023-04-09,
118081,2023-04-30,
118082,2024-05-09,
118083,2023-02-16,193
118084,2023-01-12,
118085,2024-09-11,149
118086,2024-09-10,
118087,2024-05-29,53
118088,2024-12-25,216
118089,2023-01-04,
118090,2025-01-08,
118091,2024-06-25,
118092,2024-04-11,
118093,2025-01-14,
118094,2024-10-01,
118095,2023-12-02,52
118096,2023-06-03,
118097,2025-01-02,19
118098,2025-04-18,
118099,2025-04-19,
118100,2024-10-18,
118101,2025-03-13,
118102,2025-02-25,
118103,2024-02-07,
118104,2025-05-16,
118105,2023-05-16,
118106,2024-02-22,
118107,2023-11-11,
118108,2025-04-06,
118109,2025-04-27,
118110,2024-07-16,
118111,2023-06-30,
118112,2024-02-19,
118113,2023-04-25,
118114,2024-03-26,
118115,2023-03-30,
118116,2023-05-25,
118117,2025-05-06,
118118,2024-09-29,143
118119,2024-11-11,77
118120,2023-09-14,
118121,2024-09-17,214
118122,2023-07-28,
118123,2025-05-06,
118124,2024-08-16,
118125,2024-09-20,
118126,2025-01-20,
118127,2023-10-16,
118128,2024-01-03,
118129,2024-03-29,
118130,2024-06-22,
118131,2024-08-01,
118132,2024-10-18,
118133,2023-05-03,
118134,2024-12-06,
118135,2024-05-21,
118136,2023-01-17,14
118137,2025-02-07,
118138,2023-07-01,
118139,2024-06-18,254
118140,2024-01-11,
118141,2023-06-21,
118142,2024-02-18,
118143,2024-05-22,
118144,2023-08-05,395
118145,2025-03-23,
118146,2024-11-09,
118147,2023-07-16,
118148,2023-01-13,
118149,2024-02-28,
118150,2025-04-07,
118151,2023-04-18,45
118152,2025-01-22,
118153,2025-06-03,
118154,2024-07-29,
118155,2023-08-29,
118156,2023-08-06,86
118157,2024-06-11,
118158,2024-02-10,
118159,2024-11-01,
118160,2024-01-23,
118161,2023-11-28,
118162,2025-03-15,
118163,2023-09-21,
118164,2023-01-20,
118165,2023-02-18,
118166,2023-11-17,
118167,2025-05-27,
118168,2025-04-26,
118169,2024-06-09,
118170,2023-03-03,
118171,2024-08-14,391
118172,2025-04-28,
118173,2023-06-25,
118174,2025-04-16,
118175,2025-03-09,386
118176,2024-05-05,95
118177,2025-05-02,
118178,2024-07-25,
118179,2024-08-13,
118180,2023-01-20,
118181,2023-11-26,
118182,2024-05-31,
118183,2024-08-03,
118184,2023-07-02,
118185,2024-10-01,
118186,2024-10-14,
118187,2025-06-03,
118188,2024-12-01,
118189,2024-10-28,83
118190,2023-08-24,
118191,2024-01-24,
118192,2023-05-19,
118193,2023-12-28,
118194,2024-04-29,331
118195,2024-01-13,
118196,2024-04-10,
118197,2024-01-05,
118198,2023-08-27,10
118199,2024-04-18,
118200,2023-07-13,
118201,2025-05-24,220
118202,2023-12-13,320
118203,2024-10-26,
118204,2023-06-21,
118205,2025-03-22,380
118206,2023-04-30,348
118207,2024-07-03,
118208,2023-09-05,
118209,2023-12-12,
118210,2025-03-30,269
118211,2023-05-17,62
118212,2025-05-26,
118213,2023-06-11,245
118214,2023-06-17,
118215,2024-09-15,
118216,2023-04-23,
118217,2024-02-19,
118218,2025-04-21,
118219,2024-11-15,
118220,2025-06-10,
118221,2025-02-03,
118222,2024-08-11,
118223,2024-11-27,
118224,2024-01-05,
118225,2024-04-26,106
118226,2024-08-10,
118227,2025-05-02,220
118228,2023-08-23,
118229,2023-07-11,
118230,2024-09-02,
118231,2024-09-11,
118232,2024-05-30,
118233,2023-11-11,
118234,2024-04-08,
118235,2024-09-09,
118236,2025-04-04,
118237,2024-10-27,
118238,2024-11-20,
118239,2024-02-06,
118240,2024-02-09,
118241,2025-05-07,
118242,2023-04-24,385
118243,2023-09-12,
118244,2023-03-28,
118245,2023-08-27,
118246,2025-03-25,
118247,2024-09-25,
118248,2024-12-24,
118249,2024-06-24,
118250,2025-03-12,330
118251,2024-01-02,6
118252,2023-06-23,
118253,2025-03-21,
118254,2023-08-28,252
118255,2023-02-17,
118256,2025-05-31,271
118257,2025-04-27,22
118258,2023-01-24,
118259,2024-03-27,
118260,2023-02-03,57
118261,2024-01-24,
118262,2024-05-20,
118263,2024-02-05,
118264,2024-12-10,
118265,2025-03-04,86
118266,2025-03-22,
118267,2024-01-10,
118268,2025-05-10,32
118269,2023-12-27,120
118270,2025-03-05,
118271,2024-10-03,
118272,2024-09-25,
118273,2024-05-10,
118274,2025-05-25,
118275,2024-09-29,143
118276,2023-01-22,
118277,2024-05-13,381
118278,2024-04-22,
118279,2024-07-19,
118280,2024-04-13,317
118281,2023-01-28,
118282,2025-04-27,
118283,2023-11-02,
118284,2024-06-01,
118285,2025-01-27,
118286,2023-03-22,
118287,2024-06-16,
118288,2025-02-18,
118289,2023-05-29,
118290,2023-04-14,
118291,2023-04-12,
118292,2023-07-08,
118293,2023-06-22,
118294,2024-07-03,140
118295,2023-11-23,17
118296,2023-10-13,
118297,2024-01-29,
118298,2023-02-14,
118299,2025-01-29,
118300,2023-04-19,135
118301,2024-01-05,
118302,2024-10-07,
118303,2025-03-18,84
118304,2023-10-29,258
118305,2025-03-23,
118306,2023-08-26,
118307,2025-03-15,
118308,2025-01-03,
118309,2024-10-04,
118310,2025-03-25,
118311,2024-10-10,151
118312,2024-02-24,
118313,2023-11-02,
118314,2025-01-20,
118315,2023-11-06,33
118316,2024-05-12,125
118317,2025-01-14,
118318,2023-10-28,
118319,2023-08-06,
118320,2024-12-10,216
118321,2023-10-05,
118322,2024-02-07,
118323,2025-05-22,249
118324,2024-08-28,
118325,2023-02-21,
118326,2023-05-19,
118327,2024-01-03,
118328,2023-03-23,
118329,2023-05-12,
118330,2024-08-05,
118331,2024-10-17,
118332,2023-01-05,
118333,2025-03-28,
118334,2025-02-27,
118335,2024-12-14,
118336,2024-12-16,
118337,2023-08-23,
118338,2023-10-21,
118339,2024-03-12,
118340,2023-12-27,
118341,2025-05-26,
118342,2024-10-31,
118343,2023-07-19,
118344,2024-09-01,
118345,2024-10-08,
118346,2024-07-02,170
118347,2024-03-29,
118348,2023-03-19,
118349,2024-09-16,
118350,2023-02-10,
118351,2024-09-26,
118352,2023-08-21,
118353,2023-02-07,
118354,2023-10-07,
118355,2024-11-01,141
118356,2023-06-05,172
118357,2024-04-12,56
118358,2024-10-15,194
118359,2024-02-26,
118360,2025-03-28,
118361,2025-04-26,
118362,2025-02-07,
118363,2024-04-26,
118364,2022-12-31,
118365,2024-08-15,
118366,2024-04-16,
118367,2025-01-12,
118368,2023-02-07,286
118369,2025-01-27,
118370,2024-08-22,
118371,2023-07-07,
118372,2024-07-22,
118373,2024-06-26,
118374,2023-07-17,
118375,2024-05-26,
118376,2023-04-10,
118377,2023-11-14,
118378,2024-12-30,
118379,2023-04-14,
118380,2023-04-29,
118381,2023-12-11,155
118382,2023-09-18,
118383,2025-04-21,
118384,2024-11-19,
118385,2025-05-05,
118386,2023-11-17,83
118387,2024-03-17,
118388,2025-02-01,398
118389,2024-08-04,
118390,2023-01-25,
118391,2025-01-30,
118392,2023-04-25,382
118393,2023-07-20,53
118394,2023-08-27,97
118395,2023-01-05,
118396,2023-07-25,
118397,2025-04-03,
118398,2024-10-17,
118399,2024-05-03,
118400,2023-01-01,
118401,2023-10-09,
118402,2024-05-22,
118403,2025-02-02,359
118404,2023-05-10,
118405,2024-08-01,
118406,2024-04-19,
118407,2024-04-24,
118408,2024-04-24,
118409,2024-06-11,
118410,2023-07-09,
118411,2024-03-17,56
118412,2024-03-07,
118413,2025-04-25,
118414,2025-05-04,
118415,2024-12-31,
118416,2023-02-01,
118417,2023-09-16,
118418,2024-04-29,329
118419,2023-11-19,
118420,2024-08-04,
118421,2024-01-18,
118422,2024-08-05,
118423,2024-08-10,382
118424,2023-02-07,287
118425,2024-04-02,235
118426,2025-02-10,
118427,2024-01-10,
118428,2023-07-26,
118429,2023-08-11,
118430,2025-05-04,278
118431,2023-06-23,
118432,2024-05-06,
118433,2024-10-02,
118434,2024-12-31,
118435,2025-01-05,
118436,2024-12-09,
118437,2023-12-15,
118438,2025-05-19,
118439,2023-03-19,
118440,2023-09-29,
118441,2025-05-31,
118442,2023-07-01,
118443,2025-02-12,
118444,2023-08-30,
118445,2024-08-23,
118446,2024-01-22,
118447,2023-11-03,
118448,2024-01-10,
118449,2024-04-25,
118450,2023-01-23,
118451,2024-10-01,
118452,2024-10-22,
118453,2023-07-20,
118454,2023-03-19,
118455,2025-04-13,
118456,2023-12-08,121
118457,2023-05-29,
118458,2025-02-28,210
118459,2023-09-14,
118460,2025-06-05,
118461,2024-05-17,
118462,2025-01-06,
118463,2024-08-16,
118464,2023-02-10,
118465,2024-05-05,
118466,2025-04-29,387
118467,2023-08-16,
118468,2024-10-26,390
118469,2024-12-08,101
118470,2024-01-12,
118471,2023-11-29,
118472,2023-02-11,
118473,2024-06-17,
118474,2025-05-23,
118475,2023-04-07,
118476,2024-05-25,
118477,2023-10-15,
118478,2024-10-02,
118479,2024-03-30,
118480,2023-06-28,
118481,2024-03-19,
118482,2023-10-12,
118483,2024-07-26,71
118484,2024-02-12,
118485,2025-04-16,328
118486,2024-09-20,
118487,2024-06-06,
118488,2023-07-04,66
118489,2023-05-20,366
118490,2023-03-31,
118491,2024-08-23,
118492,2024-03-17,
118493,2024-08-17,
118494,2023-10-07,
118495,2023-05-21,
118496,2025-01-08,
118497,2024-08-14,75
118498,2025-01-31,
118499,2024-07-15,186
118500,2024-10-21,
118501,2023-12-24,
118502,2023-05-24,98
118503,2024-12-03,
118504,2024-05-19,
118505,2024-08-07,
118506,2025-02-10,9
118507,2023-05-04,
118508,2023-04-26,
118509,2024-08-16,
118510,2024-08-22,
118511,2023-11-18,220
118512,2023-09-27,
118513,2024-08-15,
118514,2023-03-31,
118515,2024-02-27,
118516,2024-01-14,
118517,2024-09-06,
118518,2023-11-13,
118519,2024-02-14,
118520,2023-12-08,323
118521,2025-05-05,
118522,2024-05-16,
118523,2024-08-25,
118524,2024-04-02,230
118525,2025-03-02,253
118526,2023-06-30,34
118527,2023-11-26,
118528,2024-04-19,
118529,2024-05-22,
118530,2024-04-30,
118531,2024-06-06,
118532,2024-01-15,
118533,2023-08-16,
118534,2023-12-24,
118535,2025-01-04,
118536,2023-03-31,
118537,2024-01-12,301
118538,2023-12-04,
118539,2023-01-20,
118540,2024-12-13,
118541,2025-05-18,
118542,2023-05-13,
118543,2024-08-05,
118544,2024-12-13,11
118545,2025-05-28,
118546,2025-05-06,
118547,2024-08-21,
118548,2024-05-09,
118549,2024-12-23,
118550,2024-11-11,
118551,2023-06-13,
118552,2023-05-06,
118553,2023-09-27,
118554,2024-09-10,
118555,2023-09-30,
118556,2024-09-27,
118557,2023-11-15,
118558,2024-05-20,
118559,2023-08-19,58
118560,2025-01-23,
118561,2025-02-19,287
118562,2024-01-21,338
118563,2023-09-25,
118564,2023-08-18,171
118565,2024-09-01,
118566,2023-07-04,
118567,2023-12-18,
118568,2024-12-25,
118569,2024-03-02,
118570,2024-07-19,301
118571,2024-03-05,
118572,2023-08-31,
118573,2024-05-12,145
118574,2024-02-02,75
118575,2025-02-11,
118576,2024-02-21,
118577,2024-11-17,
118578,2023-01-04,
118579,2025-06-08,164
118580,2025-01-18,
118581,2023-07-21,
118582,2024-01-07,
118583,2023-10-19,
118584,2025-04-30,
118585,2023-09-16,
118586,2024-12-09,
118587,2023-07-09,
118588,2025-01-08,314
118589,2025-04-27,
118590,2023-03-24,
118591,2024-01-13,
118592,2024-11-15,
118593,2025-05-10,
118594,2024-05-04,
118595,2024-09-16,
118596,2024-11-10,
118597,2024-09-08,341
118598,2025-02-02,
118599,2023-01-19,
118600,2023-02-26,355
118601,2023-08-16,
118602,2024-02-23,
118603,2024-09-08,115
118604,2023-01-21,
118605,2025-03-09,
118606,2023-10-14,
118607,2024-06-09,
118608,2023-05-07,301
118609,2024-04-29,
118610,2025-05-19,
118611,2023-07-27,
118612,2025-05-05,
118613,2023-10-28,
118614,2025-02-26,
118615,2023-04-16,
118616,2024-05-09,24
118617,2023-07-06,
118618,2024-07-12,
118619,2023-12-14,
118620,2025-03-10,
118621,2023-05-22,
118622,2024-05-26,168
118623,2024-03-19,
118624,2023-07-08,113
118625,2023-03-18,75
118626,2024-02-28,
118627,2023-06-12,
118628,2025-01-02,50
118629,2024-06-12,
118630,2025-02-01,
118631,2025-05-27,224
118632,2024-03-20,
118633,2025-04-21,
118634,2023-06-03,
118635,2023-10-30,
118636,2025-01-25,
118637,2025-05-17,
118638,2023-06-19,
118639,2025-01-09,
118640,2024-05-21,210
118641,2024-06-03,
118642,2024-09-29,
118643,2024-10-23,
118644,2023-05-26,231
118645,2024-10-14,
118646,2023-10-25,130
118647,2023-09-18,1
118648,2025-05-07,
118649,2024-09-05,
118650,2023-06-04,
118651,2024-11-23,
118652,2023-08-29,
118653,2024-09-28,
118654,2024-04-05,
118655,2025-03-10,167
118656,2024-05-04,
118657,2023-11-23,
118658,2025-03-17,
118659,2024-12-14,
118660,2024-11-14,
118661,2024-01-26,260
118662,2023-02-01,206
118663,2025-04-14,
118664,2023-09-05,346
118665,2024-05-31,
118666,2024-03-21,
118667,2023-04-20,
118668,2025-05-14,316
118669,2025-02-18,
118670,2024-08-17,
118671,2024-12-05,60
118672,2024-07-13,
118673,2024-10-20,
118674,2023-06-23,
118675,2023-04-07,
118676,2023-09-17,
118677,2023-01-05,
118678,2023-09-27,
118679,2024-08-13,
118680,2023-05-13,
118681,2024-04-11,
118682,2024-06-04,163
118683,2024-08-30,386
118684,2023-05-19,
118685,2025-02-13,301
118686,2024-08-18,
118687,2023-01-24,
118688,2023-09-16,
118689,2025-04-11,
118690,2023-05-22,138
118691,2024-10-26,
118692,2025-01-08,
118693,2025-04-08,
118694,2023-09-24,
118695,2024-10-22,86
118696,2025-04-20,22
118697,2025-01-11,
118698,2024-04-13,
118699,2025-01-07,
118700,2023-11-12,
118701,2023-02-09,
118702,2024-05-13,
118703,2024-03-01,
118704,2025-03-04,
118705,2024-11-09,
118706,2023-12-30,163
118707,2024-09-04,
118708,2023-04-20,
118709,2023-08-12,69
118710,2024-05-24,
118711,2024-09-11,
118712,2023-08-15,
118713,2023-07-20,
118714,2024-08-22,
118715,2023-08-31,
118716,2024-11-23,12
118717,2023-11-01,
118718,2024-11-26,
118719,2023-06-21,
118720,2024-08-07,
118721,2025-05-11,
118722,2023-12-11,
118723,2024-04-08,
118724,2024-07-16,
118725,2024-04-05,56
118726,2025-03-23,
118727,2024-02-07,
118728,2024-02-08,
118729,2024-05-26,
118730,2023-06-30,
118731,2024-06-15,9
118732,2025-05-05,
118733,2023-07-09,
118734,2024-06-19,338
118735,2024-01-23,
118736,2024-10-06,
118737,2023-11-26,
118738,2024-06-09,
118739,2022-12-30,
118740,2024-12-31,135
118741,2024-10-24,331
118742,2023-03-07,
118743,2024-04-03,
118744,2025-04-20,
118745,2023-12-21,
118746,2024-08-02,
118747,2023-12-05,
118748,2023-06-14,
118749,2025-01-19,337
118750,2025-03-29,
118751,2023-02-13,
118752,2023-01-07,187
118753,2023-08-20,
118754,2023-08-25,
118755,2025-05-07,
118756,2024-11-17,
118757,2025-06-04,
118758,2025-03-28,
118759,2024-07-24,
118760,2024-09-30,
118761,2024-07-28,
118762,2025-03-13,
118763,2024-09-02,286
118764,2025-04-14,127
118765,2025-04-30,317
118766,2024-06-19,
118767,2025-02-09,
118768,2023-05-17,
118769,2024-11-18,
118770,2025-02-05,
118771,2025-06-02,
118772,2024-03-31,
118773,2023-07-27,9
118774,2024-12-09,
118775,2024-11-01,
118776,2023-07-08,
118777,2024-11-17,
118778,2025-03-28,
118779,2025-03-16,301
118780,2025-03-24,
118781,2023-08-30,
118782,2024-06-11,
118783,2024-08-25,
118784,2023-06-05,
118785,2023-12-23,
118786,2024-04-12,
118787,2024-07-08,
118788,2023-09-25,
118789,2024-10-23,
118790,2024-12-03,
118791,2023-09-17,
118792,2024-01-04,
118793,2024-06-04,
118794,2024-07-28,
118795,2023-11-30,
118796,2025-05-08,
118797,2024-07-23,
118798,2025-03-26,
118799,2024-04-27,
118800,2024-10-02,364
118801,2024-08-21,
118802,2023-03-25,245
118803,2023-06-16,
118804,2025-03-10,
118805,2023-08-23,
118806,2023-05-04,
118807,2024-06-29,
118808,2025-01-26,
118809,2023-07-30,
118810,2024-09-05,
118811,2024-03-28,23
118812,2024-06-10,359
118813,2023-08-23,
118814,2025-03-02,
118815,2025-06-05,
118816,2025-05-08,
118817,2023-01-23,
118818,2024-06-11,
118819,2024-06-29,
118820,2024-12-26,317
118821,2025-01-18,
118822,2023-08-16,
118823,2023-10-07,
118824,2023-03-16,
118825,2023-07-21,
118826,2023-12-12,
118827,2024-05-29,136
118828,2024-04-28,
118829,2023-09-11,
118830,2025-05-17,328
118831,2023-12-31,
118832,2023-09-27,315
118833,2024-03-02,
118834,2023-09-01,
118835,2023-10-28,
118836,2023-10-16,
118837,2025-04-06,
118838,2023-12-29,
118839,2023-08-12,
118840,2024-05-02,
118841,2025-05-15,
118842,2024-06-24,
118843,2024-07-04,
118844,2023-08-19,
118845,2024-10-03,
118846,2023-07-06,
118847,2023-03-27,
118848,2024-06-16,10
118849,2024-02-05,270
118850,2024-10-09,
118851,2024-04-01,
118852,2024-11-12,369
118853,2023-11-30,
118854,2023-04-27,
118855,2024-05-28,392
118856,2024-12-10,349
118857,2024-03-29,
118858,2023-08-17,305
118859,2023-07-28,
118860,2023-11-09,149
118861,2023-01-18,
118862,2025-05-27,162
118863,2024-12-13,137
118864,2023-08-25,332
118865,2023-05-29,
118866,2023-04-12,
118867,2024-12-22,
118868,2024-11-16,
118869,2023-02-15,
118870,2024-10-27,
118871,2025-03-12,88
118872,2023-06-13,
118873,2023-04-15,
118874,2024-07-22,
118875,2023-11-09,
118876,2024-01-08,
118877,2023-11-14,345
118878,2024-01-29,
118879,2023-02-13,
118880,2023-08-17,
118881,2024-07-22,
118882,2023-05-03,
118883,2024-04-27,128
118884,2023-08-06,
118885,2025-05-02,
118886,2023-05-14,
118887,2023-06-16,
118888,2023-01-14,
118889,2024-08-23,
118890,2024-07-24,
118891,2025-02-26,113
118892,2024-01-06,
118893,2024-04-10,
118894,2023-05-02,
118895,2023-12-27,
118896,2024-10-21,
118897,2024-10-10,400
118898,2025-01-06,78
118899,2025-01-18,
118900,2024-10-12,
118901,2024-10-09,
118902,2024-12-21,
118903,2024-08-02,
118904,2023-06-14,
118905,2024-04-28,
118906,2025-05-23,
118907,2023-05-17,
118908,2024-06-13,
118909,2024-05-19,
118910,2024-01-19,
118911,2024-11-28,
118912,2024-05-03,
118913,2023-05-11,
118914,2023-08-25,
118915,2024-09-07,
118916,2024-09-22,
118917,2024-10-28,382
118918,2025-01-21,
118919,2025-03-04,
118920,2023-02-15,
118921,2025-04-29,
118922,2024-09-26,
118923,2023-05-03,
118924,2025-01-25,
118925,2024-02-21,
118926,2025-05-17,
118927,2025-05-21,
118928,2024-05-11,
118929,2023-02-26,
118930,2024-11-23,
118931,2024-06-18,
118932,2024-04-11,
118933,2025-05-28,
118934,2024-09-03,
118935,2023-11-15,
118936,2024-08-03,
118937,2023-04-29,
118938,2023-08-03,
118939,2023-07-06,142
118940,2023-06-30,161
118941,2024-06-24,
118942,2024-04-22,
118943,2023-10-25,
118944,2024-08-20,
118945,2024-07-30,
118946,2024-02-09,237
118947,2023-10-22,
118948,2025-05-03,
118949,2024-07-13,
118950,2025-04-12,
118951,2024-09-14,
118952,2023-04-14,
118953,2023-12-06,181
118954,2024-10-19,
118955,2025-03-28,
118956,2024-03-18,
118957,2023-11-11,
118958,2024-08-08,
118959,2023-09-01,
118960,2024-10-18,
118961,2024-10-31,
118962,2024-07-18,
118963,2023-01-27,355
118964,2024-06-01,
118965,2024-03-11,351
118966,2024-08-28,
118967,2023-11-30,
118968,2023-09-17,
118969,2025-03-06,
118970,2023-02-07,
118971,2024-06-17,
118972,2025-01-02,237
118973,2024-11-28,
118974,2024-06-18,
118975,2023-04-08,
118976,2024-06-17,
118977,2024-01-30,
118978,2023-06-01,
118979,2024-12-21,
118980,2023-11-01,
118981,2023-11-22,
118982,2024-03-29,
118983,2023-04-22,
118984,2023-03-20,
118985,2024-07-24,
118986,2024-05-27,
118987,2024-08-07,
118988,2023-04-03,
118989,2024-09-16,
118990,2023-01-31,
118991,2024-04-06,
118992,2025-03-12,262
118993,2023-03-22,
118994,2024-01-01,
118995,2024-11-06,
118996,2023-08-11,214
118997,2023-05-13,
118998,2025-04-28,
118999,2023-11-01,
119000,2024-06-01,234
119001,2024-02-25,
119002,2025-05-27,
119003,2024-01-07,
119004,2024-10-25,
119005,2023-02-03,
119006,2024-12-10,
119007,2025-03-10,
119008,2023-05-30,
119009,2025-02-15,
119010,2025-01-12,
119011,2023-04-11,116
119012,2025-04-30,
119013,2025-01-09,
119014,2024-01-14,
119015,2023-03-30,
119016,2023-11-20,
119017,2024-10-24,
119018,2024-07-05,
119019,2024-10-11,377
119020,2024-01-10,
119021,2023-03-05,
119022,2023-05-27,
119023,2025-02-21,
119024,2024-10-29,
119025,2024-10-17,
119026,2023-04-25,
119027,2024-04-03,
119028,2024-11-03,
119029,2023-06-25,
119030,2025-05-30,327
119031,2023-03-06,
119032,2023-12-06,
119033,2023-09-25,
119034,2023-04-25,
119035,2023-08-07,70
119036,2023-04-17,
119037,2023-01-03,
119038,2025-05-26,
119039,2024-06-03,
119040,2023-12-16,
119041,2023-02-28,
119042,2023-04-29,
119043,2025-03-05,
119044,2025-03-28,
119045,2024-03-27,
119046,2024-01-26,
119047,2024-02-29,317
119048,2024-08-19,
119049,2023-07-27,
119050,2023-10-11,
119051,2024-01-17,
119052,2025-03-08,
119053,2024-05-18,
119054,2023-12-06,
119055,2024-05-28,
119056,2025-05-01,336
119057,2024-12-15,
119058,2024-07-30,244
119059,2023-04-13,
119060,2024-12-18,
119061,2024-11-02,
119062,2025-03-18,
119063,2025-01-21,
119064,2024-06-03,
119065,2023-08-15,
119066,2024-04-22,123
119067,2024-10-05,
119068,2023-10-24,
119069,2023-12-16,
119070,2023-01-02,
119071,2024-10-28,
119072,2023-05-29,
119073,2024-07-09,
119074,2024-07-19,
119075,2025-02-12,
119076,2023-02-20,
119077,2023-09-26,
119078,2025-04-10,
119079,2023-11-03,229
119080,2025-04-21,
119081,2024-05-01,303
119082,2023-05-23,
119083,2024-06-07,
119084,2025-04-19,
119085,2024-10-04,
119086,2024-03-10,
119087,2023-10-24,
119088,2024-10-30,
119089,2024-08-05,34
119090,2024-03-02,
119091,2025-03-21,
119092,2024-05-30,
119093,2024-10-31,
119094,2024-02-04,318
119095,2024-07-27,
119096,2023-12-16,
119097,2025-02-21,
119098,2023-12-07,
119099,2024-02-15,
119100,2023-04-23,
119101,2023-08-25,
119102,2023-08-20,
119103,2024-03-12,
119104,2025-06-04,
119105,2023-05-04,291
119106,2023-03-05,
119107,2024-09-25,
119108,2024-07-12,
119109,2023-01-17,
119110,2024-05-07,
119111,2024-12-29,
119112,2024-09-12,
119113,2024-04-02,
119114,2024-05-31,
119115,2025-03-30,
119116,2023-03-13,
119117,2023-05-11,
119118,2023-01-07,37
119119,2023-01-31,
119120,2023-04-08,37
119121,2024-08-19,303
119122,2024-07-07,
119123,2024-06-07,
119124,2023-03-08,
119125,2025-01-25,
119126,2025-05-16,
119127,2024-04-05,
119128,2022-12-28,
119129,2023-03-13,
119130,2024-11-01,
119131,2023-11-18,
119132,2024-08-15,
119133,2024-10-09,
119134,2025-01-06,132
119135,2024-12-24,
119136,2025-02-02,
119137,2024-01-03,
119138,2023-05-03,
119139,2024-08-29,
119140,2024-07-10,
119141,2024-02-12,181
119142,2025-02-23,
119143,2023-03-19,
119144,2023-12-06,
119145,2024-12-26,
119146,2023-11-16,
119147,2023-11-11,
119148,2024-05-27,131
119149,2023-10-20,
119150,2024-07-31,
119151,2025-02-07,
119152,2023-11-08,
119153,2023-06-06,
119154,2023-08-10,
119155,2023-08-16,
119156,2025-04-06,
119157,2023-06-21,356
119158,2023-05-19,5
119159,2023-11-06,
119160,2024-12-06,
119161,2024-08-03,82
119162,2024-08-06,161
119163,2023-05-18,
119164,2025-01-22,397
119165,2024-06-15,
119166,2023-06-18,57
119167,2025-04-18,
119168,2024-03-18,
119169,2024-11-22,
119170,2023-05-10,
119171,2023-07-12,
119172,2023-08-07,
119173,2023-08-31,
119174,2024-12-30,
119175,2024-05-17,
119176,2024-10-28,
119177,2023-05-13,
119178,2025-01-30,
119179,2023-05-17,
119180,2024-08-05,
119181,2024-01-18,
119182,2023-02-27,
119183,2024-11-30,2
119184,2023-06-16,
119185,2023-02-26,
119186,2023-11-28,
119187,2024-08-12,
119188,2023-04-06,
119189,2023-03-20,78
119190,2025-03-07,
119191,2024-12-13,
119192,2023-03-10,
119193,2024-01-21,
119194,2024-11-25,99
119195,2025-03-22,32
119196,2023-07-13,
119197,2024-04-19,
119198,2023-07-17,
119199,2024-05-07,
119200,2025-04-23,
119201,2024-04-11,
119202,2023-12-10,
119203,2023-04-08,385
119204,2023-11-26,
119205,2023-11-28,
119206,2025-01-30,
119207,2024-12-07,381
119208,2025-06-08,
119209,2023-06-12,
119210,2023-09-28,
119211,2025-02-09,199
119212,2024-12-26,
119213,2024-09-25,23
119214,2024-07-17,
119215,2024-01-06,270
119216,2024-05-08,
119217,2023-09-21,102
119218,2023-06-10,248
119219,2023-11-30,
119220,2023-12-10,
119221,2023-10-18,
119222,2024-12-11,
119223,2025-05-14,
119224,2025-06-03,
119225,2025-04-01,
119226,2024-03-19,
119227,2023-08-29,
119228,2025-01-09,
119229,2025-02-21,
119230,2024-12-09,
119231,2025-03-30,100
119232,2025-01-11,
119233,2024-02-21,
119234,2023-03-29,
119235,2023-04-29,399
119236,2023-01-12,
119237,2024-11-21,166
119238,2023-09-19,
119239,2025-01-01,
119240,2023-02-18,314
119241,2024-03-21,
119242,2024-05-05,
119243,2025-02-02,
119244,2023-01-31,
119245,2023-04-05,
119246,2023-07-06,
119247,2023-07-20,
119248,2023-02-19,
119249,2023-04-14,
119250,2023-05-19,97
119251,2024-08-08,
119252,2025-01-16,
119253,2024-07-06,
119254,2024-12-25,
119255,2024-07-24,
119256,2024-08-29,125
119257,2024-12-06,361
119258,2025-03-07,
119259,2023-01-20,285
119260,2023-02-10,
119261,2023-05-25,
119262,2023-06-28,
119263,2023-10-17,
119264,2024-12-20,
119265,2023-02-06,
119266,2025-04-30,
119267,2025-03-10,
119268,2025-01-07,289
119269,2024-02-02,
119270,2023-02-09,
119271,2025-01-24,
119272,2023-06-16,
119273,2024-12-28,
119274,2025-03-27,
119275,2023-01-15,
119276,2024-11-07,
119277,2024-03-13,
119278,2024-04-09,
119279,2024-06-04,
119280,2024-03-08,
119281,2024-06-27,
119282,2024-10-07,
119283,2023-03-11,
119284,2023-09-16,
119285,2024-01-19,
119286,2023-05-23,
119287,2023-09-11,
119288,2024-11-10,
119289,2025-05-21,
119290,2023-12-15,
119291,2023-03-16,
119292,2023-07-17,
119293,2025-05-12,
119294,2024-06-03,
119295,2023-04-21,
119296,2024-12-13,51
119297,2025-03-31,
119298,2023-06-05,
119299,2024-06-28,
119300,2024-12-07,
119301,2023-09-19,
119302,2025-03-19,
119303,2023-01-05,
119304,2023-08-18,329
119305,2023-09-17,
119306,2025-01-30,
119307,2025-03-01,213
119308,2023-02-13,341
119309,2025-05-01,
119310,2023-01-26,
119311,2025-01-28,
119312,2024-12-21,
119313,2023-01-28,
119314,2023-09-20,
119315,2024-04-12,
119316,2023-02-27,354
119317,2023-03-30,328
119318,2023-08-07,194
119319,2023-08-24,
119320,2023-08-03,191
119321,2024-09-23,
119322,2024-09-15,3
119323,2023-08-16,
119324,2023-02-08,
119325,2025-04-21,
119326,2023-11-24,
119327,2023-08-04,
119328,2024-10-17,
119329,2025-03-29,
119330,2025-04-26,
119331,2024-06-13,
119332,2024-03-24,
119333,2023-11-02,
119334,2025-05-01,
119335,2024-04-11,21
119336,2024-07-24,
119337,2023-08-03,
119338,2025-05-30,
119339,2025-05-06,311
119340,2024-06-25,
119341,2023-04-06,
119342,2025-02-11,
119343,2023-03-04,192
119344,2023-06-30,
119345,2025-03-01,175
119346,2024-04-15,
119347,2024-06-21,
119348,2023-01-17,185
119349,2023-07-06,
119350,2025-06-04,167
119351,2025-04-20,
119352,2024-02-14,
119353,2024-03-24,
119354,2024-08-31,
119355,2025-01-20,
119356,2023-09-01,
119357,2024-10-11,47
119358,2023-04-26,
119359,2023-07-17,372
119360,2024-02-27,
119361,2024-01-06,139
119362,2024-01-22,
119363,2023-06-16,
119364,2023-12-24,
119365,2024-10-17,208
119366,2024-08-28,
119367,2024-09-20,
119368,2025-03-17,
119369,2025-02-26,322
119370,2023-04-13,
119371,2024-11-14,
119372,2024-11-22,229
119373,2024-06-11,
119374,2023-08-23,
119375,2025-03-23,
119376,2024-04-14,236
119377,2023-02-07,299
119378,2025-03-19,
119379,2024-11-12,
119380,2023-04-18,
119381,2025-02-26,253
119382,2023-01-09,
119383,2025-04-12,
119384,2024-03-28,
119385,2023-11-14,
119386,2024-12-01,51
119387,2023-05-04,
119388,2024-02-15,
119389,2024-12-27,
119390,2024-04-15,
119391,2023-11-15,283
119392,2024-05-26,
119393,2023-08-08,
119394,2025-04-18,
119395,2025-01-01,
119396,2024-09-02,
119397,2024-07-05,
119398,2024-01-31,
119399,2024-08-13,
119400,2024-07-28,160
119401,2024-01-01,155
119402,2023-05-06,
119403,2024-11-09,
119404,2024-10-16,
119405,2024-05-22,
119406,2025-01-16,
119407,2024-03-18,
119408,2025-03-13,
119409,2024-12-14,
119410,2023-03-21,
119411,2025-04-08,
119412,2024-04-19,
119413,2024-05-07,183
119414,2023-08-18,
119415,2024-03-06,
119416,2024-02-01,
119417,2025-02-24,
119418,2024-01-28,186
119419,2024-03-25,
119420,2024-02-03,269
119421,2024-07-24,
119422,2023-05-04,279
119423,2023-06-15,214
119424,2025-04-07,
119425,2024-04-22,91
119426,2023-04-01,
119427,2024-08-09,
119428,2024-09-15,187
119429,2025-01-15,
119430,2024-02-27,
119431,2025-02-08,
119432,2024-04-23,
119433,2025-04-23,
119434,2024-02-22,277
119435,2025-05-29,
119436,2024-06-19,
119437,2025-01-17,
119438,2025-05-26,
119439,2024-11-17,
119440,2023-07-11,
119441,2024-09-17,
119442,2023-07-28,
119443,2024-01-04,
119444,2025-03-29,308
119445,2024-06-07,
119446,2024-03-18,
119447,2023-12-30,
119448,2024-07-09,
119449,2025-04-20,
119450,2024-11-04,
119451,2025-05-14,
119452,2024-03-17,
119453,2023-04-19,
119454,2025-02-05,
119455,2023-02-26,139
119456,2023-06-24,
119457,2025-06-09,236
119458,2023-08-31,
119459,2022-12-31,160
119460,2023-02-26,
119461,2025-06-01,
119462,2023-05-07,361
119463,2025-04-28,
119464,2023-06-21,
119465,2022-12-28,
119466,2023-05-12,
119467,2025-05-15,75
119468,2024-10-25,
119469,2024-01-16,
119470,2024-11-06,
119471,2023-06-18,
119472,2024-06-03,
119473,2023-01-08,
119474,2024-12-30,
119475,2024-05-19,
119476,2024-02-17,
119477,2023-11-30,
119478,2025-04-15,
119479,2024-11-20,
119480,2024-12-21,
119481,2023-01-03,
119482,2025-04-18,
119483,2023-03-27,
119484,2023-07-02,
119485,2025-02-06,
119486,2024-01-05,
119487,2025-06-03,
119488,2024-01-18,
119489,2025-02-23,
119490,2024-07-23,
119491,2023-05-18,
119492,2024-08-26,
119493,2023-12-09,
119494,2024-09-15,
119495,2024-05-31,
119496,2025-01-28,
119497,2023-02-04,
119498,2023-07-10,
119499,2024-02-10,
119500,2025-02-17,
119501,2025-01-09,
119502,2024-08-10,140
119503,2024-09-10,
119504,2024-02-15,
119505,2024-10-08,
119506,2024-11-07,79
119507,2023-01-24,
119508,2025-01-19,144
119509,2024-05-18,8
119510,2025-02-19,
119511,2024-02-04,
119512,2023-06-05,
119513,2024-10-23,
119514,2023-01-04,
119515,2023-11-21,
119516,2023-07-02,
119517,2024-06-15,
119518,2023-05-16,
119519,2023-06-02,
119520,2023-06-21,
119521,2025-03-08,171
119522,2023-01-20,239
119523,2024-06-23,
119524,2024-02-05,
119525,2023-10-28,
119526,2025-06-03,
119527,2025-03-16,
119528,2023-07-16,
119529,2023-10-10,
119530,2024-07-01,
119531,2024-11-20,
119532,2022-12-29,
119533,2023-07-04,
119534,2025-05-26,140
119535,2025-05-29,
119536,2024-12-17,
119537,2024-11-03,
119538,2023-11-19,
119539,2023-03-17,
119540,2023-08-15,
119541,2024-12-05,
119542,2024-10-21,
119543,2023-01-11,
119544,2023-09-25,
119545,2024-08-14,274
119546,2024-05-05,
119547,2023-08-18,
119548,2023-02-05,
119549,2024-12-12,
119550,2024-09-18,286
119551,2024-06-16,
119552,2025-05-14,
119553,2023-11-15,
119554,2023-09-04,281
119555,2025-04-20,
119556,2023-06-22,
119557,2024-03-15,226
119558,2023-08-17,
119559,2024-04-22,
119560,2023-09-19,
119561,2024-01-06,
119562,2023-12-05,
119563,2023-10-11,
119564,2025-05-30,
119565,2023-04-14,
119566,2024-08-18,
119567,2024-06-19,268
119568,2024-05-24,
119569,2024-05-22,
119570,2024-08-03,
119571,2025-04-13,
119572,2023-06-22,66
119573,2023-03-10,
119574,2024-12-24,
119575,2024-08-08,
119576,2023-04-12,
119577,2023-11-26,
119578,2024-04-25,
119579,2023-11-09,
119580,2023-07-07,
119581,2023-06-28,
119582,2024-08-09,
119583,2023-09-10,
119584,2023-02-25,
119585,2023-10-02,
119586,2024-06-27,
119587,2025-01-11,
119588,2023-04-24,
119589,2023-09-02,187
119590,2023-10-23,
119591,2023-04-27,
119592,2024-02-10,
119593,2023-06-01,
119594,2023-05-25,
119595,2023-03-11,
119596,2023-04-10,
119597,2024-08-04,
119598,2025-01-09,
119599,2024-08-09,
119600,2023-08-09,
119601,2023-07-01,
119602,2023-06-27,
119603,2023-06-05,
119604,2023-11-11,
119605,2023-09-14,380
119606,2023-11-06,
119607,2024-07-06,251
119608,2024-05-28,
119609,2024-12-03,
119610,2024-05-19,
119611,2024-04-24,
119612,2024-02-15,
119613,2024-10-02,
119614,2023-11-05,
119615,2024-03-21,
119616,2024-04-16,
119617,2023-05-25,
119618,2023-12-08,
119619,2024-03-27,
119620,2023-08-10,
119621,2024-08-01,
119622,2024-12-07,
119623,2024-07-08,
119624,2024-09-08,
119625,2022-12-31,
119626,2023-06-09,
119627,2023-04-03,
119628,2023-02-07,
119629,2025-05-16,
119630,2023-11-21,
119631,2023-01-08,
119632,2024-03-14,
119633,2023-07-04,
119634,2023-05-19,
119635,2025-01-03,
119636,2024-03-11,
119637,2024-02-16,36
119638,2025-05-22,
119639,2024-01-14,324
119640,2023-08-19,
119641,2025-04-02,
119642,2025-03-12,
119643,2024-04-17,
119644,2024-01-05,
119645,2025-01-23,
119646,2023-10-02,
119647,2024-11-30,
119648,2025-01-29,112
119649,2024-02-11,
119650,2023-11-30,
119651,2024-09-22,281
119652,2024-01-07,95
119653,2024-07-27,255
119654,2025-03-22,
119655,2023-11-13,
119656,2023-05-30,
119657,2024-06-28,
119658,2025-02-28,
119659,2024-11-20,
119660,2023-08-10,
119661,2025-03-25,
119662,2023-10-03,
119663,2024-03-12,
119664,2024-05-09,
119665,2024-03-12,
119666,2025-04-21,152
119667,2025-02-27,
119668,2023-03-20,202
119669,2024-11-01,
119670,2025-05-27,
119671,2023-11-10,
119672,2024-05-13,
119673,2023-11-28,
119674,2023-04-08,158
119675,2023-08-14,
119676,2025-02-03,
119677,2025-03-26,
119678,2022-12-28,10
119679,2024-07-17,346
119680,2023-06-23,
119681,2024-06-06,
119682,2023-11-04,
119683,2024-11-15,
119684,2024-09-23,
119685,2023-01-20,
119686,2024-08-21,
119687,2023-11-22,
119688,2024-12-04,
119689,2023-01-16,
119690,2024-05-27,208
119691,2024-02-11,
119692,2024-02-10,
119693,2024-11-21,
119694,2023-06-22,
119695,2023-08-01,178
119696,2024-08-12,83
119697,2025-03-14,
119698,2024-02-10,
119699,2025-01-10,
119700,2024-09-29,
119701,2024-12-21,
119702,2023-03-06,
119703,2023-03-30,
119704,2023-05-29,172
119705,2024-06-24,
119706,2024-01-05,
119707,2024-04-18,
119708,2024-05-05,
119709,2024-02-15,
119710,2023-03-17,389
119711,2025-04-17,
119712,2023-07-11,
119713,2024-08-15,
119714,2024-09-28,
119715,2024-02-11,
119716,2024-05-12,72
119717,2024-12-09,
119718,2024-04-08,125
119719,2025-02-13,
119720,2024-12-12,
119721,2023-12-27,
119722,2023-10-02,29
119723,2023-12-20,
119724,2023-01-08,
119725,2025-01-04,
119726,2023-01-04,
119727,2023-12-19,
119728,2024-03-12,137
119729,2024-06-18,307
119730,2023-10-31,
119731,2024-03-12,
119732,2024-09-09,
119733,2024-11-20,178
119734,2024-04-26,
119735,2024-02-07,141
119736,2023-11-02,
119737,2024-12-26,248
119738,2024-02-19,
119739,2025-03-20,
119740,2023-12-07,
119741,2025-04-12,
119742,2024-11-08,170
119743,2024-09-30,
119744,2024-09-09,
119745,2023-11-01,
119746,2023-03-15,
119747,2024-06-01,
119748,2023-02-23,
119749,2023-09-25,
119750,2023-03-30,
119751,2023-04-19,
119752,2025-03-18,
119753,2023-01-20,
119754,2024-05-01,
119755,2025-04-09,
119756,2025-03-10,
119757,2025-01-09,
119758,2023-06-10,
119759,2023-02-17,
119760,2023-06-25,228
119761,2023-06-02,
119762,2023-11-19,77
119763,2025-01-19,
119764,2023-09-10,
119765,2024-03-18,
119766,2023-01-14,371
119767,2024-09-28,
119768,2024-12-08,184
119769,2023-03-22,28
119770,2025-05-24,
119771,2023-09-10,
119772,2024-05-26,
119773,2023-05-03,196
119774,2024-08-26,
119775,2024-11-05,
119776,2025-04-05,
119777,2024-03-16,
119778,2024-02-29,290
119779,2024-05-26,
119780,2023-12-17,
119781,2023-07-18,
119782,2024-12-19,
119783,2025-04-19,270
119784,2024-08-07,
119785,2024-08-04,
119786,2023-05-20,
119787,2024-12-16,
119788,2023-10-10,
119789,2024-04-25,
119790,2023-11-04,
119791,2024-04-13,
119792,2024-04-13,
119793,2023-12-07,
119794,2024-01-13,
119795,2024-02-10,
119796,2024-05-31,
119797,2024-05-15,
119798,2024-01-12,
119799,2025-05-14,
119800,2025-01-06,
119801,2023-12-07,
119802,2025-02-01,48
119803,2023-02-21,
119804,2024-07-10,23
119805,2023-09-19,150
119806,2023-07-30,
119807,2023-07-08,
119808,2025-05-27,
119809,2023-05-28,
119810,2025-02-17,233
119811,2025-02-12,
119812,2025-05-18,
119813,2023-12-17,
119814,2023-09-28,
119815,2024-04-10,
119816,2023-08-06,
119817,2023-08-27,
119818,2025-05-26,
119819,2025-05-30,
119820,2024-02-16,
119821,2023-06-28,
119822,2024-02-20,
119823,2023-06-19,
119824,2023-09-05,197
119825,2024-05-09,
119826,2024-08-20,
119827,2023-12-11,
119828,2024-03-08,
119829,2023-11-08,
119830,2024-09-22,
119831,2023-07-01,
119832,2023-09-03,
119833,2024-09-02,
119834,2023-02-17,
119835,2024-02-04,
119836,2024-05-26,
119837,2025-01-29,
119838,2023-09-15,
119839,2024-02-13,107
119840,2024-09-19,
119841,2024-04-11,
119842,2023-03-06,158
119843,2024-02-01,
119844,2024-10-30,
119845,2023-05-14,
119846,2023-03-08,
119847,2025-04-03,176
119848,2025-05-02,
119849,2023-05-01,
119850,2025-02-13,
119851,2023-07-20,
119852,2024-09-26,
119853,2023-01-23,
119854,2024-09-15,
119855,2024-05-08,
119856,2024-08-15,
119857,2024-06-09,
119858,2023-02-05,
119859,2023-12-02,266
119860,2024-07-28,
119861,2024-07-21,
119862,2024-05-15,398
119863,2024-08-14,
119864,2024-03-26,
119865,2023-10-17,
119866,2024-05-11,
119867,2024-10-04,
119868,2023-03-03,
119869,2023-07-15,
119870,2024-01-12,
119871,2024-12-03,
119872,2023-01-15,
119873,2024-04-10,
119874,2023-12-18,
119875,2025-05-13,
119876,2024-12-02,
119877,2023-10-01,
119878,2023-07-06,
119879,2023-06-26,
119880,2023-06-28,
119881,2023-09-14,
119882,2025-04-28,
119883,2023-06-18,
119884,2022-12-28,
119885,2023-08-14,
119886,2025-04-29,
119887,2025-03-12,
119888,2023-04-28,
119889,2023-10-27,
119890,2023-09-16,367
119891,2024-03-04,
119892,2024-09-19,
119893,2024-10-01,
119894,2023-05-08,
119895,2023-02-25,
119896,2023-11-21,336
119897,2025-03-02,93
119898,2025-02-16,
119899,2023-09-21,
119900,2025-01-08,
119901,2025-05-29,
119902,2024-03-21,
119903,2024-07-08,
119904,2024-01-15,
119905,2024-11-28,
119906,2024-06-29,221
119907,2024-12-16,
119908,2023-04-06,
119909,2024-07-24,
119910,2023-07-07,
119911,2024-04-13,
119912,2023-11-24,
119913,2023-12-12,
119914,2024-11-28,
119915,2023-08-14,
119916,2023-07-21,
119917,2024-11-12,
119918,2023-12-13,
119919,2024-06-30,
119920,2023-10-22,
119921,2023-05-26,
119922,2023-11-12,
119923,2023-05-14,76
119924,2025-01-15,
119925,2024-10-02,
119926,2024-02-23,
119927,2022-12-31,
119928,2023-09-10,
119929,2023-06-01,391
119930,2023-11-30,167
119931,2024-06-01,
119932,2023-09-30,
119933,2024-08-14,
119934,2023-11-25,
119935,2024-09-28,340
119936,2023-08-21,
119937,2025-04-12,
119938,2025-03-12,
119939,2023-08-13,
119940,2023-01-16,
119941,2023-07-12,
119942,2023-08-25,
119943,2023-06-04,
119944,2024-05-13,
119945,2024-01-22,
119946,2025-01-31,
119947,2023-04-09,74
119948,2023-08-31,
119949,2023-12-07,
119950,2023-06-22,196
119951,2023-09-20,
119952,2024-10-23,
119953,2024-10-13,
119954,2023-02-24,
119955,2024-06-22,
119956,2024-05-08,
119957,2023-11-30,
119958,2025-04-25,
119959,2024-02-12,
119960,2024-06-15,192
119961,2024-06-24,
119962,2024-08-05,346
119963,2023-10-09,
119964,2024-05-24,
119965,2023-05-08,
119966,2023-02-07,
119967,2023-08-07,140
119968,2023-06-19,
119969,2024-06-06,
119970,2023-01-20,
119971,2023-12-25,
119972,2024-05-23,322
119973,2024-08-31,
119974,2023-02-21,
119975,2023-07-30,
119976,2023-02-25,38
119977,2023-06-21,
119978,2025-04-13,
119979,2023-06-13,
119980,2025-03-20,13
119981,2024-05-23,
119982,2023-10-08,
119983,2024-09-05,
119984,2025-01-01,
119985,2025-01-11,350
119986,2024-12-10,
119987,2023-04-07,
119988,2023-08-04,
119989,2023-11-27,
119990,2024-03-19,
119991,2024-10-10,74
119992,2024-06-06,
119993,2023-03-29,
119994,2024-01-26,
119995,2025-05-10,
119996,2024-08-18,
119997,2023-11-21,
119998,2024-08-18,
119999,2024-02-04,
120000,2023-02-11,
120001,2024-10-28,
120002,2023-12-11,285
120003,2025-03-15,
120004,2024-05-04,
120005,2025-03-24,
120006,2023-09-02,
120007,2025-04-17,
120008,2024-12-12,
120009,2025-02-16,
120010,2023-01-29,
120011,2023-10-19,
120012,2023-02-18,
120013,2024-02-20,
120014,2024-03-20,
120015,2023-03-02,145
120016,2025-02-18,
120017,2025-01-28,
120018,2024-10-15,
120019,2023-12-28,
120020,2025-05-20,
120021,2024-01-09,
120022,2023-12-18,
120023,2023-06-25,
120024,2024-10-10,
120025,2023-03-06,
120026,2023-05-09,291
120027,2023-10-27,
120028,2023-09-13,
120029,2024-09-25,187
120030,2024-04-28,172
120031,2025-05-09,
120032,2024-03-13,361
120033,2024-12-18,21
120034,2023-03-31,
120035,2023-03-02,
120036,2023-06-25,
120037,2024-11-08,
120038,2024-12-22,
120039,2025-03-07,91
120040,2024-04-27,286
120041,2024-09-27,255
120042,2025-01-28,
120043,2024-11-25,
120044,2023-03-01,
120045,2024-07-03,321
120046,2024-11-27,
120047,2023-02-08,
120048,2024-07-18,269
120049,2024-12-06,
120050,2024-09-25,
120051,2023-05-10,
120052,2023-01-07,
120053,2023-04-11,
120054,2024-01-21,336
120055,2023-10-28,
120056,2023-11-16,
120057,2023-09-16,
120058,2024-05-29,
120059,2024-06-26,
120060,2023-03-29,
120061,2023-01-07,185
120062,2025-02-15,
120063,2023-01-18,
120064,2023-01-14,
120065,2023-01-16,
120066,2023-01-14,
120067,2025-02-08,
120068,2024-08-11,
120069,2023-05-29,
120070,2024-06-02,
120071,2024-11-16,
120072,2024-12-14,
120073,2025-03-13,305
120074,2025-03-23,
120075,2023-10-17,
120076,2024-01-08,
120077,2023-02-02,
120078,2024-03-23,
120079,2025-05-12,
120080,2023-06-19,
120081,2025-05-11,
120082,2024-12-25,
120083,2023-09-29,
120084,2023-08-21,
120085,2024-07-17,64
120086,2025-04-03,
120087,2024-05-26,
120088,2023-03-22,111
120089,2023-02-09,
120090,2024-12-01,
120091,2024-11-30,
120092,2025-04-03,
120093,2023-12-29,
120094,2025-04-06,
120095,2024-01-25,
120096,2024-12-11,299
120097,2023-10-08,
120098,2023-06-13,
120099,2025-05-18,
120100,2025-02-26,
120101,2023-11-09,94
120102,2023-11-29,
120103,2024-09-07,
120104,2024-09-26,
120105,2024-03-06,135
120106,2025-05-06,234
120107,2023-12-17,164
120108,2024-11-22,256
120109,2023-09-07,364
120110,2024-10-24,
120111,2023-04-17,
120112,2023-02-24,
120113,2025-02-13,
120114,2024-03-08,
120115,2024-07-20,
120116,2023-08-22,
120117,2025-04-18,
120118,2024-11-29,
120119,2023-08-13,
120120,2024-11-30,
120121,2025-04-02,
120122,2023-12-05,
120123,2025-02-01,
120124,2023-03-12,
120125,2023-06-20,
120126,2024-11-16,
120127,2024-07-19,
120128,2023-09-04,
120129,2023-08-19,268
120130,2025-05-12,
120131,2023-03-02,196
120132,2024-02-25,364
120133,2023-06-16,
120134,2024-02-20,
120135,2025-02-20,
120136,2024-08-12,
120137,2025-03-28,
120138,2024-01-08,
120139,2024-04-02,257
120140,2023-08-30,
120141,2023-08-23,
120142,2024-01-08,
120143,2024-08-17,
120144,2025-02-15,
120145,2024-04-12,
120146,2024-01-15,
120147,2024-12-31,
120148,2023-02-05,
120149,2024-01-18,
120150,2024-07-24,
120151,2023-11-12,
120152,2023-06-24,
120153,2023-03-26,
120154,2025-03-09,
120155,2023-12-30,197
120156,2024-12-21,
120157,2023-04-03,
120158,2024-05-26,
120159,2024-06-16,
120160,2023-07-16,238
120161,2023-06-07,
120162,2023-08-15,
120163,2023-08-19,279
120164,2023-09-04,132
120165,2024-03-31,
120166,2024-04-28,
120167,2023-07-07,223
120168,2024-08-21,
120169,2024-11-25,
120170,2023-12-06,141
120171,2023-01-20,
120172,2023-06-27,
120173,2024-08-13,
120174,2024-05-05,
120175,2024-06-07,
120176,2023-02-07,
120177,2023-01-22,
120178,2025-01-27,
120179,2023-06-01,
120180,2023-09-24,169
120181,2024-01-11,292
120182,2025-06-07,
120183,2023-06-04,73
120184,2025-05-03,
120185,2024-12-03,
120186,2023-09-21,
120187,2023-08-27,
120188,2023-06-05,
120189,2023-10-26,
120190,2024-12-20,
120191,2025-05-13,
120192,2024-07-19,
120193,2023-11-02,
120194,2025-04-01,
120195,2024-09-08,189
120196,2024-05-27,323
120197,2023-11-11,
120198,2024-05-27,300
120199,2024-06-23,
120200,2024-09-29,
120201,2025-01-17,
120202,2023-04-20,
120203,2023-11-10,108
120204,2024-02-07,
120205,2024-11-21,48
120206,2023-08-23,
120207,2024-10-21,
120208,2023-08-09,
120209,2025-02-25,
120210,2023-11-04,94
120211,2023-05-24,
120212,2023-04-11,
120213,2024-02-25,335
120214,2023-12-14,
120215,2024-11-07,
120216,2024-01-25,176
120217,2024-05-24,
120218,2024-06-11,
120219,2024-06-06,
120220,2023-04-15,
120221,2024-10-11,
120222,2023-10-05,
120223,2024-06-03,
120224,2023-02-02,
120225,2024-10-11,152
120226,2024-01-02,
120227,2023-06-16,
120228,2023-09-05,
120229,2024-03-04,
120230,2024-02-09,
120231,2023-09-19,
120232,2023-05-01,
120233,2023-01-11,
120234,2024-05-01,233
120235,2023-06-23,
120236,2024-09-06,
120237,2023-10-22,112
120238,2023-08-12,
120239,2025-04-19,
120240,2023-02-02,159
120241,2023-03-24,339
120242,2024-02-18,
120243,2025-01-04,292
120244,2025-05-10,
120245,2023-10-17,
120246,2025-02-10,
120247,2023-10-27,
120248,2024-07-30,
120249,2024-04-05,
120250,2024-09-11,
120251,2025-04-27,
120252,2024-06-12,
120253,2024-11-30,
120254,2024-03-08,
120255,2023-03-17,
120256,2024-12-16,121
120257,2024-06-30,
120258,2023-02-17,
120259,2023-06-26,
120260,2024-02-18,
120261,2023-12-31,105
120262,2023-05-25,
120263,2024-06-15,109
120264,2024-04-06,217
120265,2024-09-23,
120266,2024-11-16,
120267,2024-06-16,
120268,2023-01-25,363
120269,2024-08-17,
120270,2024-07-27,
120271,2024-08-21,
120272,2024-06-06,
120273,2025-02-28,82
120274,2024-08-16,
120275,2024-11-09,
120276,2025-02-28,75
120277,2024-12-13,
120278,2023-07-22,
120279,2023-01-27,
120280,2025-04-08,
120281,2023-12-03,
120282,2024-02-11,
120283,2025-06-05,
120284,2023-12-13,
120285,2024-06-17,
120286,2023-05-21,
120287,2023-06-13,
120288,2024-05-24,
120289,2024-09-13,144
120290,2024-03-09,
120291,2023-09-26,
120292,2023-01-13,
120293,2024-01-12,
120294,2023-12-11,
120295,2025-03-03,
120296,2023-09-24,54
120297,2025-01-25,158
120298,2024-01-17,
120299,2025-05-17,
120300,2024-07-21,
120301,2023-08-15,114
120302,2024-12-11,
120303,2023-03-06,
120304,2024-05-16,
120305,2025-03-03,
120306,2023-10-22,
120307,2024-05-04,
120308,2025-06-03,
120309,2024-10-13,
120310,2025-05-27,171
120311,2023-05-21,
120312,2024-03-12,
120313,2024-03-30,
120314,2024-12-14,
120315,2022-12-28,
120316,2023-08-23,
120317,2024-02-19,
120318,2023-09-21,
120319,2023-04-19,
120320,2025-05-07,
120321,2024-08-12,
120322,2023-11-08,
120323,2024-04-09,
120324,2024-01-31,
120325,2024-10-14,
120326,2023-12-07,
120327,2023-03-20,
120328,2023-03-10,70
120329,2025-05-09,
120330,2023-08-04,
120331,2024-01-09,
120332,2025-01-18,327
120333,2023-05-30,
120334,2024-07-05,
120335,2024-06-05,
120336,2023-10-27,
120337,2024-02-03,
120338,2024-11-29,
120339,2024-01-17,183
120340,2024-04-28,238
120341,2024-05-13,
120342,2023-07-25,
120343,2023-11-14,
120344,2023-03-17,
120345,2025-02-28,24
120346,2024-10-01,
120347,2023-12-26,
120348,2025-01-20,
120349,2023-07-07,
120350,2024-12-08,
120351,2024-03-02,22
120352,2025-03-24,
120353,2023-12-19,
120354,2024-12-04,30
120355,2024-12-12,
120356,2024-06-11,
120357,2024-09-26,
120358,2024-09-04,
120359,2025-03-18,
120360,2025-01-21,377
120361,2023-06-02,332
120362,2024-04-06,
120363,2023-05-30,
120364,2025-05-08,
120365,2024-05-08,355
120366,2025-04-10,
120367,2023-11-04,
120368,2024-11-05,
120369,2025-01-19,
120370,2023-03-05,
120371,2025-05-17,
120372,2024-04-30,
120373,2023-03-15,
120374,2023-09-17,
120375,2023-10-25,
120376,2024-08-03,
120377,2024-03-10,
120378,2025-04-22,
120379,2024-03-03,
120380,2023-01-04,310
120381,2024-06-17,
120382,2024-04-17,
120383,2024-03-01,
120384,2023-09-29,150
120385,2024-07-06,
120386,2024-04-17,
120387,2023-04-30,
120388,2023-09-12,
120389,2024-09-24,206
120390,2024-04-01,
120391,2024-12-24,
120392,2024-05-08,
120393,2023-05-14,
120394,2023-10-01,
120395,2025-05-10,
120396,2024-09-24,
120397,2023-12-17,
120398,2024-10-14,
120399,2023-05-28,56
120400,2023-05-02,
120401,2024-05-24,397
120402,2024-01-10,
120403,2024-02-25,
120404,2023-02-18,
120405,2023-08-02,
120406,2024-11-26,
120407,2024-04-24,
120408,2025-04-04,
120409,2024-08-10,
120410,2023-10-26,48
120411,2024-08-06,347
120412,2025-03-16,
120413,2024-09-09,329
120414,2025-02-16,
120415,2023-05-16,
120416,2024-06-05,
120417,2023-04-17,
120418,2024-09-26,
120419,2024-12-05,
120420,2023-12-07,
120421,2023-11-06,
120422,2023-02-21,
120423,2023-06-09,144
120424,2024-08-29,
120425,2023-03-21,
120426,2025-05-17,
120427,2025-02-02,17
120428,2024-04-13,
120429,2024-10-10,
120430,2024-03-18,
120431,2023-03-21,
120432,2023-11-17,
120433,2023-07-29,178
120434,2023-01-01,379
120435,2024-06-08,
120436,2024-11-15,
120437,2024-08-01,
120438,2023-10-16,163
120439,2024-12-12,
120440,2024-07-22,
120441,2023-02-13,
120442,2024-10-14,
120443,2023-01-12,
120444,2024-01-08,183
120445,2023-09-15,
120446,2025-01-24,
120447,2023-12-16,
120448,2025-01-15,
120449,2024-08-13,214
120450,2023-04-08,
120451,2024-07-24,
120452,2024-08-16,
120453,2023-11-23,
120454,2023-02-02,163
120455,2023-02-03,
120456,2025-01-16,
120457,2024-05-27,
120458,2023-10-07,
120459,2025-01-30,
120460,2023-11-15,
120461,2024-01-08,
120462,2023-05-11,266
120463,2024-03-17,210
120464,2025-05-23,311
120465,2025-06-03,
120466,2024-09-29,
120467,2024-02-15,
120468,2024-04-22,246
120469,2025-01-19,
120470,2024-07-12,
120471,2023-04-15,
120472,2025-01-15,
120473,2025-05-31,
120474,2024-10-21,
120475,2025-01-08,
120476,2024-09-09,
120477,2025-03-02,
120478,2024-04-12,
120479,2025-04-08,
120480,2023-09-13,
120481,2025-04-02,
120482,2023-05-24,238
120483,2024-05-28,
120484,2023-08-30,
120485,2024-12-16,297
120486,2025-06-07,
120487,2023-11-15,
120488,2024-12-19,
120489,2025-03-25,92
120490,2024-08-18,
120491,2023-02-07,
120492,2024-02-22,
120493,2023-04-14,
120494,2023-08-25,
120495,2023-12-12,
120496,2025-03-10,348
120497,2024-05-24,
120498,2024-12-01,25
120499,2023-08-05,
120500,2023-07-15,
120501,2024-09-13,255
120502,2023-01-03,
120503,2023-04-19,120
120504,2023-12-01,
120505,2024-07-21,
120506,2023-07-28,306
120507,2023-10-15,41
120508,2023-12-08,
120509,2024-10-24,
120510,2023-05-22,
120511,2023-12-04,259
120512,2024-07-29,
120513,2023-02-13,333
120514,2024-02-01,164
120515,2023-11-04,
120516,2023-10-18,
120517,2023-02-08,
120518,2025-03-25,
120519,2025-03-03,157
120520,2025-05-21,
120521,2025-05-07,
120522,2025-01-21,
120523,2023-04-05,
120524,2024-10-30,
120525,2023-05-26,
120526,2024-01-03,
120527,2024-09-29,
120528,2023-02-02,
120529,2024-09-19,45
120530,2025-03-22,260
120531,2025-04-25,
120532,2023-12-22,
120533,2023-10-24,
120534,2024-07-19,297
120535,2024-02-06,136
120536,2023-02-27,
120537,2025-01-06,
120538,2023-10-03,
120539,2023-08-21,
120540,2023-12-27,
120541,2023-06-20,
120542,2023-09-26,
120543,2024-08-21,
120544,2023-02-24,
120545,2024-11-14,
120546,2023-05-10,
120547,2023-04-21,
120548,2023-09-23,
120549,2024-03-13,297
120550,2025-02-27,
120551,2023-11-21,
120552,2025-06-01,
120553,2025-06-06,
120554,2023-02-20,77
120555,2025-02-24,
120556,2023-01-14,
120557,2024-10-10,
120558,2024-12-20,
120559,2024-05-22,
120560,2024-06-16,137
120561,2025-03-23,
120562,2023-05-23,
120563,2025-02-22,
120564,2024-10-30,
120565,2023-04-29,
120566,2023-04-23,
120567,2023-06-06,
120568,2025-02-08,
120569,2024-05-20,
120570,2023-08-16,
120571,2024-09-01,
120572,2023-04-09,
120573,2025-01-17,
120574,2024-06-14,267
120575,2022-12-28,
120576,2024-12-02,
120577,2024-10-30,
120578,2023-11-25,
120579,2024-10-07,
120580,2024-12-10,
120581,2023-02-05,
120582,2024-12-24,
120583,2023-05-17,
120584,2024-02-08,
120585,2025-01-30,
120586,2023-08-05,
120587,2023-09-29,
120588,2023-02-25,265
120589,2025-04-06,
120590,2025-04-09,
120591,2023-01-24,
120592,2024-07-30,
120593,2024-08-24,23
120594,2023-01-27,
120595,2024-03-20,
120596,2023-04-05,
120597,2024-03-14,356
120598,2024-08-25,
120599,2024-03-10,209
120600,2024-06-01,
120601,2024-05-04,
120602,2024-08-27,
120603,2023-12-09,390
120604,2024-09-29,398
120605,2023-11-16,
120606,2024-02-22,
120607,2024-09-15,252
120608,2023-03-30,382
120609,2023-12-22,
120610,2025-05-31,
120611,2024-11-24,
120612,2023-11-26,
120613,2024-08-02,
120614,2023-12-05,
120615,2023-05-04,
120616,2023-08-20,
120617,2025-03-16,22
120618,2023-02-04,
120619,2023-04-06,
120620,2024-06-30,333
120621,2024-03-19,
120622,2023-04-08,
120623,2024-08-10,
120624,2023-10-20,
120625,2023-04-12,
120626,2025-05-26,
120627,2023-11-07,
120628,2023-12-01,
120629,2025-01-02,69
120630,2023-11-24,
120631,2024-07-25,
120632,2023-11-13,
120633,2024-07-20,328
120634,2023-06-04,
120635,2025-06-03,
120636,2024-09-21,257
120637,2023-11-17,
120638,2023-08-28,146
120639,2024-02-25,
120640,2024-01-27,
120641,2024-08-24,
120642,2025-06-03,
120643,2023-03-29,134
120644,2023-11-22,
120645,2023-12-05,
120646,2024-01-11,
120647,2024-10-24,
120648,2024-11-08,
120649,2025-03-07,
120650,2023-06-21,
120651,2024-10-26,358
120652,2024-07-21,
120653,2023-07-05,
120654,2023-10-14,
120655,2023-12-07,
120656,2023-05-31,
120657,2024-02-15,179
120658,2023-05-10,148
120659,2025-05-02,
120660,2025-06-02,
120661,2025-02-19,
120662,2023-09-19,
120663,2024-09-24,
120664,2023-04-23,
120665,2025-05-19,
120666,2024-09-22,353
120667,2025-03-03,
120668,2023-05-04,
120669,2025-05-10,262
120670,2023-10-16,
120671,2024-04-08,
120672,2025-02-04,
120673,2024-11-20,
120674,2024-03-12,
120675,2024-04-14,
120676,2023-04-08,
120677,2023-02-27,
120678,2024-12-14,
120679,2023-01-09,172
120680,2023-10-10,
120681,2023-04-23,307
120682,2024-04-20,325
120683,2025-03-09,
120684,2024-09-16,
120685,2024-03-15,
120686,2024-04-02,
120687,2023-02-03,
120688,2024-08-01,
120689,2024-07-18,
120690,2024-04-27,
120691,2023-08-14,
120692,2024-05-27,
120693,2025-02-12,342
120694,2023-07-13,
120695,2023-05-16,
120696,2023-02-20,
120697,2025-03-04,
120698,2024-06-08,
120699,2025-04-16,
120700,2024-08-30,
120701,2025-02-16,299
120702,2025-02-01,
120703,2024-06-25,
120704,2025-03-01,
120705,2024-05-06,
120706,2025-03-07,
120707,2024-02-17,
120708,2024-02-21,229
120709,2024-10-22,
120710,2023-04-19,194
120711,2023-05-14,
120712,2023-06-02,
120713,2023-09-15,
120714,2024-08-25,
120715,2023-04-14,
120716,2023-03-29,
120717,2024-07-08,
120718,2024-11-27,
120719,2023-12-14,
120720,2024-02-02,
120721,2025-03-13,
120722,2023-06-29,
120723,2023-04-13,
120724,2024-01-29,
120725,2024-08-27,192
120726,2024-10-04,
120727,2025-01-26,375
120728,2024-11-10,
120729,2024-04-10,318
120730,2023-02-01,
120731,2025-04-28,
120732,2024-04-06,
120733,2023-04-16,
120734,2023-05-08,
120735,2025-03-13,
120736,2025-01-21,
120737,2024-06-16,
120738,2024-07-23,
120739,2024-06-06,109
120740,2023-10-03,
120741,2025-04-25,
120742,2023-10-25,
120743,2025-03-29,335
120744,2023-01-22,
120745,2023-10-24,
120746,2023-12-22,
120747,2023-11-16,
120748,2024-07-22,
120749,2023-07-27,
120750,2024-10-20,
120751,2023-05-08,
120752,2023-12-05,
120753,2024-11-23,166
120754,2023-08-19,
120755,2025-02-21,
120756,2025-02-13,
120757,2025-02-10,
120758,2024-06-13,
120759,2023-08-14,
120760,2024-02-26,
120761,2025-01-20,56
120762,2024-12-22,
120763,2024-12-22,
120764,2023-03-12,
120765,2023-10-31,10
120766,2023-07-26,
120767,2024-10-21,
120768,2023-01-11,
120769,2025-03-17,322
120770,2023-10-20,
120771,2024-01-02,60
120772,2024-08-13,
120773,2023-01-01,
120774,2024-10-01,
120775,2023-01-12,
120776,2024-12-01,
120777,2024-12-05,
120778,2025-02-11,
120779,2023-01-01,
120780,2023-05-05,
120781,2024-03-08,
120782,2024-09-21,
120783,2024-09-02,
120784,2025-05-29,
120785,2024-04-30,
120786,2023-06-13,92
120787,2025-01-05,351
120788,2024-07-19,
120789,2024-08-17,
120790,2024-01-16,
120791,2023-09-28,
120792,2025-05-14,
120793,2024-01-20,
120794,2023-07-04,
120795,2023-09-10,
120796,2023-07-22,
120797,2023-08-11,
120798,2025-04-22,132
120799,2023-08-21,
120800,2023-05-11,
120801,2024-10-23,
120802,2023-01-06,
120803,2023-06-16,
120804,2023-03-17,
120805,2023-12-27,
120806,2025-05-26,
120807,2023-11-14,
120808,2024-07-06,
120809,2025-01-14,33
120810,2024-04-27,
120811,2023-04-07,159
120812,2023-04-19,
120813,2024-02-16,
120814,2024-03-03,118
120815,2024-09-20,
120816,2023-03-26,
120817,2025-03-11,154
120818,2024-05-29,
120819,2023-08-23,83
120820,2024-01-11,
120821,2024-04-23,258
120822,2025-05-15,
120823,2023-05-07,
120824,2023-11-14,
120825,2023-04-25,
120826,2023-09-25,
120827,2023-01-02,
120828,2024-01-14,220
120829,2023-07-14,1
120830,2024-04-04,51
120831,2024-03-31,
120832,2023-01-31,
120833,2023-04-19,
120834,2025-05-17,
120835,2023-06-09,
120836,2024-10-13,
120837,2023-08-05,95
120838,2025-04-20,
120839,2023-02-16,
120840,2024-09-27,213
120841,2023-08-31,
120842,2023-02-15,
120843,2024-03-08,
120844,2025-04-03,
120845,2023-08-08,283
120846,2023-10-20,
120847,2023-12-30,
120848,2024-08-11,
120849,2024-12-04,
120850,2023-05-03,
120851,2023-10-02,
120852,2024-04-03,
120853,2023-12-20,
120854,2024-08-14,386
120855,2025-01-10,
120856,2023-05-22,
120857,2025-01-01,
120858,2023-02-09,309
120859,2024-10-31,
120860,2024-06-30,
120861,2025-03-30,
120862,2023-12-21,
120863,2023-07-23,324
120864,2024-07-27,207
120865,2025-05-30,
120866,2023-11-27,
120867,2024-02-26,
120868,2023-10-16,
120869,2024-02-23,
120870,2023-02-12,
120871,2023-07-09,
120872,2024-12-04,
120873,2023-05-16,
120874,2024-08-18,
120875,2024-02-16,81
120876,2024-06-20,365
120877,2024-09-24,
120878,2023-04-14,
120879,2024-04-17,
120880,2023-01-19,
120881,2024-10-09,
120882,2025-03-24,
120883,2025-04-25,
120884,2023-12-10,
120885,2024-10-05,
120886,2023-06-16,
120887,2023-11-01,
120888,2023-01-09,227
120889,2023-03-01,
120890,2024-03-18,19
120891,2025-03-31,
120892,2023-10-13,292
120893,2025-05-14,85
120894,2025-01-09,
120895,2023-05-28,
120896,2023-08-25,289
120897,2025-03-21,
120898,2023-11-11,
120899,2024-04-02,
120900,2023-12-14,
120901,2023-11-25,
120902,2024-03-25,
120903,2023-06-24,38
120904,2025-05-07,
120905,2024-04-19,
120906,2023-06-23,14
120907,2023-10-07,
120908,2024-09-06,376
120909,2025-04-29,
120910,2024-01-26,
120911,2024-10-19,308
120912,2023-12-16,
120913,2023-10-28,
120914,2024-03-18,
120915,2024-04-13,
120916,2025-04-09,
120917,2023-03-11,117
120918,2023-10-04,
120919,2025-05-20,
120920,2023-03-02,173
120921,2024-02-10,
120922,2023-08-03,
120923,2024-10-18,
120924,2024-12-09,265
120925,2023-10-09,
120926,2025-02-20,
120927,2024-01-03,
120928,2024-08-06,
120929,2024-05-07,
120930,2024-11-25,
120931,2024-05-24,223
120932,2023-02-08,184
120933,2025-05-03,
120934,2024-07-03,261
120935,2023-06-24,
120936,2023-05-15,
120937,2024-07-07,
120938,2023-12-21,
120939,2024-04-29,
120940,2024-02-13,
120941,2024-05-08,
120942,2023-02-23,
120943,2024-04-11,
120944,2024-06-11,
120945,2025-04-19,
120946,2024-12-04,294
120947,2024-08-28,
120948,2025-03-05,
120949,2024-04-03,131
120950,2023-03-31,
120951,2024-12-11,191
120952,2023-12-03,
120953,2023-11-25,32
120954,2024-01-21,
120955,2023-06-06,
120956,2024-03-06,
120957,2024-12-09,
120958,2023-05-05,
120959,2025-02-01,
120960,2023-11-17,
120961,2023-02-05,392
120962,2024-11-19,
120963,2023-03-30,
120964,2023-05-21,
120965,2023-08-20,
120966,2024-08-18,
120967,2024-09-10,
120968,2025-05-30,203
120969,2025-05-02,
120970,2023-03-30,
120971,2023-06-23,63
120972,2025-03-20,
120973,2024-05-13,
120974,2025-01-20,
120975,2024-10-26,
120976,2023-08-08,
120977,2024-01-16,217
120978,2024-08-14,
120979,2023-02-01,
120980,2025-04-26,181
120981,2023-12-16,
120982,2024-05-03,
120983,2023-10-29,
120984,2023-11-03,
120985,2023-01-11,
120986,2023-04-17,
120987,2025-06-01,
120988,2023-12-06,
120989,2024-01-01,
120990,2025-03-10,296
120991,2023-09-02,353
120992,2023-12-11,
120993,2023-11-13,
120994,2023-04-21,33
120995,2023-08-06,
120996,2023-10-16,
120997,2023-11-21,
120998,2023-02-03,
120999,2023-10-10,
121000,2022-12-28,
121001,2024-07-18,92
121002,2025-05-04,
121003,2024-10-06,
121004,2024-11-17,
121005,2023-04-05,
121006,2024-12-05,25
121007,2023-03-17,
121008,2024-05-11,
121009,2025-02-14,
121010,2024-10-14,
121011,2025-03-08,156
121012,2024-10-01,
121013,2023-06-23,
121014,2023-03-21,
121015,2024-04-11,
121016,2023-01-31,
121017,2024-01-31,
121018,2023-09-07,
121019,2023-10-16,
121020,2023-02-16,
121021,2024-11-27,
121022,2024-04-01,383
121023,2025-01-07,
121024,2024-04-28,
121025,2023-01-31,
121026,2023-06-04,199
121027,2023-10-05,
121028,2023-09-23,
121029,2023-01-23,
121030,2023-08-03,
121031,2025-04-22,
121032,2024-01-09,
121033,2024-11-29,
121034,2023-04-04,
121035,2023-10-17,397
121036,2024-09-09,327
121037,2025-04-26,
121038,2023-09-15,
121039,2024-02-12,278
121040,2023-05-04,
121041,2023-12-12,
121042,2024-09-15,382
121043,2024-12-29,
121044,2025-03-03,
121045,2025-04-10,
121046,2023-10-18,
121047,2024-11-27,77
121048,2023-03-26,
121049,2025-04-13,
121050,2023-03-30,
121051,2025-02-01,
121052,2022-12-30,
121053,2023-04-18,
121054,2023-10-12,
121055,2025-02-09,
121056,2023-02-22,366
121057,2023-02-06,
121058,2025-05-17,35
121059,2025-03-31,
121060,2023-05-23,
121061,2023-06-26,
121062,2024-10-18,
121063,2023-06-05,
121064,2023-08-31,
121065,2025-01-27,373
121066,2025-02-06,
121067,2025-04-13,
121068,2024-04-07,
121069,2024-09-06,
121070,2023-08-18,
121071,2025-02-24,188
121072,2024-01-18,
121073,2024-03-16,
121074,2023-02-20,
121075,2025-04-23,
121076,2023-05-28,
121077,2025-04-14,
121078,2025-02-09,
121079,2024-01-13,
121080,2024-03-27,
121081,2023-05-24,
121082,2023-09-22,374
121083,2024-10-21,121
121084,2024-06-28,
121085,2024-10-04,
121086,2023-11-19,
121087,2025-01-11,209
121088,2024-10-28,
121089,2024-08-28,
121090,2024-09-26,
121091,2025-04-20,
121092,2023-10-09,
121093,2025-05-03,
121094,2024-08-31,64
121095,2024-06-11,
121096,2024-06-20,
121097,2024-09-26,
121098,2024-02-27,
121099,2023-05-06,
121100,2024-05-31,
121101,2024-01-28,
121102,2023-01-11,
121103,2023-02-27,
121104,2023-10-02,
121105,2024-01-18,
121106,2023-06-30,
121107,2023-10-31,
121108,2024-12-08,
121109,2024-12-02,
121110,2023-12-28,168
121111,2024-04-09,
121112,2025-03-02,
121113,2024-10-18,140
121114,2025-01-11,385
121115,2023-05-14,265
121116,2024-03-15,
121117,2023-03-16,
121118,2024-04-05,
121119,2023-06-05,
121120,2024-04-15,55
121121,2024-07-13,
121122,2024-11-23,
121123,2025-03-30,
121124,2024-02-09,
121125,2023-10-19,
121126,2023-04-21,
121127,2025-05-14,
121128,2024-05-30,
121129,2024-09-15,
121130,2024-01-24,
121131,2025-01-09,110
121132,2023-08-24,
121133,2023-09-09,288
121134,2024-12-27,
121135,2024-12-19,
121136,2024-02-13,
121137,2025-05-10,
121138,2024-07-22,
121139,2023-12-07,
121140,2023-08-16,
121141,2024-10-26,
121142,2024-06-13,
121143,2025-04-26,
121144,2023-12-08,
121145,2024-10-19,249
121146,2025-05-07,326
121147,2024-07-29,353
121148,2025-06-04,
121149,2024-11-27,391
121150,2025-04-07,
121151,2024-08-22,
121152,2025-03-16,
121153,2024-11-29,
121154,2024-12-20,
121155,2023-09-08,324
121156,2024-01-03,
121157,2023-03-29,
121158,2023-12-16,149
121159,2024-02-25,
121160,2023-11-16,
121161,2024-05-09,
121162,2024-09-19,
121163,2024-02-27,
121164,2025-01-07,
121165,2023-04-10,
121166,2023-10-02,
121167,2023-03-16,36
121168,2023-08-19,232
121169,2023-10-22,
121170,2024-08-08,
121171,2025-01-23,
121172,2024-06-19,
121173,2023-06-07,
121174,2023-04-10,
121175,2023-12-14,
121176,2025-05-04,115
121177,2023-12-16,
121178,2023-02-21,337
121179,2025-06-03,272
121180,2024-07-31,269
121181,2025-04-08,
121182,2023-08-19,
121183,2025-01-23,169
121184,2023-04-30,
121185,2023-01-02,200
121186,2023-03-09,30
121187,2025-03-03,
121188,2023-08-14,
121189,2023-02-08,
121190,2024-11-19,
121191,2025-02-03,
121192,2024-11-11,
121193,2025-04-18,
121194,2025-05-30,
121195,2025-02-09,
121196,2023-05-05,
121197,2024-02-19,
121198,2025-02-06,41
121199,2023-09-28,
121200,2025-03-21,354
121201,2023-10-05,74
121202,2025-04-14,113
121203,2024-06-04,30
121204,2024-01-10,
121205,2023-10-13,
121206,2024-09-01,79
121207,2024-01-06,
121208,2023-03-18,
121209,2025-02-09,
121210,2024-03-04,
121211,2025-03-01,
121212,2023-01-20,21
121213,2025-02-22,
121214,2024-04-11,
121215,2025-01-15,152
121216,2023-09-05,
121217,2024-09-16,
121218,2023-04-17,
121219,2025-03-28,
121220,2024-05-17,
121221,2024-09-24,
121222,2023-02-07,
121223,2023-09-26,344
121224,2024-12-18,
121225,2024-08-14,
121226,2023-05-30,370
121227,2023-07-27,
121228,2023-07-08,
121229,2023-04-14,
121230,2023-10-07,
121231,2023-10-10,
121232,2023-06-23,
121233,2024-11-04,
121234,2023-07-24,
121235,2023-03-19,
121236,2024-01-19,
121237,2024-07-02,225
121238,2024-01-27,
121239,2024-02-14,270
121240,2023-10-14,
121241,2023-11-19,
121242,2024-09-01,
121243,2024-05-01,
121244,2024-12-17,102
121245,2023-01-22,
121246,2025-02-02,
121247,2024-03-08,
121248,2023-03-02,
121249,2023-09-30,
121250,2024-12-27,
121251,2024-08-29,
121252,2023-05-26,336
121253,2024-06-17,
121254,2025-01-24,
121255,2023-04-29,211
121256,2023-07-02,
121257,2024-02-10,
121258,2023-07-13,
121259,2023-10-10,
121260,2024-12-05,5
121261,2025-02-09,
121262,2023-04-01,
121263,2023-05-01,
121264,2025-06-05,
121265,2023-04-08,
121266,2023-08-19,
121267,2023-07-17,
121268,2023-02-23,
121269,2024-01-12,
121270,2025-04-22,59
121271,2025-01-22,
121272,2023-03-05,
121273,2024-06-14,
121274,2024-04-20,
121275,2024-11-25,
121276,2025-04-16,
121277,2023-02-13,
121278,2023-09-10,
121279,2023-11-27,
121280,2023-02-26,
121281,2024-07-27,235
121282,2023-09-05,
121283,2024-02-19,
121284,2024-05-19,
121285,2025-06-03,
121286,2023-05-07,
121287,2025-01-08,
121288,2024-12-09,282
121289,2024-09-20,
121290,2023-12-12,
121291,2023-07-05,
121292,2023-08-13,104
121293,2024-08-07,
121294,2025-05-05,
121295,2023-10-06,
121296,2025-02-23,
121297,2025-04-15,
121298,2023-09-14,148
121299,2024-07-31,252
121300,2023-01-05,
121301,2023-03-15,
121302,2024-05-08,
121303,2023-03-09,
121304,2024-12-04,
121305,2023-05-20,
121306,2023-11-13,
121307,2024-12-22,
121308,2023-09-29,
121309,2024-08-14,
121310,2024-05-04,
121311,2024-03-01,
121312,2023-08-27,
121313,2024-03-11,
121314,2024-02-17,377
121315,2023-01-18,
121316,2025-05-22,
121317,2024-05-09,
121318,2023-09-17,
121319,2024-04-12,215
121320,2023-08-22,
121321,2023-02-19,
121322,2023-06-06,
121323,2025-01-11,
121324,2024-04-16,18
121325,2023-07-30,
121326,2024-03-11,
121327,2023-02-27,
121328,2023-10-25,
121329,2024-05-11,
121330,2024-09-26,164
121331,2025-05-05,
121332,2023-11-05,
121333,2024-11-27,
121334,2023-01-26,
121335,2024-10-16,
121336,2023-09-27,
121337,2023-09-26,
121338,2023-11-21,
121339,2025-02-06,32
121340,2023-04-27,
121341,2024-10-10,
121342,2024-11-30,176
121343,2023-06-10,
121344,2023-01-27,
121345,2023-09-20,
121346,2025-03-29,
121347,2025-02-02,
121348,2023-01-01,
121349,2023-01-16,
121350,2023-02-07,97
121351,2024-07-31,
121352,2025-04-26,
121353,2024-12-20,
121354,2023-06-05,
121355,2024-06-25,
121356,2023-09-28,
121357,2024-11-14,
121358,2023-12-24,
121359,2025-05-01,
121360,2023-03-03,
121361,2023-08-20,
121362,2023-12-12,
121363,2024-02-25,
121364,2024-01-25,205
121365,2024-02-24,248
121366,2025-02-13,
121367,2024-12-07,
121368,2024-09-02,
121369,2023-09-30,
121370,2023-01-11,
121371,2024-06-15,
121372,2024-03-10,
121373,2024-04-19,
121374,2023-03-11,
121375,2023-08-21,
121376,2024-08-10,
121377,2025-04-22,
121378,2024-10-24,
121379,2023-09-15,
121380,2023-05-17,
121381,2024-05-31,212
121382,2023-10-05,
121383,2024-08-01,
121384,2024-01-24,
121385,2024-03-07,
121386,2024-07-31,
121387,2024-06-18,
121388,2025-02-18,158
121389,2023-12-01,
121390,2024-04-17,
121391,2023-09-06,
121392,2023-04-29,
121393,2023-05-23,
121394,2025-02-12,
121395,2023-11-27,
121396,2024-06-19,
121397,2025-02-11,240
121398,2023-05-02,
121399,2024-03-23,
121400,2023-10-25,
121401,2024-08-28,327
121402,2024-04-19,
121403,2024-01-04,
121404,2023-08-23,
121405,2025-03-16,
121406,2023-02-20,
121407,2024-12-06,
121408,2024-02-27,
121409,2023-10-15,
121410,2023-12-09,199
121411,2024-06-24,
121412,2023-11-08,
121413,2025-01-06,
121414,2025-01-08,
121415,2023-07-08,
121416,2023-03-13,
121417,2024-06-23,
121418,2023-12-16,
121419,2024-06-30,
121420,2025-05-24,
121421,2024-10-07,
121422,2024-07-08,
121423,2025-03-16,
121424,2023-06-10,
121425,2023-05-04,
121426,2024-07-07,
121427,2024-10-29,
121428,2024-09-23,371
121429,2024-10-21,
121430,2023-03-13,
121431,2025-03-02,
121432,2023-07-05,
121433,2024-04-20,
121434,2024-09-19,
121435,2025-06-07,
121436,2024-06-25,
121437,2025-01-03,377
121438,2024-08-25,
121439,2024-01-01,
121440,2024-12-14,
121441,2024-03-01,
121442,2023-01-26,
121443,2024-08-27,
121444,2024-09-03,
121445,2023-11-01,
121446,2025-02-07,
121447,2023-12-24,
121448,2024-12-14,
121449,2024-06-29,
121450,2024-09-15,162
121451,2025-05-26,
121452,2023-06-26,14
121453,2025-01-12,
121454,2023-08-02,
121455,2023-05-02,
121456,2025-02-11,
121457,2025-02-12,299
121458,2024-08-11,
121459,2023-02-09,213
121460,2025-02-09,
121461,2023-12-15,
121462,2024-05-05,
121463,2023-06-02,164
121464,2024-05-18,
121465,2023-03-15,187
121466,2025-06-06,268
121467,2024-05-18,
121468,2023-11-26,
121469,2024-02-21,110
121470,2023-10-09,99
121471,2023-10-16,
121472,2025-04-12,
121473,2024-11-10,
121474,2024-09-28,
121475,2023-06-10,
121476,2023-02-17,
121477,2025-05-03,
121478,2024-03-25,
121479,2024-02-06,247
121480,2023-08-23,
121481,2025-02-19,
121482,2024-02-05,
121483,2024-03-27,
121484,2023-01-04,
121485,2024-06-26,
121486,2023-09-01,187
121487,2024-05-09,144
121488,2023-11-23,
121489,2023-08-09,
121490,2024-04-21,
121491,2024-11-30,
121492,2025-01-30,
121493,2024-06-21,
121494,2024-07-14,
121495,2024-06-27,
121496,2024-08-10,
121497,2023-01-10,
121498,2024-07-29,
121499,2023-03-07,353
121500,2024-12-13,
121501,2024-06-26,
121502,2024-01-02,
121503,2024-05-31,
121504,2024-11-04,
121505,2023-01-11,
121506,2025-04-22,240
121507,2024-12-12,117
121508,2023-02-01,
121509,2023-11-28,
121510,2025-04-03,
121511,2023-08-25,
121512,2024-11-05,
121513,2024-09-13,321
121514,2024-09-28,
121515,2025-05-07,
121516,2023-07-22,123
121517,2025-03-17,
121518,2024-02-01,348
121519,2025-04-16,
121520,2023-01-03,
121521,2025-06-09,127
121522,2023-12-01,
121523,2025-03-30,
121524,2025-06-09,
121525,2023-04-14,
121526,2023-08-09,
121527,2024-10-24,37
121528,2024-07-03,
121529,2024-04-26,
121530,2025-02-05,143
121531,2023-08-21,
121532,2024-04-14,
121533,2024-03-30,
121534,2024-04-08,
121535,2025-05-26,
121536,2023-07-25,215
121537,2023-07-18,
121538,2025-05-27,
121539,2024-03-17,309
121540,2023-08-02,
121541,2024-05-14,271
121542,2023-10-19,
121543,2023-11-13,
121544,2025-01-30,
121545,2023-03-09,
121546,2023-01-18,
121547,2023-06-06,
121548,2024-01-11,
121549,2023-02-24,
121550,2025-01-24,
121551,2024-06-11,
121552,2023-10-11,
121553,2023-09-25,
121554,2025-05-16,
121555,2024-11-19,
121556,2024-09-10,
121557,2024-09-09,
121558,2023-08-31,
121559,2024-05-13,
121560,2024-03-18,
121561,2024-04-22,
121562,2025-02-10,
121563,2025-04-09,
121564,2023-01-23,
121565,2023-01-27,94
121566,2025-01-08,
121567,2024-11-11,
121568,2024-03-06,263
121569,2024-11-04,
121570,2024-09-04,
121571,2023-02-04,
121572,2024-01-20,
121573,2025-03-12,
121574,2023-11-26,
121575,2024-02-29,
121576,2024-12-24,
121577,2024-08-18,
121578,2024-08-06,251
121579,2023-05-04,
121580,2025-05-06,220
121581,2024-08-17,136
121582,2023-12-09,
121583,2023-05-21,51
121584,2022-12-31,325
121585,2023-03-27,
121586,2023-12-26,
121587,2024-03-20,
121588,2024-07-10,
121589,2025-03-12,
121590,2024-06-19,
121591,2024-06-10,359
121592,2025-02-11,
121593,2025-06-06,387
121594,2023-03-19,
121595,2023-05-02,
121596,2023-07-09,
121597,2024-10-17,
121598,2023-09-07,
121599,2023-06-30,
121600,2024-06-16,
121601,2023-06-29,
121602,2025-01-17,77
121603,2023-10-28,110
121604,2023-07-12,
121605,2023-01-09,131
121606,2023-03-19,2
121607,2023-04-09,95
121608,2025-04-06,
121609,2023-11-28,
121610,2023-12-08,
121611,2024-11-18,
121612,2023-02-15,
121613,2024-04-15,31
121614,2025-05-25,
121615,2024-12-13,
121616,2025-04-13,
121617,2023-02-03,
121618,2024-07-18,
121619,2024-02-04,
121620,2024-06-26,
121621,2024-01-29,
121622,2024-04-21,
121623,2023-08-17,
121624,2024-10-30,
121625,2023-05-19,
121626,2023-04-26,12
121627,2024-10-01,
121628,2024-04-11,
121629,2025-05-18,
121630,2024-03-27,
121631,2025-03-28,
121632,2024-01-17,
121633,2023-10-22,
121634,2023-05-18,180
121635,2023-04-29,
121636,2025-03-20,
121637,2024-09-25,271
121638,2024-05-27,
121639,2025-01-30,
121640,2024-08-18,
121641,2024-06-06,68
121642,2024-06-08,
121643,2023-11-16,
121644,2024-08-09,
121645,2023-05-07,
121646,2023-06-30,276
121647,2024-01-30,
121648,2024-09-01,
121649,2024-10-04,
121650,2023-04-04,
121651,2024-08-26,
121652,2024-02-18,
121653,2024-01-04,359
121654,2023-10-29,
121655,2024-08-10,
121656,2024-11-21,
121657,2023-11-14,
121658,2024-06-20,
121659,2024-12-13,
121660,2023-01-09,286
121661,2024-10-28,237
121662,2024-12-17,279
121663,2024-10-01,
121664,2024-07-12,
121665,2024-06-29,12
121666,2024-11-17,
121667,2023-06-15,
121668,2024-05-10,
121669,2023-05-28,
121670,2024-06-08,
121671,2023-04-09,234
121672,2024-10-04,
121673,2025-03-17,295
121674,2024-05-20,
121675,2023-01-13,
121676,2023-01-11,
121677,2024-07-01,
121678,2023-08-31,198
121679,2023-03-23,
121680,2023-11-22,26
121681,2025-01-14,
121682,2024-12-13,
121683,2023-03-20,
121684,2023-08-31,
121685,2024-01-27,
121686,2023-10-28,
121687,2023-05-06,
121688,2024-01-15,215
121689,2024-12-14,
121690,2024-04-24,
121691,2024-07-18,
121692,2025-05-01,85
121693,2024-02-13,
121694,2023-11-03,
121695,2025-06-04,
121696,2024-02-23,
121697,2025-03-24,
121698,2024-05-27,
121699,2024-08-13,
121700,2023-01-25,
121701,2023-11-19,
121702,2025-04-27,
121703,2024-11-09,
121704,2023-04-26,66
121705,2023-10-17,
121706,2023-04-11,382
121707,2023-11-17,
121708,2024-07-15,
121709,2023-01-01,170
121710,2023-09-13,
121711,2024-01-25,
121712,2024-06-06,
121713,2023-12-06,
121714,2023-09-24,
121715,2024-06-12,
121716,2025-04-05,95
121717,2023-11-24,
121718,2023-04-23,223
121719,2025-03-04,
121720,2023-03-25,
121721,2023-05-24,
121722,2024-09-09,400
121723,2023-05-03,382
121724,2023-12-28,
121725,2023-03-10,
121726,2023-04-08,
121727,2024-01-01,
121728,2023-08-23,
121729,2023-11-02,397
121730,2023-02-28,
121731,2025-03-17,4
121732,2024-05-06,
121733,2023-04-06,237
121734,2024-03-15,
121735,2025-03-07,
121736,2024-08-09,
121737,2023-05-17,
121738,2025-02-21,
121739,2024-10-14,
121740,2024-02-06,
121741,2023-01-13,
121742,2024-05-29,
121743,2023-01-30,
121744,2023-04-17,
121745,2023-10-25,309
121746,2023-10-17,
121747,2024-08-07,
121748,2023-01-18,
121749,2024-06-15,
121750,2024-04-09,
121751,2023-09-16,
121752,2025-02-24,
121753,2023-07-05,
121754,2023-01-07,
121755,2025-04-28,169
121756,2024-04-08,
121757,2023-04-10,
121758,2023-07-08,
121759,2024-09-26,
121760,2025-05-25,
121761,2024-10-18,
121762,2024-08-10,
121763,2024-07-18,
121764,2024-04-05,264
121765,2024-12-06,
121766,2024-08-11,146
121767,2025-03-11,
121768,2023-09-01,
121769,2023-07-10,251
121770,2024-03-11,261
121771,2023-02-25,
121772,2024-06-05,117
121773,2024-01-26,101
121774,2024-02-03,
121775,2024-06-11,
121776,2023-06-29,
121777,2024-04-05,
121778,2023-01-23,
121779,2023-04-05,
121780,2024-09-06,
121781,2024-08-18,318
121782,2024-02-29,
121783,2025-01-27,55
121784,2024-07-10,141
121785,2025-01-17,
121786,2023-05-04,
121787,2023-01-29,
121788,2025-01-12,
121789,2024-10-29,
121790,2023-08-16,
121791,2023-02-21,116
121792,2025-04-01,
121793,2024-06-08,
121794,2024-11-21,
121795,2024-05-28,257
121796,2023-09-26,
121797,2024-11-13,26
121798,2025-05-21,
121799,2024-10-14,
121800,2023-06-22,
121801,2024-10-01,177
121802,2023-11-05,
121803,2024-03-19,
121804,2023-12-18,
121805,2024-11-05,115
121806,2023-02-03,
121807,2023-08-16,
121808,2024-10-10,
121809,2023-04-10,
121810,2025-01-15,210
121811,2024-11-09,330
121812,2024-08-13,155
121813,2024-07-12,
121814,2023-09-16,256
121815,2024-09-05,
121816,2023-07-08,355
121817,2024-01-07,
121818,2025-02-15,
121819,2024-05-08,
121820,2023-10-21,175
121821,2024-05-13,239
121822,2025-02-05,
121823,2023-08-18,
121824,2023-03-21,
121825,2023-09-18,267
121826,2025-01-23,
121827,2023-01-15,
121828,2023-09-12,
121829,2025-02-07,
121830,2023-04-01,
121831,2025-04-20,
121832,2023-11-22,
121833,2023-04-13,
121834,2023-03-30,
121835,2024-12-19,147
121836,2023-04-14,
121837,2023-09-11,
121838,2023-01-28,
121839,2025-05-01,
121840,2024-09-10,
121841,2023-12-16,
121842,2024-03-05,
121843,2024-12-17,
121844,2025-05-21,196
121845,2023-01-04,81
121846,2024-12-31,
121847,2023-12-13,
121848,2024-05-13,
121849,2025-02-27,
121850,2024-04-28,
121851,2023-11-06,
121852,2023-02-01,
121853,2024-03-02,
121854,2024-11-25,
121855,2024-11-04,
121856,2024-11-30,195
121857,2024-05-31,
121858,2023-05-18,
121859,2023-03-18,
121860,2023-06-18,
121861,2023-12-15,
121862,2023-03-16,
121863,2023-10-23,
121864,2024-11-19,
121865,2023-08-18,
121866,2023-11-07,
121867,2023-10-24,
121868,2023-07-23,
121869,2025-04-21,374
121870,2023-04-14,
121871,2023-06-07,
121872,2025-03-02,
121873,2023-04-09,322
121874,2024-05-19,
121875,2023-08-17,361
121876,2024-07-08,
121877,2024-07-02,
121878,2023-01-20,
121879,2025-01-22,
121880,2023-05-03,
121881,2024-02-01,90
121882,2024-06-22,
121883,2024-04-07,
121884,2024-03-16,
121885,2024-08-15,
121886,2023-07-19,
121887,2023-01-16,
121888,2024-06-14,267
121889,2024-04-28,
121890,2024-06-12,
121891,2025-03-27,
121892,2024-11-09,
121893,2024-09-05,
121894,2023-06-11,
121895,2023-11-03,
121896,2023-10-10,191
121897,2024-01-08,
121898,2023-02-03,
121899,2023-08-25,
121900,2023-01-06,
121901,2023-08-21,
121902,2023-05-09,
121903,2023-01-21,
121904,2023-12-12,
121905,2024-12-07,95
121906,2024-12-31,
121907,2024-10-10,
121908,2023-08-21,
121909,2023-11-29,
121910,2023-10-08,
121911,2023-11-10,310
121912,2024-06-07,
121913,2024-07-28,
121914,2024-05-28,
121915,2023-12-20,
121916,2025-03-22,
121917,2024-11-08,
121918,2024-06-23,
121919,2023-03-07,
121920,2025-05-04,
121921,2024-06-21,259
121922,2024-12-07,
121923,2025-02-20,276
121924,2023-09-24,
121925,2023-04-02,343
121926,2023-01-02,
121927,2024-02-05,
121928,2024-03-20,
121929,2023-01-15,
121930,2024-12-23,
121931,2023-04-10,
121932,2024-04-16,
121933,2023-06-19,
121934,2024-09-07,
121935,2023-10-29,
121936,2023-12-29,
121937,2023-03-23,
121938,2024-07-11,
121939,2024-11-26,
121940,2023-04-02,
121941,2025-03-05,
121942,2023-03-31,
121943,2023-03-12,
121944,2023-02-03,
121945,2024-07-09,349
121946,2023-12-12,
121947,2023-03-20,
121948,2025-02-17,
121949,2025-03-29,287
121950,2023-06-01,
121951,2023-07-03,
121952,2024-02-18,
121953,2025-01-26,
121954,2024-10-12,
121955,2023-10-04,373
121956,2025-04-15,
121957,2023-09-03,
121958,2025-05-31,
121959,2023-01-31,
121960,2025-02-05,
121961,2025-05-19,
121962,2025-04-07,
121963,2023-03-10,311
121964,2024-11-27,
121965,2023-08-02,
121966,2024-11-10,
121967,2025-02-21,
121968,2024-09-14,165
121969,2025-02-12,
121970,2024-02-27,
121971,2024-04-11,250
121972,2024-10-20,
121973,2023-07-16,
121974,2024-03-01,52
121975,2024-11-06,
121976,2023-02-14,
121977,2025-02-22,
121978,2025-03-16,
121979,2025-02-02,
121980,2023-10-13,232
121981,2023-11-12,269
121982,2023-09-08,
121983,2023-11-27,
121984,2023-09-11,226
121985,2024-02-07,
121986,2024-11-21,
121987,2024-01-02,
121988,2025-03-02,
121989,2025-05-18,
121990,2023-11-23,
121991,2023-06-11,
121992,2025-04-05,153
121993,2025-06-07,
121994,2023-12-21,216
121995,2024-09-27,
121996,2023-10-15,
121997,2024-07-26,
121998,2023-11-27,372
121999,2023-03-23,
122000,2025-04-23,
122001,2024-07-20,
122002,2024-03-10,
122003,2024-05-17,
122004,2025-04-06,
122005,2023-06-28,
122006,2023-03-06,
122007,2023-09-17,
122008,2024-09-27,
122009,2025-04-12,
122010,2024-09-27,
122011,2025-03-04,
122012,2023-04-24,
122013,2024-08-12,
122014,2024-07-03,
122015,2024-03-25,
122016,2023-03-08,
122017,2023-11-18,
122018,2023-02-05,
122019,2025-04-09,
122020,2025-02-01,
122021,2023-01-16,
122022,2024-08-09,
122023,2024-11-26,
122024,2024-02-18,301
122025,2025-02-07,151
122026,2024-07-05,
122027,2023-11-23,
122028,2024-06-10,163
122029,2024-07-07,
122030,2023-12-23,31
122031,2023-12-19,
122032,2025-03-10,
122033,2024-09-10,
122034,2024-08-23,161
122035,2024-02-17,70
122036,2025-01-26,
122037,2023-10-17,
122038,2025-02-19,138
122039,2023-07-21,
122040,2023-10-07,20
122041,2023-02-02,
122042,2025-01-10,
122043,2025-01-25,359
122044,2023-11-14,
122045,2024-07-25,
122046,2024-06-12,
122047,2024-10-02,
122048,2023-12-25,104
122049,2023-10-24,
122050,2025-02-08,
122051,2023-06-24,331
122052,2025-05-26,
122053,2023-03-12,
122054,2023-10-31,
122055,2024-12-31,350
122056,2023-07-01,
122057,2022-12-31,
122058,2023-02-17,
122059,2024-12-27,
122060,2023-10-13,
122061,2023-11-21,65
122062,2024-07-30,
122063,2024-07-25,342
122064,2024-12-15,
122065,2023-09-02,
122066,2025-02-24,
122067,2023-08-03,
122068,2024-11-25,
122069,2023-12-13,384
122070,2024-08-10,
122071,2023-10-26,
122072,2024-09-13,
122073,2023-11-20,
122074,2024-01-13,
122075,2024-12-24,
122076,2024-06-28,
122077,2024-10-12,
122078,2023-08-22,
122079,2023-12-06,
122080,2023-06-20,305
122081,2024-07-05,
122082,2025-03-23,
122083,2024-12-25,164
122084,2023-12-03,
122085,2023-03-19,
122086,2025-04-22,
122087,2025-02-16,
122088,2023-03-29,
122089,2023-05-10,
122090,2025-02-14,
122091,2023-03-28,
122092,2023-01-05,
122093,2025-03-21,
122094,2024-09-01,
122095,2024-11-18,
122096,2023-07-18,
122097,2023-10-23,
122098,2023-01-04,47
122099,2024-10-25,
122100,2024-08-27,
122101,2025-04-25,
122102,2023-03-06,186
122103,2024-03-07,
122104,2024-09-16,
122105,2023-04-28,
122106,2023-12-20,
122107,2024-08-05,
122108,2023-12-12,149
122109,2023-11-01,
122110,2023-08-09,
122111,2024-08-14,385
122112,2023-04-13,190
122113,2025-02-06,
122114,2023-09-10,124
122115,2024-11-11,
122116,2025-04-13,
122117,2024-11-14,
122118,2024-10-17,
122119,2023-09-26,
122120,2023-03-14,
122121,2023-06-12,
122122,2023-05-24,
122123,2024-07-18,
122124,2024-02-13,
122125,2025-01-11,
122126,2023-10-25,62
122127,2025-04-02,
122128,2024-10-09,
122129,2024-10-24,
122130,2024-02-04,
122131,2023-04-02,
122132,2024-02-09,30
122133,2023-02-06,337
122134,2023-08-14,
122135,2024-04-19,269
122136,2023-09-20,
122137,2024-10-30,114
122138,2024-12-04,16
122139,2023-07-22,
122140,2023-01-10,
122141,2025-01-28,
122142,2024-02-25,
122143,2025-02-25,
122144,2025-04-15,
122145,2023-05-28,
122146,2024-11-18,
122147,2024-07-08,
122148,2023-08-30,
122149,2024-01-18,
122150,2025-05-18,
122151,2023-10-01,
122152,2024-07-23,
122153,2023-11-16,125
122154,2025-04-10,
122155,2024-03-27,
122156,2023-07-25,
122157,2023-08-29,
122158,2023-02-06,
122159,2024-04-09,
122160,2024-06-19,36
122161,2023-04-15,
122162,2025-02-11,274
122163,2023-01-31,93
122164,2024-05-20,
122165,2023-06-04,
122166,2024-07-19,
122167,2023-01-05,
122168,2025-02-16,
122169,2023-09-01,
122170,2024-07-18,17
122171,2023-12-17,349
122172,2024-06-15,
122173,2024-04-22,329
122174,2023-03-14,
122175,2023-03-22,57
122176,2024-07-08,
122177,2023-05-30,
122178,2024-06-02,
122179,2024-01-21,
122180,2024-06-08,
122181,2023-06-03,
122182,2023-08-13,
122183,2024-06-20,
122184,2024-05-31,
122185,2023-07-28,
122186,2024-05-15,169
122187,2025-03-09,
122188,2024-04-22,
122189,2024-11-01,
122190,2024-02-27,
122191,2023-05-03,280
122192,2023-11-27,
122193,2023-04-29,
122194,2024-02-10,
122195,2023-07-28,
122196,2023-11-26,38
122197,2024-06-25,
122198,2024-06-26,380
122199,2023-06-19,
122200,2024-09-19,343
122201,2023-02-07,81
122202,2025-04-28,237
122203,2023-12-02,
122204,2025-05-27,
122205,2024-06-18,
122206,2023-07-14,
122207,2024-05-30,264
122208,2024-03-17,
122209,2023-09-29,
122210,2025-03-13,202
122211,2023-02-21,333
122212,2023-10-16,
122213,2024-12-06,
122214,2023-11-18,
122215,2024-05-19,375
122216,2023-10-07,
122217,2024-04-01,
122218,2025-04-05,
122219,2024-11-08,107
122220,2024-06-06,
122221,2024-09-01,
122222,2024-07-21,
122223,2025-05-14,
122224,2023-04-21,
122225,2023-09-30,272
122226,2024-12-15,
122227,2024-12-12,
122228,2022-12-30,
122229,2023-12-12,
122230,2023-07-04,
122231,2024-07-24,
122232,2023-10-18,
122233,2024-08-14,
122234,2024-07-10,161
122235,2024-03-17,
122236,2023-08-18,
122237,2024-04-20,
122238,2025-05-09,
122239,2024-07-22,188
122240,2023-09-19,
122241,2024-12-04,
122242,2025-04-29,
122243,2023-07-27,175
122244,2023-08-07,
122245,2024-10-04,
122246,2024-12-07,
122247,2024-02-02,233
122248,2023-03-24,
122249,2024-04-24,
122250,2023-04-11,
122251,2024-06-27,
122252,2023-07-17,
122253,2024-08-05,148
122254,2024-09-10,
122255,2023-05-21,
122256,2023-08-07,
122257,2024-11-29,
122258,2025-05-30,
122259,2023-05-08,
122260,2023-01-09,
122261,2025-04-06,
122262,2024-09-29,
122263,2023-04-08,
122264,2024-01-17,
122265,2023-11-25,
122266,2024-03-05,
122267,2024-10-12,
122268,2023-11-15,285
122269,2023-06-24,382
122270,2023-09-13,128
122271,2024-12-05,
122272,2024-02-15,
122273,2025-05-27,
122274,2025-01-11,
122275,2025-06-09,
122276,2023-01-20,357
122277,2023-04-22,
122278,2024-02-14,
122279,2025-03-21,
122280,2023-04-26,52
122281,2023-07-31,
122282,2024-10-22,
122283,2023-11-08,
122284,2024-12-16,284
122285,2024-08-23,100
122286,2022-12-31,
122287,2023-12-19,126
122288,2025-03-21,
122289,2023-06-01,
122290,2023-11-01,
122291,2023-06-19,
122292,2023-04-30,
122293,2023-02-28,148
122294,2024-05-25,
122295,2024-11-01,
122296,2023-10-23,
122297,2024-07-01,
122298,2025-06-03,
122299,2023-11-08,
122300,2023-04-22,
122301,2023-05-07,
122302,2024-05-07,
122303,2023-08-29,
122304,2024-03-30,
122305,2023-07-13,
122306,2023-03-09,125
122307,2023-08-31,
122308,2023-12-07,
122309,2024-07-13,
122310,2024-01-12,
122311,2024-06-15,
122312,2025-03-08,
122313,2024-02-28,
122314,2024-07-15,
122315,2024-09-12,
122316,2024-06-11,121
122317,2024-03-03,
122318,2025-05-25,
122319,2023-12-06,
122320,2023-03-12,229
122321,2023-06-18,
122322,2023-07-19,
122323,2024-05-03,148
122324,2023-02-26,
122325,2024-08-03,
122326,2023-03-08,
122327,2024-02-12,
122328,2023-09-30,
122329,2025-03-17,212
122330,2023-03-03,
122331,2024-06-16,
122332,2024-06-20,
122333,2023-01-24,
122334,2023-11-10,
122335,2024-02-11,236
122336,2025-01-18,
122337,2025-02-12,362
122338,2024-04-14,
122339,2025-03-08,
122340,2025-02-06,
122341,2023-07-19,374
122342,2024-07-16,
122343,2024-03-29,
122344,2025-03-16,106
122345,2024-03-23,38
122346,2024-05-01,83
122347,2025-03-24,
122348,2024-05-15,
122349,2025-03-27,
122350,2023-12-23,
122351,2025-05-14,360
122352,2023-08-30,
122353,2024-09-24,
122354,2024-08-23,
122355,2023-09-10,
122356,2023-01-14,
122357,2024-01-19,389
122358,2023-01-26,
122359,2025-01-17,
122360,2024-11-15,
122361,2025-03-07,
122362,2023-07-10,
122363,2024-09-16,
122364,2023-04-27,
122365,2024-12-30,
122366,2025-04-09,
122367,2024-05-31,
122368,2025-01-23,
122369,2025-05-29,
122370,2024-02-07,
122371,2024-02-23,
122372,2024-12-03,
122373,2023-09-21,
122374,2024-02-06,
122375,2024-08-18,76
122376,2025-02-22,
122377,2024-08-24,
122378,2023-11-10,
122379,2024-12-13,
122380,2023-12-13,
122381,2024-06-26,
122382,2024-12-30,
122383,2024-01-12,152
122384,2023-06-19,
122385,2023-06-09,129
122386,2023-08-25,
122387,2023-03-21,
122388,2023-07-08,
122389,2023-03-22,
122390,2024-06-06,
122391,2024-12-01,
122392,2023-07-29,
122393,2024-05-30,177
122394,2023-04-27,
122395,2023-02-02,
122396,2024-09-13,
122397,2025-01-26,165
122398,2025-02-25,
122399,2023-03-30,296
122400,2025-03-11,
122401,2024-05-28,
122402,2023-09-02,
122403,2023-01-15,
122404,2024-05-19,
122405,2024-02-08,336
122406,2023-01-07,
122407,2024-10-02,
122408,2023-09-20,
122409,2025-02-05,
122410,2024-04-26,
122411,2024-06-16,
122412,2023-04-29,
122413,2024-10-02,
122414,2024-02-09,
122415,2024-03-13,
122416,2023-12-12,
122417,2022-12-31,
122418,2024-04-04,
122419,2023-06-07,
122420,2024-09-18,
122421,2023-02-05,
122422,2023-07-05,
122423,2024-11-16,
122424,2024-07-10,
122425,2023-11-06,
122426,2024-05-20,
122427,2024-08-19,
122428,2023-04-26,
122429,2023-02-17,
122430,2025-03-18,
122431,2023-01-27,
122432,2024-12-20,
122433,2024-11-11,102
122434,2024-10-12,270
122435,2024-03-01,
122436,2024-11-20,
122437,2023-03-06,
122438,2025-01-11,397
122439,2024-11-08,
122440,2024-09-14,
122441,2023-05-06,
122442,2023-09-21,
122443,2024-03-07,
122444,2023-09-19,
122445,2023-03-08,
122446,2023-03-12,380
122447,2025-05-01,
122448,2023-08-02,
122449,2023-01-07,
122450,2025-03-11,
122451,2024-08-28,
122452,2024-10-20,262
122453,2023-09-12,
122454,2023-03-31,132
122455,2023-08-15,
122456,2025-05-20,
122457,2023-01-28,
122458,2025-04-09,
122459,2024-08-24,
122460,2023-11-05,
122461,2024-01-06,
122462,2023-06-24,
122463,2025-05-28,
122464,2024-05-27,
122465,2024-04-28,
122466,2024-01-01,313
122467,2023-06-13,
122468,2023-01-27,186
122469,2023-07-21,
122470,2025-05-05,
122471,2023-04-01,
122472,2024-05-13,
122473,2024-04-08,102
122474,2023-06-20,13
122475,2025-06-01,225
122476,2024-07-14,
122477,2024-05-20,
122478,2024-05-07,
122479,2023-02-06,
122480,2025-05-26,
122481,2024-03-17,
122482,2024-06-24,
122483,2023-02-07,291
122484,2023-04-02,
122485,2025-05-25,
122486,2024-08-26,
122487,2024-01-07,
122488,2023-01-31,
122489,2023-09-06,
122490,2023-05-19,
122491,2024-12-17,
122492,2023-09-27,
122493,2023-11-12,
122494,2023-07-15,310
122495,2024-04-02,
122496,2024-04-05,216
122497,2023-02-26,
122498,2024-09-05,
122499,2024-10-19,
122500,2024-12-17,
122501,2024-11-04,
122502,2024-07-21,
122503,2023-03-07,
122504,2023-04-20,
122505,2025-05-30,
122506,2024-09-01,
122507,2023-11-23,
122508,2023-05-18,
122509,2024-08-21,
122510,2023-10-03,
122511,2023-01-31,
122512,2024-03-17,
122513,2023-08-21,
122514,2023-10-19,282
122515,2024-04-01,
122516,2023-03-12,
122517,2024-03-02,
122518,2024-11-27,
122519,2023-12-19,388
122520,2025-03-06,115
122521,2024-07-23,
122522,2023-05-10,18
122523,2024-07-17,
122524,2025-03-11,
122525,2023-01-04,
122526,2023-11-17,
122527,2024-05-28,
122528,2024-10-28,
122529,2023-02-03,
122530,2023-04-04,
122531,2023-06-05,
122532,2025-06-04,
122533,2023-12-26,
122534,2024-11-25,
122535,2023-05-07,
122536,2024-07-21,
122537,2024-09-12,
122538,2024-06-17,
122539,2024-04-06,
122540,2024-12-10,
122541,2023-12-19,
122542,2024-06-21,31
122543,2023-07-25,
122544,2023-10-11,
122545,2024-10-24,
122546,2023-08-31,10
122547,2024-12-21,
122548,2024-02-03,
122549,2023-10-03,
122550,2023-01-20,
122551,2023-02-06,
122552,2024-08-27,
122553,2024-01-14,
122554,2024-03-08,
122555,2023-12-11,
122556,2024-11-29,243
122557,2023-03-10,
122558,2025-05-19,
122559,2024-03-16,86
122560,2023-03-26,
122561,2024-11-08,
122562,2023-06-18,
122563,2023-12-14,
122564,2023-08-09,
122565,2024-05-08,
122566,2025-04-23,239
122567,2024-12-24,
122568,2024-04-06,
122569,2023-08-22,225
122570,2023-10-19,
122571,2023-03-16,
122572,2023-09-27,
122573,2023-04-04,
122574,2023-09-17,
122575,2023-12-07,110
122576,2024-07-25,
122577,2024-11-02,
122578,2024-03-13,
122579,2024-10-04,350
122580,2024-07-17,87
122581,2023-08-08,336
122582,2024-10-29,
122583,2024-12-18,
122584,2023-07-05,
122585,2023-02-07,215
122586,2023-03-21,
122587,2024-01-30,
122588,2023-06-20,
122589,2025-03-09,209
122590,2024-01-28,
122591,2024-09-12,14
122592,2024-11-24,166
122593,2023-11-24,
122594,2024-04-26,
122595,2025-03-24,98
122596,2023-05-11,
122597,2025-01-27,359
122598,2024-11-24,18
122599,2023-11-09,
122600,2023-12-28,
122601,2025-01-10,
122602,2023-03-25,
122603,2024-01-27,
122604,2024-05-28,
122605,2024-10-10,
122606,2024-02-01,
122607,2023-05-26,
122608,2024-01-01,
122609,2023-07-22,
122610,2024-12-20,
122611,2024-02-27,
122612,2024-09-16,
122613,2023-12-02,
122614,2023-12-21,
122615,2023-02-22,
122616,2025-04-22,
122617,2023-05-19,
122618,2023-08-07,
122619,2023-07-25,
122620,2025-01-30,347
122621,2024-04-23,
122622,2025-03-18,
122623,2025-05-11,
122624,2024-07-07,
122625,2024-06-22,
122626,2023-12-25,10
122627,2023-12-08,285
122628,2024-04-19,
122629,2025-02-01,
122630,2024-03-27,
122631,2023-02-17,295
122632,2025-05-02,
122633,2024-07-15,
122634,2023-12-21,
122635,2025-01-29,
122636,2025-01-31,
122637,2025-03-05,
122638,2024-12-15,
122639,2023-09-27,182
122640,2024-06-22,
122641,2024-11-15,52
122642,2024-08-19,
122643,2023-12-30,
122644,2024-05-21,
122645,2023-11-18,
122646,2024-07-26,
122647,2023-04-16,
122648,2024-01-31,
122649,2023-08-21,
122650,2024-04-26,
122651,2023-05-09,
122652,2023-03-24,
122653,2023-09-07,
122654,2025-01-12,
122655,2024-10-09,
122656,2023-10-03,
122657,2024-04-14,
122658,2025-04-21,
122659,2023-10-15,199
122660,2023-03-30,
122661,2023-02-11,
122662,2024-05-27,
122663,2025-03-30,
122664,2023-08-03,
122665,2024-07-15,
122666,2025-06-02,326
122667,2023-11-19,373
122668,2025-02-01,
122669,2023-11-14,
122670,2023-06-15,
122671,2024-10-15,397
122672,2024-11-10,
122673,2025-04-28,
122674,2025-03-11,
122675,2023-05-09,
122676,2023-09-25,
122677,2024-02-26,
122678,2023-05-31,
122679,2024-08-24,
122680,2024-08-20,
122681,2024-07-01,
122682,2023-06-02,
122683,2024-05-27,197
122684,2023-01-22,291
122685,2023-12-02,
122686,2023-12-20,
122687,2023-03-25,
122688,2023-12-31,
122689,2024-03-20,
122690,2024-02-29,
122691,2025-05-20,
122692,2025-05-13,
122693,2025-05-13,81
122694,2023-03-01,106
122695,2024-04-26,
122696,2024-09-02,
122697,2023-02-03,
122698,2022-12-29,
122699,2025-01-21,
122700,2024-09-07,
122701,2024-08-08,211
122702,2025-03-11,
122703,2023-05-21,334
122704,2024-11-21,
122705,2024-01-07,391
122706,2023-04-14,
122707,2025-03-26,
122708,2024-06-28,
122709,2023-07-13,129
122710,2025-05-20,
122711,2024-06-24,
122712,2023-02-02,74
122713,2023-03-12,
122714,2025-05-08,
122715,2023-02-28,
122716,2024-12-24,
122717,2023-01-19,287
122718,2024-02-26,181
122719,2024-10-15,
122720,2022-12-28,
122721,2023-03-06,
122722,2024-11-28,
122723,2023-03-20,324
122724,2023-05-26,
122725,2024-08-18,
122726,2023-10-22,
122727,2024-12-30,
122728,2025-01-15,
122729,2024-09-28,
122730,2024-10-04,265
122731,2025-03-01,
122732,2024-03-11,
122733,2023-05-23,
122734,2024-11-30,
122735,2023-10-22,
122736,2024-08-10,
122737,2024-04-12,
122738,2024-10-02,
122739,2024-10-06,
122740,2024-09-04,
122741,2024-05-13,
122742,2023-02-25,
122743,2024-11-06,215
122744,2025-02-07,32
122745,2024-03-16,
122746,2023-06-17,344
122747,2025-03-27,
122748,2023-10-22,
122749,2024-06-12,
122750,2023-04-28,
122751,2023-06-09,
122752,2023-05-14,
122753,2024-02-13,
122754,2023-02-18,
122755,2024-06-30,
122756,2023-02-10,
122757,2024-02-20,
122758,2025-01-22,396
122759,2025-05-03,299
122760,2023-10-10,
122761,2024-11-21,202
122762,2023-08-06,
122763,2023-01-15,
122764,2024-02-02,
122765,2024-06-20,
122766,2025-05-02,
122767,2024-08-17,
122768,2023-05-30,
122769,2024-01-08,
122770,2024-05-23,
122771,2023-02-02,
122772,2025-03-29,
122773,2025-05-02,
122774,2023-10-08,
122775,2024-06-06,
122776,2024-02-19,
122777,2023-06-01,
122778,2024-03-20,
122779,2025-04-06,
122780,2024-02-25,
122781,2024-02-26,
122782,2023-07-26,
122783,2023-05-29,228
122784,2023-04-11,
122785,2024-12-17,
122786,2023-07-10,
122787,2025-02-08,
122788,2024-10-03,
122789,2024-04-05,
122790,2024-06-05,
122791,2023-10-03,
122792,2023-01-07,
122793,2023-03-22,
122794,2025-03-07,
122795,2024-08-12,130
122796,2023-07-06,
122797,2024-04-01,
122798,2023-01-02,
122799,2024-01-09,
122800,2023-04-01,
122801,2023-06-22,86
122802,2023-06-14,55
122803,2024-05-09,
122804,2023-10-20,
122805,2024-02-04,
122806,2024-02-16,
122807,2025-04-26,
122808,2023-10-03,
122809,2023-01-18,396
122810,2025-05-28,
122811,2024-05-06,
122812,2025-04-16,
122813,2025-05-02,
122814,2024-03-22,
122815,2024-04-17,
122816,2023-10-14,
122817,2025-05-29,
122818,2023-08-27,
122819,2024-07-01,
122820,2024-07-04,231
122821,2023-09-01,
122822,2023-07-08,
122823,2023-02-18,
122824,2024-10-22,
122825,2023-12-22,
122826,2024-11-22,
122827,2023-04-10,
122828,2024-11-29,
122829,2025-02-22,
122830,2025-04-05,
122831,2024-07-11,147
122832,2024-06-17,
122833,2024-10-14,307
122834,2023-11-11,
122835,2023-07-10,
122836,2024-06-03,
122837,2024-02-06,
122838,2025-01-06,
122839,2024-11-11,
122840,2024-07-09,
122841,2023-11-07,
122842,2024-05-22,173
122843,2025-02-21,114
122844,2024-08-31,
122845,2024-08-12,
122846,2025-01-31,
122847,2024-08-13,
122848,2024-04-17,
122849,2024-05-04,
122850,2024-09-03,
122851,2024-08-11,
122852,2023-10-18,
122853,2025-02-22,
122854,2023-01-31,
122855,2023-06-21,
122856,2024-08-09,
122857,2025-04-03,
122858,2024-07-10,
122859,2023-12-19,
122860,2025-05-31,381
122861,2023-05-24,234
122862,2024-02-10,148
122863,2023-12-21,
122864,2024-01-06,188
122865,2025-01-20,
122866,2025-01-06,
122867,2023-11-24,28
122868,2025-03-24,
122869,2023-01-18,
122870,2025-01-23,
122871,2025-06-06,
122872,2024-10-14,
122873,2024-10-04,
122874,2023-11-05,
122875,2023-05-16,
122876,2023-06-10,
122877,2023-10-10,
122878,2024-06-18,
122879,2023-12-02,
122880,2025-02-28,
122881,2023-06-04,
122882,2024-10-17,
122883,2024-08-08,
122884,2024-10-17,
122885,2023-08-29,
122886,2025-02-21,
122887,2023-05-05,88
122888,2023-01-28,
122889,2023-10-09,
122890,2024-02-04,
122891,2023-08-21,
122892,2023-02-27,303
122893,2024-12-12,244
122894,2024-12-06,
122895,2024-07-14,
122896,2023-11-17,
122897,2024-08-29,
122898,2024-10-19,
122899,2024-03-17,
122900,2024-05-11,
122901,2024-10-11,
122902,2023-12-03,
122903,2023-05-05,
122904,2023-09-29,
122905,2023-09-13,
122906,2023-05-25,
122907,2023-07-26,
122908,2024-02-26,
122909,2024-02-15,
122910,2023-09-20,
122911,2023-08-23,
122912,2024-03-08,
122913,2023-09-06,53
122914,2024-07-17,
122915,2023-01-01,
122916,2023-10-28,
122917,2023-03-22,16
122918,2023-12-05,
122919,2024-05-25,
122920,2024-03-04,
122921,2023-12-21,
122922,2024-01-08,
122923,2024-02-07,
122924,2024-10-23,
122925,2024-05-03,
122926,2025-02-19,150
122927,2024-07-27,
122928,2025-02-17,
122929,2024-03-03,
122930,2024-11-09,
122931,2023-11-15,
122932,2024-04-02,
122933,2024-07-22,
122934,2024-06-24,
122935,2023-05-28,
122936,2024-03-26,
122937,2023-02-22,317
122938,2025-02-17,
122939,2024-03-13,
122940,2023-01-29,
122941,2023-05-04,
122942,2024-01-16,
122943,2025-03-06,
122944,2023-04-01,
122945,2024-05-16,
122946,2024-03-12,
122947,2024-10-07,
122948,2025-04-10,
122949,2024-03-16,
122950,2024-02-19,
122951,2023-07-10,
122952,2024-02-10,
122953,2023-08-01,264
122954,2023-06-11,
122955,2024-02-07,118
122956,2024-06-19,20
122957,2024-05-24,
122958,2025-02-28,
122959,2025-01-17,
122960,2025-05-12,
122961,2025-03-24,
122962,2024-12-22,158
122963,2023-08-07,72
122964,2024-08-06,
122965,2023-06-28,353
122966,2024-01-07,
122967,2025-02-14,300
122968,2024-03-31,
122969,2024-01-25,
122970,2025-02-27,215
122971,2023-11-12,212
122972,2024-03-10,
122973,2025-04-27,368
122974,2024-07-22,
122975,2024-03-15,
122976,2023-04-25,
122977,2023-03-04,311
122978,2023-02-27,
122979,2025-03-04,305
122980,2023-05-22,148
122981,2024-02-09,
122982,2024-09-24,
122983,2023-04-14,
122984,2024-10-16,
122985,2024-12-08,371
122986,2023-06-14,339
122987,2024-10-06,88
122988,2025-04-27,
122989,2024-08-19,
122990,2023-08-13,
122991,2023-04-06,
122992,2024-09-06,
122993,2023-10-06,
122994,2025-05-31,
122995,2024-03-10,266
122996,2025-05-24,366
122997,2023-08-28,
122998,2024-01-28,
122999,2024-10-29,
123000,2023-12-31,
123001,2024-11-09,
123002,2024-03-23,
123003,2025-04-29,
123004,2023-07-01,
123005,2023-08-17,6
123006,2023-11-25,
123007,2024-09-21,
123008,2023-08-27,
123009,2025-01-06,
123010,2024-06-15,
123011,2024-03-15,
123012,2024-02-19,
123013,2025-03-19,
123014,2025-04-22,
123015,2025-02-21,
123016,2025-05-15,
123017,2025-01-30,
123018,2025-04-04,
123019,2025-04-16,83
123020,2023-03-11,
123021,2023-09-08,
123022,2023-06-18,101
123023,2025-05-12,
123024,2024-05-27,
123025,2023-05-18,
123026,2023-02-24,
123027,2023-01-01,168
123028,2024-08-01,
123029,2024-03-26,
123030,2025-03-12,
123031,2025-04-26,
123032,2025-03-16,
123033,2023-06-12,
123034,2023-01-16,
123035,2023-07-06,
123036,2024-12-17,
123037,2023-08-18,
123038,2023-08-19,
123039,2024-01-31,
123040,2024-05-13,
123041,2024-05-15,4
123042,2023-06-03,
123043,2024-09-27,
123044,2025-05-18,12
123045,2025-04-08,396
123046,2025-04-29,
123047,2025-02-24,
123048,2024-04-12,76
123049,2023-09-17,371
123050,2024-11-04,340
123051,2023-10-17,
123052,2024-02-29,
123053,2024-09-12,
123054,2024-07-17,122
123055,2024-02-27,379
123056,2024-03-17,
123057,2024-03-24,
123058,2023-09-11,
123059,2025-03-06,
123060,2025-01-31,
123061,2025-05-23,
123062,2024-01-12,
123063,2024-03-19,
123064,2024-02-16,14
123065,2024-03-02,
123066,2023-12-16,
123067,2023-06-06,
123068,2024-02-21,
123069,2024-10-01,
123070,2023-07-11,148
123071,2024-10-10,
123072,2024-08-04,
123073,2024-01-24,
123074,2024-05-26,101
123075,2023-07-15,
123076,2024-08-01,
123077,2024-01-24,
123078,2024-10-28,
123079,2023-05-09,
123080,2023-11-30,
123081,2025-01-19,
123082,2023-12-23,
123083,2023-01-27,
123084,2025-03-01,11
123085,2023-08-25,
123086,2023-12-29,
123087,2023-10-22,101
123088,2023-09-15,343
123089,2024-01-20,
123090,2025-05-13,
123091,2023-09-18,
123092,2023-05-26,
123093,2024-08-20,
123094,2024-08-11,
123095,2023-12-11,
123096,2024-12-03,
123097,2023-09-02,
123098,2024-06-25,
123099,2024-02-27,
123100,2025-02-07,
123101,2024-07-01,
123102,2023-02-19,
123103,2024-03-10,
123104,2023-01-20,207
123105,2023-06-20,
123106,2023-12-13,128
123107,2023-08-31,
123108,2023-10-27,
123109,2024-03-22,
123110,2023-07-26,
123111,2025-02-04,
123112,2023-02-14,
123113,2024-02-21,
123114,2024-03-10,
123115,2023-04-19,51
123116,2025-03-05,
123117,2024-02-12,
123118,2023-09-02,
123119,2024-07-30,
123120,2024-07-15,
123121,2023-03-16,
123122,2024-04-11,
123123,2025-06-01,
123124,2023-05-24,
123125,2023-09-23,
123126,2024-08-05,
123127,2024-07-20,
123128,2023-01-29,
123129,2024-09-24,
123130,2023-11-15,
123131,2023-02-22,393
123132,2023-06-16,
123133,2024-09-05,
123134,2024-01-05,
123135,2024-10-03,
123136,2024-08-19,
123137,2023-04-18,
123138,2024-02-11,
123139,2024-02-13,
123140,2023-12-25,
123141,2023-03-17,
123142,2024-04-12,
123143,2025-03-14,
123144,2023-08-20,
123145,2023-10-10,
123146,2023-01-28,
123147,2025-04-18,112
123148,2023-05-06,
123149,2024-03-19,139
123150,2023-03-19,
123151,2024-02-19,
123152,2024-02-08,
123153,2023-08-06,
123154,2024-01-29,
123155,2024-08-31,
123156,2025-05-23,332
123157,2024-03-27,
123158,2023-06-09,
123159,2023-01-04,
123160,2024-02-12,
123161,2024-07-18,
123162,2025-03-15,
123163,2023-03-02,
123164,2023-02-14,
123165,2023-03-01,
123166,2025-02-21,
123167,2024-07-12,
123168,2024-08-04,333
123169,2024-11-11,
123170,2025-04-17,
123171,2024-09-16,
123172,2025-03-15,
123173,2024-10-25,
123174,2024-05-03,
123175,2023-06-28,
123176,2023-09-02,
123177,2023-05-27,
123178,2024-05-23,
123179,2023-07-02,
123180,2024-10-12,371
123181,2024-04-13,
123182,2023-08-18,
123183,2024-06-10,
123184,2023-10-04,
123185,2024-12-13,
123186,2025-03-16,62
123187,2025-01-29,
123188,2024-10-18,
123189,2023-08-12,
123190,2023-04-05,158
123191,2023-07-05,
123192,2024-02-03,
123193,2024-06-21,
123194,2025-05-27,
123195,2024-08-21,
123196,2025-03-12,282
123197,2023-01-10,
123198,2024-12-12,146
123199,2024-07-02,
123200,2024-04-14,
123201,2023-12-26,
123202,2024-07-26,
123203,2025-04-27,
123204,2023-11-10,
123205,2023-03-12,
123206,2024-08-27,
123207,2023-11-04,
123208,2023-07-07,
123209,2024-08-11,
123210,2024-09-20,
123211,2024-04-28,
123212,2023-10-20,17
123213,2024-11-12,
123214,2023-10-27,
123215,2024-10-02,
123216,2023-03-01,285
123217,2023-11-26,
123218,2025-03-23,
123219,2023-05-25,52
123220,2024-01-21,302
123221,2024-05-04,
123222,2024-10-06,
123223,2023-11-15,
123224,2025-04-06,328
123225,2024-09-29,155
123226,2024-02-13,219
123227,2023-08-29,
123228,2023-06-19,
123229,2025-02-28,
123230,2024-11-02,284
123231,2023-08-23,208
123232,2023-01-13,
123233,2023-05-10,
123234,2024-03-02,
123235,2024-07-10,
123236,2023-04-27,
123237,2023-12-13,
123238,2024-01-07,
123239,2024-10-01,
123240,2025-02-17,
123241,2023-02-17,
123242,2025-03-25,
123243,2025-01-31,
123244,2024-07-27,120
123245,2024-03-11,
123246,2024-08-15,
123247,2023-10-01,
123248,2025-02-04,
123249,2024-04-17,46
123250,2023-07-08,63
123251,2023-06-18,
123252,2023-12-18,
123253,2023-03-02,
123254,2024-10-03,
123255,2023-09-27,
123256,2025-05-13,
123257,2024-08-01,
123258,2024-07-14,
123259,2023-01-14,
123260,2023-03-30,
123261,2023-07-07,
123262,2024-03-23,
123263,2025-01-15,
123264,2023-06-20,357
123265,2025-03-02,
123266,2025-02-03,
123267,2024-01-26,92
123268,2024-11-01,
123269,2024-12-06,
123270,2024-06-25,
123271,2024-05-07,
123272,2024-09-10,
123273,2024-02-21,
123274,2025-03-25,177
123275,2025-01-16,139
123276,2023-07-27,
123277,2023-10-09,
123278,2023-06-15,
123279,2024-04-21,
123280,2024-02-03,
123281,2023-10-16,
123282,2024-07-16,
123283,2024-07-09,
123284,2024-02-22,
123285,2025-01-14,272
123286,2024-11-25,
123287,2024-02-04,
123288,2024-02-22,
123289,2023-03-03,
123290,2023-06-10,
123291,2024-10-13,327
123292,2024-07-18,
123293,2023-11-13,
123294,2025-06-02,
123295,2025-03-23,
123296,2024-06-06,
123297,2023-09-30,
123298,2025-04-20,
123299,2024-12-29,
123300,2024-08-15,
123301,2024-11-23,181
123302,2024-11-30,
123303,2024-07-24,
123304,2025-02-22,
123305,2024-03-08,
123306,2024-07-06,
123307,2023-01-23,305
123308,2024-10-27,
123309,2025-02-01,
123310,2023-08-05,
123311,2025-06-03,
123312,2024-01-25,
123313,2023-05-04,
123314,2023-11-14,
123315,2023-09-27,
123316,2023-09-08,
123317,2023-10-14,
123318,2024-11-20,132
123319,2023-04-03,96
123320,2024-11-02,
123321,2024-06-26,
123322,2023-02-22,
123323,2025-02-23,
123324,2024-06-17,
123325,2023-04-10,
123326,2024-07-30,
123327,2024-12-29,
123328,2023-06-22,126
123329,2023-09-03,
123330,2023-02-28,
123331,2024-11-08,
123332,2023-05-06,
123333,2025-02-24,
123334,2024-07-27,
123335,2023-02-02,
123336,2025-03-15,
123337,2025-01-24,
123338,2024-04-01,
123339,2023-03-08,
123340,2025-04-10,
123341,2024-01-15,
123342,2024-07-24,
123343,2025-01-20,
123344,2024-04-23,
123345,2024-07-03,
123346,2023-10-19,
123347,2024-11-16,
123348,2024-12-28,
123349,2025-03-29,
123350,2024-08-06,
123351,2023-06-20,
123352,2023-07-06,
123353,2023-12-29,
123354,2023-11-15,
123355,2024-06-02,
123356,2023-09-28,
123357,2024-02-08,
123358,2024-11-24,
123359,2024-05-15,
123360,2023-11-30,264
123361,2025-04-30,
123362,2023-09-01,
123363,2023-04-23,297
123364,2023-02-26,
123365,2025-01-10,
123366,2024-03-03,344
123367,2023-07-21,77
123368,2023-07-07,
123369,2023-05-24,
123370,2023-12-10,
123371,2023-12-28,
123372,2024-04-02,
123373,2024-02-20,
123374,2023-02-09,
123375,2024-07-31,
123376,2025-02-22,
123377,2024-03-26,
123378,2024-02-25,
123379,2025-04-04,
123380,2025-03-08,
123381,2023-07-31,
123382,2024-11-27,378
123383,2023-08-29,
123384,2024-01-01,264
123385,2024-10-12,
123386,2023-05-29,
123387,2024-02-01,
123388,2023-08-13,
123389,2025-04-18,331
123390,2024-07-15,
123391,2025-05-06,
123392,2023-09-21,
123393,2024-12-24,
123394,2023-07-19,
123395,2024-09-03,
123396,2024-05-27,4
123397,2024-02-12,
123398,2024-06-06,
123399,2025-04-14,
123400,2024-08-24,276
123401,2023-07-05,
123402,2024-10-15,
123403,2023-07-15,
123404,2023-02-19,
123405,2024-05-08,83
123406,2024-10-10,
123407,2023-10-15,
123408,2025-03-07,
123409,2024-01-10,
123410,2025-06-08,7
123411,2023-06-11,
123412,2023-04-12,
123413,2023-06-08,
123414,2023-06-02,
123415,2025-01-02,
123416,2023-06-06,321
123417,2023-04-12,
123418,2025-05-07,
123419,2024-01-01,
123420,2025-06-01,
123421,2023-10-14,
123422,2024-02-15,
123423,2023-06-19,
123424,2023-10-22,
123425,2023-11-30,
123426,2023-11-16,
123427,2023-02-06,
123428,2023-12-29,
123429,2024-09-03,
123430,2024-09-19,66
123431,2024-10-08,
123432,2025-05-12,
123433,2023-05-21,
123434,2025-01-17,
123435,2025-03-29,
123436,2024-02-06,299
123437,2023-04-06,
123438,2024-05-08,
123439,2025-05-24,376
123440,2024-12-27,
123441,2025-05-27,
123442,2025-05-20,
123443,2023-10-27,
123444,2023-11-07,
123445,2024-07-04,
123446,2023-12-27,340
123447,2025-05-20,
123448,2025-02-06,
123449,2023-02-12,
123450,2023-04-23,
123451,2023-08-19,
123452,2024-06-28,
123453,2023-11-13,
123454,2023-06-12,
123455,2023-11-22,
123456,2025-03-31,
123457,2023-02-22,282
123458,2023-04-27,93
123459,2025-01-17,
123460,2023-04-09,400
123461,2023-02-25,
123462,2025-01-17,
123463,2024-07-26,
123464,2025-01-07,
123465,2024-08-12,
123466,2025-03-26,
123467,2024-12-25,
123468,2023-10-01,
123469,2024-07-16,
123470,2023-11-30,
123471,2024-02-11,
123472,2024-06-19,202
123473,2023-01-13,
123474,2023-06-21,
123475,2024-05-27,
123476,2023-06-28,
123477,2024-04-28,298
123478,2024-10-04,
123479,2025-04-05,
123480,2025-05-15,
123481,2023-04-13,
123482,2023-06-13,
123483,2023-02-07,
123484,2023-02-13,
123485,2025-03-06,333
123486,2023-02-22,
123487,2023-06-09,
123488,2024-09-01,245
123489,2024-09-29,
123490,2024-05-29,
123491,2024-09-28,
123492,2025-03-04,
123493,2024-08-01,
123494,2023-04-17,
123495,2024-12-06,
123496,2025-03-07,
123497,2025-01-24,
123498,2023-08-13,
123499,2023-04-10,
123500,2024-02-25,
123501,2023-09-12,
123502,2025-06-01,266
123503,2024-06-06,
123504,2023-07-06,216
123505,2024-05-23,
123506,2025-04-23,
123507,2023-11-10,
123508,2023-01-04,293
123509,2023-01-27,
123510,2024-12-28,
123511,2023-03-06,
123512,2023-12-24,213
123513,2024-05-06,264
123514,2024-05-31,
123515,2024-04-21,
123516,2024-03-07,
123517,2023-05-09,
123518,2025-05-04,212
123519,2024-01-27,
123520,2024-03-02,
123521,2024-03-29,
123522,2023-07-11,
123523,2023-12-22,
123524,2025-05-09,
123525,2023-07-17,58
123526,2023-03-12,
123527,2023-09-17,362
123528,2025-03-17,
123529,2024-05-07,312
123530,2025-04-09,
123531,2024-10-31,
123532,2024-02-29,
123533,2024-07-30,
123534,2025-05-08,290
123535,2024-10-22,
123536,2023-03-22,
123537,2024-10-18,
123538,2024-09-24,
123539,2024-07-24,
123540,2024-05-22,
123541,2024-12-07,
123542,2023-06-21,355
123543,2024-04-28,
123544,2023-01-04,
123545,2024-07-07,345
123546,2023-08-19,
123547,2024-07-24,
123548,2025-05-16,
123549,2023-05-02,
123550,2024-03-23,
123551,2023-10-08,
123552,2023-12-16,
123553,2023-05-19,
123554,2024-07-11,223
123555,2025-05-10,65
123556,2023-11-19,
123557,2023-12-04,
123558,2025-03-02,
123559,2023-07-29,
123560,2024-06-18,
123561,2024-11-12,
123562,2023-11-30,
123563,2024-06-24,
123564,2023-10-17,
123565,2023-04-28,314
123566,2023-02-09,
123567,2023-01-11,
123568,2024-02-08,
123569,2025-02-24,
123570,2024-03-22,
123571,2024-08-27,94
123572,2023-12-14,
123573,2023-07-06,
123574,2024-11-06,353
123575,2025-04-10,
123576,2023-01-01,163
123577,2023-04-29,
123578,2023-08-22,
123579,2023-08-25,
123580,2024-05-05,
123581,2023-07-30,
123582,2025-01-24,1
123583,2024-06-14,
123584,2023-10-10,
123585,2023-10-04,
123586,2025-05-13,
123587,2023-09-14,
123588,2023-04-08,
123589,2024-07-05,
123590,2023-03-04,
123591,2024-01-09,
123592,2025-01-22,
123593,2023-02-28,169
123594,2024-11-14,336
123595,2025-04-25,
123596,2024-11-27,126
123597,2024-02-23,
123598,2023-06-07,
123599,2024-04-20,
123600,2024-03-02,
123601,2024-07-08,
123602,2023-06-08,
123603,2023-08-26,
123604,2025-02-10,
123605,2023-09-17,
123606,2024-06-08,
123607,2024-06-01,
123608,2024-12-24,
123609,2024-03-18,206
123610,2024-06-19,
123611,2025-05-22,
123612,2025-02-20,
123613,2024-06-11,
123614,2023-11-06,
123615,2025-01-22,
123616,2024-09-20,
123617,2024-05-23,
123618,2024-04-10,
123619,2024-10-22,
123620,2023-02-14,
123621,2024-12-30,
123622,2025-03-05,
123623,2023-12-01,
123624,2023-10-17,
123625,2023-06-05,
123626,2024-06-17,
123627,2024-10-30,
123628,2023-10-29,
123629,2023-07-23,381
123630,2025-04-04,
123631,2023-12-29,
123632,2023-12-21,152
123633,2024-12-05,
123634,2024-02-25,
123635,2024-02-12,
123636,2025-04-09,
123637,2024-10-08,
123638,2024-09-28,76
123639,2023-10-03,
123640,2024-08-26,
123641,2025-02-19,
123642,2023-01-30,
123643,2023-01-16,
123644,2023-06-24,
123645,2024-09-26,
123646,2023-01-15,147
123647,2024-05-07,
123648,2023-10-16,
123649,2024-03-02,
123650,2025-05-21,
123651,2024-02-11,
123652,2023-07-31,
123653,2025-02-07,
123654,2023-05-31,336
123655,2023-03-25,
123656,2024-07-19,
123657,2024-08-27,
123658,2023-12-20,
123659,2023-03-16,
123660,2024-06-06,
123661,2024-08-23,181
123662,2024-11-04,81
123663,2024-01-01,116
123664,2025-02-27,374
123665,2025-03-19,
123666,2024-12-28,
123667,2023-11-05,334
123668,2023-03-10,218
123669,2024-11-25,
123670,2024-12-23,
123671,2024-03-16,
123672,2023-05-26,
123673,2023-04-10,
123674,2024-08-21,161
123675,2025-03-01,
123676,2025-04-21,
123677,2025-04-22,
123678,2024-07-26,
123679,2025-01-30,
123680,2024-11-23,
123681,2024-11-06,
123682,2024-10-22,
123683,2023-06-30,
123684,2023-04-09,
123685,2024-05-28,
123686,2023-04-21,
123687,2023-09-26,
123688,2023-11-07,
123689,2023-10-17,
123690,2024-05-25,123
123691,2023-01-25,177
123692,2025-05-16,
123693,2024-03-11,
123694,2024-09-10,
123695,2024-03-24,227
123696,2023-07-08,
123697,2025-01-31,98
123698,2023-05-02,
123699,2023-06-21,
123700,2023-11-19,
123701,2023-06-10,
123702,2025-01-19,
123703,2025-04-13,
123704,2023-01-28,381
123705,2024-04-12,
123706,2023-10-08,
123707,2024-01-11,
123708,2025-02-18,
123709,2023-02-02,339
123710,2024-07-17,
123711,2024-05-31,
123712,2023-10-19,6
123713,2023-08-20,
123714,2024-04-28,385
123715,2025-04-07,
123716,2025-06-08,
123717,2023-03-08,
123718,2025-05-26,
123719,2024-08-04,
123720,2025-03-01,
123721,2024-02-20,
123722,2025-04-24,
123723,2023-09-18,
123724,2024-05-07,399
123725,2025-02-21,
123726,2025-01-20,
123727,2024-02-17,214
123728,2024-08-27,
123729,2024-02-24,
123730,2023-04-04,
123731,2024-09-12,
123732,2024-04-30,
123733,2025-05-13,149
123734,2024-06-12,124
123735,2024-10-27,
123736,2023-10-07,
123737,2024-12-30,
123738,2023-03-12,
123739,2025-04-30,
123740,2025-05-31,
123741,2024-03-21,
123742,2025-02-11,
123743,2023-01-25,
123744,2025-05-08,
123745,2025-01-07,
123746,2023-05-08,
123747,2025-01-20,
123748,2024-08-20,
123749,2023-06-25,
123750,2023-03-10,
123751,2023-01-31,
123752,2024-09-08,
123753,2025-01-25,
123754,2023-03-16,
123755,2024-03-17,
123756,2023-09-19,228
123757,2025-02-15,
123758,2023-10-28,
123759,2023-02-20,332
123760,2023-04-06,
123761,2024-12-02,
123762,2024-11-22,
123763,2024-02-03,194
123764,2023-04-24,
123765,2023-02-23,65
123766,2024-09-27,
123767,2023-05-26,
123768,2024-11-29,
123769,2023-06-05,
123770,2024-10-02,
123771,2025-01-03,
123772,2023-05-31,
123773,2023-10-08,
123774,2024-03-17,
123775,2024-04-29,
123776,2024-01-09,207
123777,2023-04-23,
123778,2024-01-20,
123779,2023-01-06,
123780,2024-05-18,
123781,2024-11-01,29
123782,2024-12-29,
123783,2024-10-17,288
123784,2023-12-03,
123785,2023-12-24,
123786,2023-06-04,
123787,2023-03-07,
123788,2024-06-18,
123789,2024-06-21,
123790,2023-02-12,
123791,2025-04-04,395
123792,2024-12-08,
123793,2024-08-10,
123794,2025-01-29,163
123795,2023-12-17,
123796,2025-03-27,
123797,2024-02-29,
123798,2023-10-03,
123799,2024-10-15,145
123800,2023-09-22,
123801,2025-06-04,
123802,2023-02-19,
123803,2023-10-20,
123804,2023-09-12,
123805,2023-12-02,
123806,2023-01-15,
123807,2023-02-16,
123808,2024-12-01,
123809,2024-09-25,
123810,2024-04-12,
123811,2023-02-23,
123812,2023-02-10,
123813,2025-04-11,
123814,2025-02-24,
123815,2024-12-11,107
123816,2023-02-24,
123817,2024-04-14,
123818,2023-08-25,
123819,2023-06-03,
123820,2023-10-17,
123821,2024-10-21,
123822,2025-02-25,
123823,2023-02-19,
123824,2025-05-22,
123825,2024-05-10,
123826,2025-02-17,
123827,2024-03-17,
123828,2024-07-11,
123829,2023-04-13,74
123830,2024-06-28,
123831,2023-06-11,
123832,2023-03-02,207
123833,2023-10-25,
123834,2023-01-21,
123835,2025-05-04,
123836,2024-06-15,
123837,2024-08-11,313
123838,2025-02-23,
123839,2024-08-29,
123840,2025-02-25,
123841,2024-12-15,
123842,2023-04-05,
123843,2025-03-09,
123844,2023-08-31,
123845,2025-04-30,
123846,2023-07-20,
123847,2023-02-15,
123848,2024-04-08,
123849,2023-07-08,
123850,2023-10-17,94
123851,2025-02-02,
123852,2024-09-04,81
123853,2025-04-16,
123854,2024-07-03,398
123855,2024-10-10,
123856,2023-05-24,
123857,2025-03-27,
123858,2024-02-02,
123859,2025-04-20,
123860,2024-03-31,
123861,2024-11-07,
123862,2023-01-28,
123863,2024-07-11,
123864,2023-03-05,
123865,2025-05-30,
123866,2023-05-25,
123867,2023-08-01,146
123868,2025-01-11,
123869,2024-07-13,
123870,2023-01-18,118
123871,2023-01-31,
123872,2024-12-04,
123873,2023-05-04,
123874,2025-02-26,
123875,2023-07-27,
123876,2025-02-01,130
123877,2025-05-28,
123878,2024-04-18,370
123879,2024-04-22,
123880,2024-07-01,
123881,2023-02-17,
123882,2025-04-15,94
123883,2023-03-22,89
123884,2023-03-20,
123885,2023-12-01,
123886,2025-04-14,
123887,2024-02-03,51
123888,2023-05-15,
123889,2024-01-02,
123890,2023-06-26,330
123891,2024-03-22,
123892,2023-09-16,
123893,2025-03-05,
123894,2024-12-27,
123895,2025-05-30,
123896,2023-10-29,
123897,2024-03-27,
123898,2024-08-18,
123899,2023-08-06,
123900,2024-12-28,
123901,2024-10-02,
123902,2024-01-13,
123903,2024-02-23,
123904,2023-07-27,
123905,2023-01-08,328
123906,2024-01-04,
123907,2023-08-31,
123908,2025-01-09,
123909,2024-02-12,
123910,2024-10-29,5
123911,2025-04-07,
123912,2024-08-08,
123913,2023-09-11,
123914,2023-04-12,
123915,2024-01-31,
123916,2023-05-16,
123917,2023-10-21,
123918,2024-01-26,
123919,2023-07-29,
123920,2025-05-02,
123921,2025-04-17,
123922,2024-08-18,
123923,2024-12-14,
123924,2024-02-25,
123925,2023-07-18,
123926,2024-09-09,
123927,2024-07-24,
123928,2023-03-08,75
123929,2023-01-10,
123930,2024-04-01,
123931,2023-10-12,
123932,2023-12-03,
123933,2023-03-12,
123934,2023-12-26,
123935,2024-08-17,
123936,2023-01-24,
123937,2023-10-23,
123938,2024-08-06,
123939,2024-04-29,
123940,2024-02-08,310
123941,2025-01-08,28
123942,2024-10-02,
123943,2023-02-18,66
123944,2024-02-09,
123945,2024-03-31,
123946,2024-06-11,
123947,2024-08-10,
123948,2025-02-17,
123949,2025-03-21,
123950,2024-03-23,
123951,2025-02-14,
123952,2023-02-21,
123953,2023-06-16,
123954,2023-03-23,
123955,2024-07-08,
123956,2024-06-15,
123957,2023-06-01,
123958,2023-12-01,
123959,2023-03-27,
123960,2023-12-11,
123961,2023-03-23,
123962,2023-08-13,
123963,2024-08-01,
123964,2024-05-12,
123965,2025-05-05,
123966,2024-06-30,26
123967,2025-01-24,
123968,2024-09-12,
123969,2024-05-06,
123970,2023-12-04,
123971,2024-06-20,387
123972,2024-03-13,
123973,2024-07-06,158
123974,2025-02-16,
123975,2025-01-29,
123976,2024-12-14,
123977,2023-04-08,
123978,2024-10-19,
123979,2024-01-14,194
123980,2024-11-14,
123981,2023-06-02,
123982,2023-03-13,
123983,2025-06-02,140
123984,2023-12-26,
123985,2024-01-25,
123986,2023-10-27,
123987,2024-12-23,
123988,2024-06-27,
123989,2023-01-22,
123990,2024-02-29,
123991,2024-10-19,
123992,2023-09-24,
123993,2025-04-27,
123994,2024-05-26,
123995,2023-06-18,
123996,2025-02-18,29
123997,2025-03-18,
123998,2024-02-04,
123999,2023-12-13,250
124000,2024-01-31,
124001,2024-07-12,
124002,2023-07-17,277
124003,2023-05-25,
124004,2023-02-01,
124005,2023-03-20,
124006,2023-02-24,
124007,2022-12-29,220
124008,2025-03-06,
124009,2023-02-09,
124010,2025-03-09,
124011,2024-11-20,
124012,2023-03-11,
124013,2024-09-07,
124014,2024-03-29,
124015,2024-10-03,
124016,2023-06-20,
124017,2023-04-22,
124018,2023-01-27,
124019,2023-03-04,240
124020,2023-09-30,
124021,2025-04-20,340
124022,2025-02-20,
124023,2023-08-10,
124024,2025-03-13,
124025,2024-10-14,
124026,2023-06-27,
124027,2024-03-29,
124028,2023-11-05,
124029,2024-10-21,
124030,2025-04-01,
124031,2024-05-13,198
124032,2023-07-21,
124033,2023-07-07,
124034,2023-10-28,
124035,2025-05-07,
124036,2024-12-18,
124037,2023-12-27,
124038,2024-06-29,
124039,2024-06-11,
124040,2023-03-09,
124041,2025-04-26,
124042,2023-10-22,
124043,2025-05-11,
124044,2024-02-22,
124045,2023-01-05,
124046,2023-10-30,
124047,2023-05-27,
124048,2023-02-26,
124049,2023-02-24,
124050,2023-06-12,
124051,2024-07-17,
124052,2024-09-05,
124053,2024-12-27,
124054,2023-05-06,
124055,2023-11-02,
124056,2023-08-30,
124057,2024-06-10,
124058,2024-03-19,146
124059,2024-11-09,
124060,2024-09-10,
124061,2024-02-05,
124062,2025-05-19,
124063,2024-05-09,127
124064,2025-05-06,
124065,2024-03-22,
124066,2024-10-27,
124067,2023-05-31,
124068,2023-01-11,166
124069,2023-03-04,
124070,2023-03-07,
124071,2023-05-22,
124072,2023-03-20,
124073,2023-03-01,271
124074,2023-07-20,
124075,2023-01-08,
124076,2023-07-19,
124077,2024-03-10,
124078,2025-01-07,
124079,2024-03-06,
124080,2025-03-13,
124081,2025-05-09,
124082,2023-11-25,
124083,2023-11-25,
124084,2025-02-20,
124085,2024-01-09,390
124086,2023-07-14,
124087,2023-08-14,
124088,2024-02-14,
124089,2024-07-26,
124090,2023-11-11,
124091,2025-03-10,
124092,2023-02-26,251
124093,2024-02-02,
124094,2024-02-28,
124095,2025-04-15,
124096,2023-08-03,
124097,2023-02-20,
124098,2024-07-24,
124099,2024-10-30,269
124100,2023-08-07,
124101,2023-08-23,190
124102,2024-03-14,
124103,2023-07-20,
124104,2024-05-04,
124105,2024-05-27,
124106,2024-04-22,
124107,2025-05-04,
124108,2023-03-22,
124109,2024-01-14,
124110,2024-12-29,
124111,2023-04-11,
124112,2023-08-08,
124113,2023-07-24,
124114,2024-07-07,
124115,2024-01-10,
124116,2024-09-06,
124117,2023-01-08,
124118,2025-01-25,
124119,2025-05-17,
124120,2024-12-28,
124121,2024-07-14,157
124122,2025-02-26,
124123,2023-06-18,
124124,2024-04-15,
124125,2024-02-27,389
124126,2023-10-29,
124127,2025-04-01,
124128,2023-10-06,
124129,2024-05-14,
124130,2024-12-13,
124131,2024-11-16,
124132,2025-02-28,
124133,2024-02-23,
124134,2025-01-26,
124135,2025-01-02,
124136,2024-05-28,
124137,2025-03-08,296
124138,2024-01-25,
124139,2023-09-15,82
124140,2025-05-16,
124141,2023-05-28,
124142,2024-07-01,
124143,2023-06-19,
124144,2023-02-06,
124145,2025-02-09,
124146,2024-10-05,
124147,2024-02-13,
124148,2024-01-12,
124149,2024-01-03,
124150,2025-03-12,212
124151,2023-03-11,
124152,2024-06-27,
124153,2024-06-12,
124154,2024-06-30,
124155,2023-04-14,
124156,2024-12-15,
124157,2023-01-22,
124158,2023-12-09,
124159,2025-01-28,
124160,2024-04-06,
124161,2024-12-29,
124162,2023-07-11,
124163,2024-04-28,
124164,2024-04-22,
124165,2024-12-01,
124166,2023-07-26,
124167,2025-02-11,70
124168,2023-08-18,
124169,2024-04-24,306
124170,2024-10-19,
124171,2023-08-29,
124172,2024-08-01,
124173,2025-01-10,326
124174,2024-02-03,
124175,2023-09-29,
124176,2024-09-30,
124177,2024-01-07,276
124178,2025-01-01,
124179,2025-02-28,373
124180,2025-05-20,
124181,2024-07-17,
124182,2023-04-25,272
124183,2023-11-10,
124184,2023-02-06,
124185,2023-11-27,
124186,2025-06-08,
124187,2023-10-12,327
124188,2024-07-07,
124189,2025-05-09,
124190,2024-09-07,32
124191,2024-05-29,
124192,2023-09-22,381
124193,2023-05-04,
124194,2025-02-17,387
124195,2023-08-03,
124196,2024-05-15,
124197,2025-02-17,59
124198,2025-04-21,
124199,2023-04-22,
124200,2023-10-13,
124201,2025-02-15,
124202,2023-11-22,
124203,2025-03-24,
124204,2024-01-11,
124205,2024-10-09,
124206,2025-06-02,
124207,2023-07-20,
124208,2023-10-10,
124209,2025-03-23,45
124210,2024-03-07,
124211,2024-05-19,
124212,2023-05-10,133
124213,2024-11-27,
124214,2024-08-05,
124215,2023-08-09,
124216,2023-07-01,
124217,2025-03-19,
124218,2024-01-26,
124219,2023-07-25,131
124220,2023-04-29,
124221,2024-11-12,
124222,2023-05-21,
124223,2024-10-20,26
124224,2024-06-12,
124225,2023-02-24,81
124226,2023-11-19,
124227,2023-06-13,
124228,2023-06-25,
124229,2023-06-02,
124230,2024-07-27,
124231,2025-02-18,
124232,2023-08-18,12
124233,2024-07-05,
124234,2023-03-30,
124235,2024-07-08,
124236,2023-05-21,
124237,2024-07-18,
124238,2023-04-09,39
124239,2023-07-08,
124240,2024-06-27,
124241,2024-08-18,
124242,2023-02-17,
124243,2024-02-18,
124244,2023-01-03,
124245,2023-09-04,
124246,2023-05-11,73
124247,2022-12-31,
124248,2024-09-24,
124249,2023-12-12,
124250,2025-06-07,
124251,2023-02-02,
124252,2024-10-31,
124253,2024-08-04,
124254,2023-04-08,
124255,2025-04-07,
124256,2023-06-05,
124257,2023-05-09,
124258,2023-05-10,
124259,2024-09-30,127
124260,2023-04-03,
124261,2025-02-06,
124262,2023-04-26,
124263,2025-01-05,
124264,2024-10-14,
124265,2024-08-22,244
124266,2024-04-09,
124267,2025-05-13,
124268,2023-12-24,
124269,2023-08-08,
124270,2024-05-11,
124271,2024-11-14,113
124272,2022-12-31,187
124273,2025-01-25,
124274,2024-11-20,
124275,2024-08-09,280
124276,2024-08-17,
124277,2023-12-08,
124278,2024-11-12,
124279,2023-09-17,299
124280,2025-06-09,
124281,2024-06-25,
124282,2023-02-03,
124283,2024-04-06,41
124284,2025-04-12,
124285,2023-11-14,
124286,2024-03-05,138
124287,2025-04-05,135
124288,2023-04-15,
124289,2024-06-06,
124290,2024-07-17,
124291,2025-03-24,350
124292,2023-04-24,
124293,2023-08-20,
124294,2023-09-11,
124295,2023-09-23,
124296,2025-05-16,
124297,2023-03-06,
124298,2025-02-12,
124299,2025-01-16,
124300,2023-03-04,
124301,2024-08-18,
124302,2024-03-30,140
124303,2024-08-29,
124304,2023-12-04,
124305,2023-01-15,
124306,2025-04-22,
124307,2023-03-16,
124308,2025-01-02,
124309,2024-11-01,
124310,2024-10-18,
124311,2025-05-13,
124312,2024-04-04,
124313,2024-12-30,
124314,2024-04-05,115
124315,2025-05-29,
124316,2024-10-01,
124317,2024-02-20,55
124318,2023-12-26,
124319,2024-02-09,
124320,2023-05-04,
124321,2025-04-30,
124322,2023-09-20,
124323,2023-04-11,44
124324,2023-07-23,
124325,2024-10-29,
124326,2023-10-23,
124327,2023-05-31,
124328,2023-04-28,
124329,2025-01-16,
124330,2023-09-12,
124331,2024-06-08,
124332,2023-06-15,
124333,2023-10-19,
124334,2024-11-24,86
124335,2025-01-10,
124336,2023-10-14,
124337,2023-02-14,
124338,2024-07-31,
124339,2025-05-19,
124340,2025-04-12,283
124341,2023-05-12,
124342,2024-10-24,
124343,2023-02-13,
124344,2023-08-10,
124345,2025-01-03,
124346,2025-05-16,
124347,2023-06-07,
124348,2024-10-21,134
124349,2023-04-21,
124350,2023-06-30,
124351,2023-01-19,
124352,2023-02-03,
124353,2025-02-03,
124354,2024-08-08,385
124355,2024-02-29,76
124356,2023-11-19,111
124357,2024-09-04,
124358,2023-10-03,187
124359,2025-02-10,
124360,2023-05-01,
124361,2025-05-01,
124362,2024-12-05,
124363,2025-04-28,
124364,2025-05-07,
124365,2024-04-29,18
124366,2024-01-14,
124367,2024-05-27,289
124368,2023-11-17,
124369,2023-03-22,
124370,2023-07-15,
124371,2025-05-03,
124372,2023-01-06,351
124373,2024-05-12,
124374,2024-02-06,
124375,2024-08-30,
124376,2023-08-14,
124377,2023-11-09,
124378,2023-09-18,214
124379,2024-05-01,342
124380,2023-03-30,
124381,2023-08-28,
124382,2023-12-11,
124383,2024-06-06,
124384,2025-02-19,
124385,2023-05-27,
124386,2024-04-19,
124387,2023-12-23,
124388,2023-09-28,
124389,2024-04-22,
124390,2024-09-08,
124391,2024-07-08,
124392,2024-07-16,299
124393,2025-01-25,
124394,2023-05-10,
124395,2023-05-02,71
124396,2025-01-16,383
124397,2024-03-22,
124398,2025-04-26,397
124399,2023-08-13,
124400,2024-08-16,
124401,2024-08-23,
124402,2025-02-27,
124403,2024-07-27,
124404,2024-06-30,
124405,2023-09-28,
124406,2025-06-01,
124407,2025-03-04,
124408,2023-11-09,
124409,2025-02-12,194
124410,2023-04-05,
124411,2024-09-16,244
124412,2024-05-21,
124413,2024-03-17,
124414,2024-08-04,
124415,2025-02-05,
124416,2024-11-17,86
124417,2023-11-17,
124418,2024-08-14,
124419,2023-05-23,
124420,2024-10-09,
124421,2024-06-13,
124422,2023-05-15,
124423,2024-03-02,
124424,2023-09-12,
124425,2023-10-11,
124426,2023-10-05,373
124427,2023-03-05,
124428,2023-04-15,
124429,2024-10-29,
124430,2023-04-04,
124431,2024-06-01,
124432,2023-08-21,
124433,2024-02-02,
124434,2023-08-15,
124435,2024-07-15,
124436,2024-03-24,
124437,2024-09-02,
124438,2024-08-02,
124439,2023-02-08,
124440,2024-11-08,
124441,2023-10-30,
124442,2024-02-04,
124443,2024-01-02,
124444,2023-06-23,
124445,2024-12-09,
124446,2024-11-25,
124447,2023-11-05,
124448,2024-03-12,
124449,2023-04-19,138
124450,2023-03-28,
124451,2024-07-31,
124452,2023-10-25,
124453,2023-11-26,
124454,2024-03-09,
124455,2023-08-02,
124456,2025-05-21,
124457,2023-10-21,
124458,2023-04-04,
124459,2024-08-08,203
124460,2023-09-13,
124461,2023-07-23,
124462,2023-06-05,322
124463,2024-04-19,
124464,2024-01-07,
124465,2025-04-30,
124466,2025-03-02,
124467,2023-06-29,
124468,2025-02-28,
124469,2023-07-02,
124470,2023-07-31,324
124471,2023-04-15,
124472,2023-08-15,
124473,2024-05-06,
124474,2024-06-10,
124475,2024-03-26,
124476,2025-06-01,
124477,2025-02-14,
124478,2024-07-27,
124479,2025-02-24,
124480,2024-01-05,
124481,2024-12-04,
124482,2023-06-19,
124483,2023-04-03,
124484,2023-01-30,
124485,2024-08-16,
124486,2024-05-29,
124487,2025-04-10,
124488,2025-05-08,
124489,2024-11-06,
124490,2023-11-01,
124491,2023-04-16,259
124492,2024-03-05,
124493,2025-04-08,
124494,2024-05-03,364
124495,2025-03-20,
124496,2023-03-12,
124497,2024-01-26,
124498,2023-11-07,
124499,2024-07-18,
124500,2024-06-23,
124501,2024-06-25,
124502,2024-11-06,
124503,2024-05-02,
124504,2023-09-25,
124505,2024-04-04,
124506,2024-05-12,
124507,2025-03-19,
124508,2025-03-21,
124509,2024-05-10,
124510,2023-10-07,27
124511,2023-01-06,
124512,2024-02-08,
124513,2023-09-25,
124514,2023-05-12,
124515,2024-03-03,
124516,2024-06-15,
124517,2023-02-04,123
124518,2023-01-17,154
124519,2023-10-25,
124520,2024-05-13,
124521,2025-05-07,93
124522,2023-02-13,
124523,2024-04-02,
124524,2023-07-24,
124525,2024-01-28,
124526,2023-08-06,
124527,2023-07-26,
124528,2023-03-06,
124529,2024-07-17,
124530,2025-05-16,226
124531,2024-11-16,
124532,2025-01-07,
124533,2024-05-11,
124534,2024-04-23,
124535,2025-03-09,
124536,2025-05-14,
124537,2023-12-06,
124538,2024-07-06,
124539,2024-11-20,56
124540,2024-11-19,
124541,2024-12-23,
124542,2023-04-02,
124543,2024-06-07,
124544,2023-07-01,
124545,2024-12-08,
124546,2024-05-31,30
124547,2023-04-24,
124548,2023-03-20,165
124549,2023-06-06,
124550,2024-07-26,
124551,2024-12-29,
124552,2024-08-14,264
124553,2023-07-06,65
124554,2025-05-14,
124555,2025-03-31,
124556,2025-02-17,
124557,2023-03-14,
124558,2024-02-04,390
124559,2024-02-05,
124560,2024-05-28,
124561,2023-08-06,
124562,2023-02-03,
124563,2025-04-24,
124564,2023-10-19,
124565,2024-07-26,
124566,2023-11-01,
124567,2023-02-22,
124568,2024-09-02,
124569,2024-03-01,222
124570,2023-12-15,117
124571,2023-12-16,
124572,2024-01-14,
124573,2025-05-29,
124574,2024-08-05,
124575,2025-05-09,
124576,2025-02-20,
124577,2024-07-27,
124578,2023-05-25,
124579,2025-05-25,
124580,2024-03-15,
124581,2024-09-21,
124582,2023-05-16,
124583,2023-07-29,
124584,2024-12-30,
124585,2023-01-07,
124586,2023-02-26,
124587,2023-09-22,
124588,2023-08-03,
124589,2024-10-08,345
124590,2023-03-31,
124591,2024-03-18,
124592,2023-06-21,
124593,2023-02-04,
124594,2023-08-09,
124595,2024-08-04,
124596,2025-03-29,
124597,2024-12-22,
124598,2024-03-30,
124599,2024-04-10,354
124600,2023-02-01,
124601,2025-03-29,
124602,2023-12-27,
124603,2024-01-19,128
124604,2025-02-28,
124605,2023-03-21,
124606,2024-03-22,
124607,2023-10-04,
124608,2024-07-03,
124609,2025-03-21,
124610,2023-05-22,
124611,2025-02-15,72
124612,2023-06-23,338
124613,2024-06-29,
124614,2024-05-08,
124615,2024-12-05,
124616,2025-05-21,31
124617,2023-01-19,
124618,2025-03-26,395
124619,2025-02-18,
124620,2024-05-10,
124621,2024-02-15,
124622,2024-01-05,341
124623,2024-11-06,253
124624,2023-09-13,
124625,2024-12-05,
124626,2025-04-26,
124627,2024-04-16,
124628,2023-11-29,
124629,2024-12-22,312
124630,2024-12-28,
124631,2025-06-01,
124632,2023-08-26,
124633,2025-03-21,1
124634,2024-09-18,
124635,2025-01-27,
124636,2024-07-06,
124637,2023-07-20,
124638,2025-02-25,
124639,2023-02-23,86
124640,2024-08-25,82
124641,2024-11-05,
124642,2023-08-31,
124643,2025-03-06,
124644,2023-05-01,
124645,2024-04-18,396
124646,2023-07-26,218
124647,2023-05-30,
124648,2025-04-21,
124649,2023-02-18,
124650,2023-12-14,
124651,2023-06-16,
124652,2023-04-03,
124653,2023-11-03,
124654,2023-06-17,244
124655,2024-09-02,
124656,2025-01-02,
124657,2025-02-05,
124658,2025-02-27,
124659,2023-09-05,
124660,2024-08-10,203
124661,2023-06-22,
124662,2024-09-08,25
124663,2023-04-28,
124664,2024-02-26,
124665,2024-12-26,
124666,2023-01-22,
124667,2023-01-29,
124668,2025-05-20,
124669,2023-07-11,
124670,2025-02-01,
124671,2024-04-11,
124672,2023-08-03,
124673,2023-11-01,
124674,2024-02-28,
124675,2023-08-15,
124676,2024-08-06,
124677,2024-01-14,
124678,2023-06-28,284
124679,2023-12-31,375
124680,2024-10-14,
124681,2024-01-02,
124682,2023-01-12,203
124683,2024-10-05,
124684,2023-09-07,
124685,2024-04-15,
124686,2023-12-28,
124687,2024-06-05,247
124688,2024-03-19,
124689,2023-08-06,
124690,2024-12-05,19
124691,2023-03-11,
124692,2025-06-02,
124693,2025-04-03,
124694,2023-10-26,
124695,2024-01-01,
124696,2024-11-15,
124697,2024-10-27,
124698,2023-11-15,340
124699,2024-09-22,277
124700,2025-02-20,
124701,2023-11-12,
124702,2025-02-21,
124703,2023-01-19,
124704,2025-04-02,
124705,2025-03-04,
124706,2024-12-23,132
124707,2024-05-24,
124708,2023-04-30,
124709,2024-11-10,82
124710,2024-09-10,357
124711,2024-10-29,
124712,2024-05-17,
124713,2024-11-30,
124714,2024-08-11,
124715,2023-01-31,245
124716,2024-07-13,65
124717,2023-09-05,
124718,2024-05-26,279
124719,2024-06-20,
124720,2024-12-25,
124721,2024-10-06,
124722,2024-12-12,244
124723,2023-08-12,276
124724,2024-01-25,
124725,2024-01-30,
124726,2024-03-15,45
124727,2025-02-07,132
124728,2024-02-13,
124729,2024-11-16,
124730,2023-07-09,
124731,2023-10-28,
124732,2023-04-09,271
124733,2024-07-19,
124734,2024-11-11,
124735,2024-05-13,
124736,2024-12-14,
124737,2023-06-22,
124738,2025-01-08,
124739,2025-03-02,
124740,2024-11-04,
124741,2024-03-18,
124742,2024-08-15,364
124743,2023-08-17,267
124744,2024-09-25,
124745,2024-01-15,
124746,2025-02-22,
124747,2023-12-18,
124748,2023-07-08,
124749,2023-11-27,
124750,2023-08-30,
124751,2023-07-02,332
124752,2023-10-24,
124753,2023-07-12,
124754,2024-04-06,
124755,2024-02-28,
124756,2023-03-31,
124757,2023-01-31,307
124758,2024-11-21,
124759,2023-01-10,399
124760,2024-08-17,
124761,2023-01-24,
124762,2023-09-07,
124763,2024-11-15,
124764,2024-01-16,69
124765,2024-06-04,40
124766,2024-08-21,
124767,2024-10-22,261
124768,2024-11-03,362
124769,2025-05-24,
124770,2023-09-08,
124771,2023-03-27,
124772,2024-09-03,
124773,2023-03-10,
124774,2023-11-23,
124775,2024-12-30,
124776,2023-06-21,
124777,2023-10-12,151
124778,2023-12-02,
124779,2024-09-20,
124780,2023-08-10,379
124781,2025-01-20,
124782,2023-07-10,
124783,2024-01-29,
124784,2024-01-29,
124785,2024-12-21,
124786,2023-07-30,
124787,2023-10-19,
124788,2024-11-29,
124789,2023-04-25,389
124790,2024-09-07,
124791,2024-11-10,
124792,2024-09-02,
124793,2023-05-17,
124794,2023-05-21,
124795,2023-08-23,
124796,2024-06-23,
124797,2024-07-16,
124798,2023-08-20,
124799,2023-02-27,
124800,2023-04-08,15
124801,2022-12-29,
124802,2023-02-12,
124803,2024-10-21,
124804,2022-12-31,
124805,2025-05-07,
124806,2024-08-05,165
124807,2023-04-14,
124808,2023-09-17,
124809,2023-08-01,
124810,2023-07-12,
124811,2024-12-19,
124812,2023-05-05,
124813,2024-04-27,
124814,2024-05-13,
124815,2024-08-07,
124816,2024-03-11,
124817,2025-03-09,40
124818,2023-05-23,
124819,2024-05-25,
124820,2023-08-03,
124821,2025-04-13,
124822,2023-04-09,95
124823,2025-05-06,
124824,2025-03-16,
124825,2023-07-21,
124826,2024-10-15,
124827,2023-10-28,171
124828,2023-05-24,
124829,2023-01-29,
124830,2024-07-21,
124831,2023-10-31,
124832,2024-09-29,138
124833,2023-08-03,
124834,2024-07-28,
124835,2024-12-22,219
124836,2024-05-07,
124837,2024-04-16,397
124838,2025-04-30,
124839,2025-05-21,
124840,2024-02-06,
124841,2024-02-28,318
124842,2024-09-04,
124843,2025-01-21,
124844,2024-06-11,
124845,2023-08-02,
124846,2023-02-04,
124847,2024-08-31,
124848,2024-10-12,265
124849,2023-08-24,
124850,2024-10-03,
124851,2024-11-04,
124852,2024-07-10,
124853,2024-05-06,
124854,2024-06-10,
124855,2023-06-29,
124856,2024-03-03,
124857,2023-04-08,
124858,2024-12-09,
124859,2023-09-16,
124860,2025-03-13,33
124861,2023-08-24,135
124862,2023-05-13,
124863,2023-02-15,
124864,2023-09-23,169
124865,2024-05-07,170
124866,2023-05-18,
124867,2023-01-30,183
124868,2023-02-15,
124869,2023-03-21,
124870,2023-01-18,
124871,2024-05-24,
124872,2024-06-02,
124873,2024-04-08,
124874,2024-06-16,
124875,2023-07-23,
124876,2024-02-21,
124877,2024-04-05,376
124878,2024-03-18,
124879,2023-12-25,
124880,2024-12-17,
124881,2024-06-22,
124882,2023-02-04,
124883,2024-11-05,
124884,2023-12-08,
124885,2023-09-30,
124886,2024-05-01,
124887,2024-05-23,
124888,2025-05-24,
124889,2025-01-14,
124890,2023-03-30,91
124891,2024-05-22,
124892,2023-04-04,
124893,2025-04-02,
124894,2025-03-05,
124895,2023-10-14,
124896,2024-09-27,
124897,2023-06-17,
124898,2023-02-05,
124899,2023-10-05,
124900,2023-07-22,
124901,2023-08-09,
124902,2023-03-25,
124903,2025-01-05,
124904,2023-04-30,
124905,2024-08-28,
124906,2023-02-21,
124907,2025-04-22,296
124908,2025-03-23,
124909,2024-12-28,
124910,2023-10-30,113
124911,2024-11-26,361
124912,2024-01-24,
124913,2024-07-25,
124914,2025-04-29,
124915,2023-05-29,
124916,2023-07-12,
124917,2023-12-06,
124918,2025-02-18,
124919,2024-05-11,
124920,2023-04-18,
124921,2023-05-13,
124922,2024-01-10,
124923,2023-02-04,
124924,2025-05-16,
124925,2023-07-13,
124926,2025-04-15,
124927,2025-02-12,
124928,2024-03-16,
124929,2025-06-07,
124930,2024-02-22,
124931,2023-12-08,
124932,2025-05-19,
124933,2025-02-08,137
124934,2023-03-14,
124935,2024-05-25,
124936,2024-11-09,
124937,2023-08-19,
124938,2023-04-09,
124939,2023-01-04,
124940,2024-08-29,
124941,2024-06-10,
124942,2024-07-04,
124943,2024-10-09,41
124944,2024-10-12,
124945,2024-06-28,
124946,2025-03-10,212
124947,2023-02-17,
124948,2023-03-06,
124949,2023-01-04,
124950,2023-03-05,165
124951,2025-02-04,
124952,2024-12-06,
124953,2024-04-18,
124954,2023-10-07,
124955,2025-03-17,99
124956,2023-03-20,
124957,2024-10-02,
124958,2025-03-31,
124959,2023-01-20,330
124960,2023-08-26,
124961,2023-07-09,
124962,2023-03-16,
124963,2025-01-23,
124964,2023-06-01,367
124965,2024-11-02,
124966,2023-03-07,
124967,2023-12-10,33
124968,2024-11-21,
124969,2024-06-19,
124970,2023-03-14,
124971,2023-09-01,
124972,2025-04-16,
124973,2024-12-02,
124974,2025-02-10,
124975,2023-07-10,
124976,2024-04-18,
124977,2023-12-25,
124978,2023-03-05,5
124979,2023-02-12,
124980,2024-01-01,10
124981,2023-09-03,
124982,2024-10-31,289
124983,2023-05-03,
124984,2023-06-22,
124985,2023-06-03,
124986,2025-01-21,
124987,2023-06-13,
124988,2024-08-15,
124989,2023-02-22,
124990,2024-01-16,
124991,2025-06-10,
124992,2024-09-18,
124993,2024-09-26,
124994,2023-08-28,
124995,2025-02-17,
124996,2023-03-17,
124997,2023-09-16,
124998,2024-10-26,
124999,2023-07-28,
125000,2024-11-29,
