booking_id,user_id,trip_id,route_id,route_name,booking_date,booking_status,amount,payment_status,created_at,updated_at
104713,104596,30881,52,Enugu-Makurdi,2025-04-16,COMPLETED,6349.65,PAID,2025-04-09 13:32:00,2025-04-13 12:43:00
151202,104618,94494,54,Kano-Zaria,2025-04-07,COMPLETED,12700.00,PAID,2025-03-28 05:20:00,2025-03-28 09:40:00
134226,119707,104165,5,Lagos-Kano,2025-03-27,COMPLETED  ,6000.00,PAID,2025-03-09 13:15:00,
74588,117291,108711,28,Abuja-Ilorin,2025-05-11,COMPLETED,17300.00,PAID,2025-05-08 08:28:00,2025-05-08 13:39:00
196926,104408,98070,50,Enugu-Umuahia,2025-05-11,PENDING,7001.90,PENDING,2025-04-21 15:15:00,2025-04-21 19:49:00
128756,112633,91287,38,Port Harcourt-Asaba,2025-06-12,PENDING,9958.48,PENDING,2025-06-10 12:03:00,2025-06-11 03:15:00
247363,114732,103284,10,Lagos-Warri,2025-04-07,COMPLETED,4350.00,PAID,2025-03-29 10:55:00,2025-03-29 13:02:00
165780,900063,99923,54,Kano-Zaria,2025-05-31,COMPLETED,13700.00,PAID,2025-05-26 13:15:00,2025-05-26 17:04:00
115373,114898,85882,1,Lagos-Abuja,2025-05-14,CANCELLED,3150.00,REFUNDED,2025-05-05 10:37:00,2025-05-05 11:40:00
76145,109013,2363,52,Enugu-Makurdi,2025-05-29,COMPLETED,null,PAID,2025-05-12 15:40:00,2025-05-12 20:11:00
80965,121968,95583,13,Lagos-Akure,2025-04-07,complete,4400.00,PAID,2025-03-29 09:50:00,2025-03-29 11:26:00
151907,101000,104293,59,Kaduna to Zaria,2025-04-04,REFUNDED,9950.00,REFUNDED,2025-03-14 19:47:00,2025-03-17 17:18:00
125040,105739,41481,59,Kaduna-Zaria,2025-05-12,COMPLETED,16650.00,PAID,20250504155900,2025-05-04 20:26:00
25919,120166,7945,3,LAGOS - PORT HARCOURT,2025-04-14,COMPLETED,6240.31,PAID,2025-04-09 16:05:00,2025-04-09 18:02:00
44548,100020,101265,46,Ibadan-Abeokuta,2025-03-30,PENDING,1800.00,PENDING,2025-03-22 18:58:00,2025-03-23 00:50:00
52317,120367,53362,17,Lagos-Zaria,2025-04-22,COMPLETED,5200.00,PAID,2025-04-15 07:38:00,2025-04-15 10:27:00
12007,123184,24191,2,Lagos-Ibadan,2025-03-20,COMPLETED,1750.00,PAID,2025-03-09 06:47:00,2025-03-09 09:06:00
24440,124239,2688,5,Lagos-Kano,2025-05-31,COMPLETED,5625.62,Paid,2025-05-27 06:12:00,2025-05-29 13:26:00
214735,111530,60457,17,Lagos-Zaria,2025-05-17,COMPLETED,10886.26,PAID,2025-05-05 11:06:00,2025-05-05 11:37:00
51323,116448,76023,10,Lagos-Warri,2025-03-29,COMPLETED,3150.00,PAID,2025-03-26 13:16:00,2025-03-26 14:08:00
4709,106903,33493,35,Port Harcourt–Uyo,2025-05-10,EXPIRED,0.00,FAILED,2025-05-06 13:53:00,2025-05-06 18:15:00
166506,106964,67941,15,Lagos  Jos,2025-03-18,COMPLETED,4700.00,PAID,2025-03-13 08:11:00,2025-03-15 09:42:00
133676,107813,100755,56,Kano-Maiduguri,2025-05-23,COMPLETED,11100.00,PAID,2025-05-16 11:07:00,2025-05-16 16:00:00
171662,122125,71317,47,Enugu-Onitsha,2025-05-06,COMPLETED,5550.00,PAID,2025-04-15 07:01:00,2025-04-15 08:08:00
217595,104403,25587,56,Kano-Maiduguri,2025-03-28,COMPLETED,14273.24,PAID,2025-03-25 14:07:00,2025-03-25 16:20:00
98967,102032,58197,3,Lagos-Port Harcourt,2025-05-15,COMPLETED,3250.00,PAID,2025-04-25 12:03:00,2025-04-25 17:53:00
87447,114095,4576,7,Lagos-Kaduna,2025-05-31,COMPLETED,8824.34,PAID ,2025-05-26 07:03:00,2025-05-26 09:17:00
21600,121449,16209,59,Kaduna-Zaria,2025-06-12,COMPLETED,18750.00,PAID,2025-05-27 18:34:00,2025-05-27 21:27:00
93376,108613,78812,47,Enugu-Onitsha,2025-06-11,COMPLETED,3181.63,PAID,2025-06-01 05:51:00,2025-06-01 11:22:00
37888,117456,27770,47,Enugu-Onitsha,2025-03-17,COMPLETED,4050.00,PAID,2025-03-12 11:32:00,2025-03-12 11:45:00
149085,117769,116243,30,Abuja-Owerri,2025-05-19,COMPLETED,15309.72,PAID,2025-04-29 19:05:00,2025-04-29 22:39:00
249101,118443,105345,00000026,Abuja-Bauchi,2025-05-22,PENDING,11800.00,PENDING,2025-05-17 11:43:00,2025-05-17 13:43:00
15486,119351,102261,2,Lagos-Ibadan,2025-06-08,CANCELLED,0.00,PAID,2025-06-06 15:46:00,2025-06-06 20:21:00
38532,null,5946,41,Ibadan-Lagos,2025-05-10,PENDING,3900.00,PENDING,2025-05-07 16:34:00,2025-05-08 10:02:00
245111,111378,26871,33,Port Harcourt-Owerri,2025-06-12,COMPLETED,9400.00,PAID,2025-05-26 06:52:00,2025-05-26T11:04:00Z
65727,108118,55322,60,Kaduna-Katsina,2025-03-15,COMPLETED,21900.00,PAID,2025-03-09 16:05:00,2025-03-09 20:20:00
11255,103208,34541,54,Kano-Zaria,2025-05-06,COMPLETED,10996.28,PAID ,2025-04-29 13:25:00,2025-04-29 16:53:00
91039,101422,96357,41,Ibadan-Lagos Lagos,2025-04-04,PENDING,2950.00,PENDING,2025-04-02 11:27:00,2025-04-02 12:58:00
249708,108747,23328,49,Enugu-Awka,2025-05-19,COMPLETED,4431.98,PAID,2025-05-07 07:08:00,2025-05-07 10:42:00
210150,116269,33559,2,Lagos-Ibadan,2025-05-22,PENDING,2337.77,PENDING,2025-05-12 12:37:00,2025-05-12 18:07:00
13567,101868,44795,46,Ibadan-Abeokuta,2025-05-24,CANCELLED,0.00,REFUNDED,2025-05-21 10:44:00,
200269,900017,14125,13,Lagos/Akure,2025-06-08,COMPLETED,2750.00,PAID,2025-06-02 08:48:00,2025-06-02 13:40:00
113303,118404,39160,16,Lagos-Ilorin,2025-03-17,REFUNDED,2895.66,REFUNDED,2025-03-12 09:52:00,2025-03-12 13:08:00
246879,900300,114740,38,Port Harcourt-Asaba,2025-05-25,COMPLETED,5850.00,PAID,2025-05-11 08:52:00,2025-05-11 09:18:00
159659,115203,39326,40,Ibadan Enugu,2025-06-07,PENDING,4057.82,PENDING,2025-06-02 05:58:00,2025-06-02 08:35:00
111238,115698,49870,41,Ibadan-Lagos,2025-05-09,COMPLETED,2150.00,PAID,2025-05-02 07:05:00,2025-05-05 06:17:00
15239,103908,82081,13,Lagos-Akure,2025-04-13,COMPLETED,2400.00,PAID,2025-03-28 19:50:00,2025-03-28 20:30:00
58807,107694,90746,58,Kano-Bauchi,2025-04-11,COMPLETED,11768.17,PAID,2025-04-05 14:29:00,2025-04-05 20:09:00
227718,109981,35956,59,Kaduna/Zaria,2025-05-21,EXPIRED,0.00,FAILED,2025-04-30 09:20:00,2025-04-30 09:25:00
165732,105906,33650,14,Lagos-Uyo,2025-06-14,COMPLETED,0.00,PAID,2025-05-25 05:22:00,2025-05-25 09:43:00
229599,118756,20338,22,Abuja-Kano,2025-06-12,COMPLETED,18850.00,PAID,2025-05-25 17:48:00,2025-05-25 20:32:00
125820,100889,93634,38,Port Harcourt-Asaba,2025-05-22,  PENDING,6450.00,PENDING,2025-05-01 08:16:00,2025-05-01 10:55:00
200886,110687,77867,26,Abuja  Bauchi,2025-06-03,COMPLETED,12750.00,PAID,2025-05-17 11:45:00,2025-05-17 16:17:00
227988,120755,49508,59,Kaduna-Zaria,2025-04-04,PENDING,14100.00,PENDING,2025-04-03 16:35:00,2025-04-03 20:23:00
227379,108847,65719,17,Lagos-Zaria,2025-03-30,COMPLETED,3200.00,PAID,2025-03-25 20:40:00,2025-03-25 22:40:00
36710,121260,84610,55,Kano-Katsina,2025-06-02,CANCELLED,8396.73,REFUNDED,2025-05-17 15:55:00,2025-05-17 19:10:00
211438,106347,52691,17,Lagos-Zaria,2025-05-09,COMPLETED,3500.00,PAID,2025-04-30 20:11:00,2025-04-30 21:39:00
133360,900494,8900,59,Kaduna-Zaria,2099-12-31,COMPLETED,13100.00,PAID,2025-05-07 13:54:00,2025-05-07 16:05:00
235966,121866,39561,11,Lagos-Maiduguri,2025-04-13,COMPLETED,9100.00,PAID,2025-04-06 08:47:00,2025-04-06 12:44:00
119401,123188,96585,28,Abuja - Ilorin,2025-05-09,CANCELLED,0.00,PAID,2025-05-03 08:16:00,2025-05-03 10:38:00
00225404,110832,46298,53,Kano-Kaduna,2025-03-20,COMPLETED,16350.00,PAID,2025-03-10 17:08:00,2025-03-10 20:26:00
34994,102840,26861,2,Lagos-Ibadan,2025-04-03,COMPLETED,1550.00,PAID,2025-03-30 19:08:00,2025-03-31 00:13:00
189526,104210,56138,51,Enugu-Aba Aba,2025-04-02,COMPLETED,3900.00,PAID,2025-03-30 15:33:00,2025-03-30 18:46:00
23495,107432,70212,26,Abuja-Bauchi,2025-03-30,COMPLETED,13750.00,PAID,2025-03-14 17:50:00,2025-03-14 21:09:00
208515,105445,99672,56,Kano-Maiduguri,2025-03-22,COMPLETED,16650.00,PAID,2025-03-02 14:56:00,2025-03-02 18:35:00
232763,105149,41509,NULL,Ibadan-Lagos,2025-05-02,PENDING,2200.00,PENDING,2025-04-24 07:56:00,2025-04-24 10:55:00
44609,104091,54833,22,Abuja-Kano.,2025-06-03,PENDING,9472.57,PENDING,2025-05-30 09:10:00,2025-05-30 09:39:00
118432,105469,104738,28,Abuja-Ilorin,2025-05-15,COMPLETED,10849.23,paid,2025-04-27 10:49:00,2025-04-27 13:01:00
196301,124474,90208,47,Enugu-Onitsha.,2025-04-12,COMPLETED,5789.34,PAID,2025-04-01 05:39:00,2025-04-01 08:59:00
94867,118734,57105,29,Abuja-Port Harcourt,2025-03-30,COMPLETED,10800.00,PAID,2025-03-29 19:19:00,2025-03-29 19:19:00
110881,111090,64769,59,Kaduna-Zaria,2025-03-26,COMPLETED,15258.38,PAID,2025-03-15 20:00:00,2025-03-15 22:23:00
194077,111009,25461,31,Port Harcourt - Enugu ,2025-04-10,COMPLETED,7900.00,PAID,2025-04-10 05:43:00,2025-04-10 05:54:00
56474,103316,45386,47,Enugu-Onitsha,2025-04-02,CANCELLED,0.00,REFUNDED,2025-03-16 21:42:00,2025-03-17 03:20:00
174772,101688,20950,52,Enugu-Makurdi,2025-05-30,COMPLETED,5250.00,PAID,2025-05-15 18:37:00,2025-05-15 20:02:00
123251,123762,85331,3,Lagos-Port Harcourt,2025-05-08,CANCELLED,0.00,PAID,2025-05-05 17:53:00,2025-05-05 23:03:00
75531,117956,72953,56,Kano-Maiduguri,2025-05-03,complete,15500.00,PAID,2025-04-22 20:06:00,2025-05-06 16:34:00
59973,900553,65969,15,Lagos-Jos,2025-03-26,COMPLETED,8050.00,PAID,2025-03-07 10:03:00,2025-03-07 14:42:00
145901,118612,27269,59,Kaduna-Zaria,2025-04-01,COMPLETED,15450.00,PAID,2025-03-18 14:35:00,2025-03-18 14:58:00
211902,103688,6120,54,Kano-Zaria,2025-04-03,COMPLETED,10834.91,PAID,2025-04-02 12:37:00,2025-04-15 13:35:00
63866,100283,43802,3,Lagos-Port Harcourt,2025-06-04,COMPLETED,3750.00,p,2025-06-04 19:01:00,
18279,119374,85986,46,Ibadan-Abeokuta,2025-03-19,COMPLETED,3100.00,PAID,2025-02-28 06:43:00,2025-03-02 01:33:00
51560,112342,34492,47,Enugu-Onitsha,2025-03-29,COMPLETED,4350.00,PAID,2025-03-19 13:24:00,2025-03-19 19:18:00
83354,101423,13206,39,Port Harcourt-Ibadan,2025-04-07,CANCELLED ,7150.00,REFUNDED,2025-03-24 21:25:00,2025-03-28 01:23:00
171083,109472,85094,46,Ibadan-Abeokuta,2025-03-21,COMPLETED,2492.37,PAID,2025-03-15 09:33:00,2025-03-24 21:24:00
44084,117080,4499,46,Ibadan-Abeokuta,2025-04-02,CANCELLED,0.00,PAID,2025-03-17 17:42:00,2025-03-17 18:57:00
19219,110294,101930,37,Port Harcourt-Onitsha,2025-06-04,COMPLETED,5650.00,PAID,2025-05-19 12:00:00,2025-05-19 14:48:00
237367,123094,18641,11,Lagos-Maiduguri,2025-03-16,COMPLETED,10050.00,PAID,2025-02-25 19:48:00,2025-02-25 23:34:00
34608,101708,20160,49,Enugu-Awka,2025-03-28,EXPIRED,6542.83,PAID,2025-03-23 12:04:00,2025-03-23 17:21:00
113085,122481,100268,3,Lagos  Port Harcourt,2025-03-28,CANCELLED,3124.79,REFUNDED,2025-03-07 15:51:00,2025-03-07 19:55:00
190074,116562,35872,54,Kano-Zaria,2025-04-20,COMPLETED,18950.00,PAID,2025-04-02T15:34:00Z,2025-04-02 16:20:00
150004,108836,59444,59,Zaria-Kaduna,2025-05-30,COMPLETED,13150.00,PAID,2025-05-12 13:56:00,2025-05-12 14:49:00
105975,124800,3127,12,Lagos-Calabar,2025-05-02,COMPLETED,1650.00,PAID,2025-04-16 17:42:00,2025-04-16 23:04:00
195019,113023,52961,29,Abuja-Port Harcourt,2025-06-01,COMPLETED,9750.00,PAID,2025-05-31 14:36:00,2025-05-31 18:29:00
122744,113319,110413,22,Abuja-Kano,2025-04-05,CANCELLED,15200.00,REFUNDED,2025-04-04 20:34:00,2025-04-05 00:53:00
130235,119304,64064,59,Kaduna-Zaria,2025-03-31,COMPLETED,14750.00,PAID,2025-03-30 16:50:00,2025-03-30 20:55:00
154490,106197,85197,38,PORT HARCOURT - ASABA,2025-05-28,COMPLETED,9600.00,PAID,2025-05-28 12:45:00,2025-05-28 15:24:00
37195,105583,9201,12,Lagos-Calabar,2025-03-28,COMPLETED,3000.00,PAID,2025-03-19 15:30:00,2025-03-19 16:29:00
118625,112087,7712,57,Kano-Sokoto,2025-04-20,COMPLETED,16500.00,PAID,2025-04-12 08:34:00,2025-04-12 13:20:00
108074,101709,4829,47,Enugu-Onitsha,2025-05-13,REFUNDED,2750.00,REFUNDED,2025-05-04 16:32:00,2025-05-04 21:02:00
144459,112446,96090,43,  Ibadan-Oyo,2025-03-27,NO_SHOW,6650.00,PAID,2025-03-25 05:13:00,2025-03-25 05:44:00
245376,117717,43003,29,Abuja-Port Harcourt,2025-05-08,COMPLETED,16100.00,PAID,2025-04-28 08:59:00,2025-04-28 13:13:00
145318,112502,106880,17,Lagos-Zaria,2025-03-18,PENDING,9900.00,PENDING,2025-03-13 11:45:00,2025-03-13 15:01:00
133241,118075,66648,36,Port Harcourt-Calabar,2025-04-26,COMPLETED,6400.00,PAID ,2025-04-06 09:54:00,2025-04-06 13:42:00
57451,105223,17067,38,Port Harcourt-Asaba,2025-04-09,COMPLETED,6398.61,PAID,2025-03-25 07:25:00,2025-03-25T11:49:00Z
47931,122168,10290,11,Lagos-Maiduguri,2025-05-20,COMPLETED,7295.95,PAID,2025-04-30 21:15:00,2025-05-01 02:15:00
193051,105006,5745,50,Enugu-Umuahia,2025-03-30,PENDING,4352.86,PENDING,2025-03-14 10:16:00,2025-03-14 15:50:00
36506,122844,115358,46,Ibadan-Abeokuta,2025-05-13,CANCELLED,0.00,PENDING,2025-04-22 20:14:00,2025-04-22 22:05:00
79143,119802,110215,17,LAGOS - ZARIA,2025-04-09,COMPLETED,4651.99,PAID,2025-03-21 18:17:00,2025-03-21 23:34:00
127378,114253,94887,51,Enugu-Aba,2025-04-21,COMPLETED,5150.00,PAID,2025-03-31 15:07:00,2025-03-31 18:13:00
27782,113504,21544,15,Lagos/Jos,2025-04-05,COMPLETED,4550.00,PAID,2025-03-28 06:04:00,2025-03-28 09:57:00
41027,120271,25825,43,Ibadan-Oyo,2025-05-20,COMPLETED,5250.00,PAID,2025-05-05 18:53:00,2025-05-05 22:11:00
7254,107118,87144,51,Enugu-Aba,2025-04-09,COMPLETED,5800.00,PAID,2025-04-06T11:36:00Z,2025-04-06 16:49:00
223462,106136,32782,17,Lagos-Zaria,2025-06-01,COMPELTED,2998.86,PAID,2025-05-22 10:43:00,2025-05-22 14:56:00
29837,119575,8988,12,Lagos-Calabar,2025-04-30,PENDING,2600.00,PENDING,2025-04-15 11:40:00,2025-04-15 13:22:00
245669,109334,2409,16,Lagos-Ilorin,2025-06-12,COMPLETED,3200.00,p,2025-06-04 11:17:00,2025-06-08 11:07:00
108068,113988,99681,2,Lagos  Ibadan,2025-04-12,COMPLETED,2500.00,PAID,2025-04-11 11:03:00,2025-04-11 11:18:00
5588,None,94411,17,Lagos-Zaria,2025-06-05,CANCELLED,0.00,PAID,2025-05-21 17:25:00,2025-05-24 06:00:00
128570,121477,23780,14,Lagos-Uyo,2025-04-07,expired,0.00,FAILED,2025-03-17 18:45:00,2025-03-19 01:13:00
189492,110877,38807,51,Enugu-Aba,2025-04-12,COMPLETED,6800.00,PAID,2025-04-10 10:12:00,2025-04-12 17:31:00
169136,110103,89717,3,Lagos-Port Harcourt,20250615,COMPLETED,6350.00,PAID,2025-03-30 17:20:00,2025-03-30 22:42:00
142736,,43111,12,Lagos-Calabar,2025-06-06,CANCELLED,1850.00,REFUNDED,2025-06-01 19:07:00,2025-06-01 19:35:00
208504,null,93580,22,Abuja-Kano,2025-05-24,COMPLETED,8650.00,PAID,2025-05-23 19:00:00,2025-05-23 22:22:00
210761,115104,109648,19,Lagos-Abadan,2025-04-03,COMPLETED,2750.00,PAID,2025-04-01 05:32:00,2025-04-01 07:30:00
9210,NULL,89548,43,Ibadan-Oyo,2025-06-06,COMPLETED,3350.00,PAID,2025-06-01 06:54:00,2025-06-01 07:35:00
224811,102080,9456,48,Enugu-Owerri,2025-04-02,COMPLETED,3335.27,PAID,2025-03-20 10:20:00,2025-03-20 11:30:00
154307,120799,361,59,Kaduna-Zaria,2025-04-06,COMPLETED,12513.81,PAID ,2025-03-26 08:34:00,2025-03-26 09:49:00
150686,123484,88100,60,Kaduna-Katsina,2025-04-19,Completed,8600.00,PAID,2025-04-07 08:02:00,2025-04-07 13:45:00
14830,null,5512,6,Lagos-Benin City,2025-05-01,CANCELLED,0.00,PAID,2025-04-21 17:19:00,2025-04-21 21:37:00
102505,109664,112212,17,Lagos-Zaria,2025-05-04,COMPLETED,5700.00,PAID,2025-04-26 13:33:00,2025-04-29 03:00:00
132611,103752,68147,40,Ibadan-Enugu,2025-05-09,COMPLETED,2638.16,PAID,2025-05-02 20:59:00,2025-05-03 02:04:00
207708,121188,8212,56,Kano-Maiduguri,2025-05-11,COMPLETED,16950.00,PAID,2025-05-10 05:12:00,2025-05-10 10:43:00
146716,111204,86119,14,Lagos-Uyo,2025-05-08,NO_SHOW,1300.00,PENDING,2025-04-21 15:30:00,2025-04-21 17:57:00
247584,101324,87559,60,Kaduna-Katsina,2025-04-20,complete,15750.00,PAID,2025-04-16 08:53:00,2025-04-16 09:56:00
26937,111395,92236,17,Lagos-Zaria,2025-05-11,COMPLETED,6150.00,PAID,2025-04-21 08:55:00,2025-04-21 12:22:00
46022,119710,25674,38,Port Harcourt-Asaba,2025-05-05,CANCELLED,4900.00,REFUNDED,2025-04-30T19:46:00Z,2025-05-08 07:20:00
16167,104370,41186,36,Port Harcourt-Calabar,2025-05-15,CANCELLED,0.00,PARTIAL,2025-05-03 15:23:00,2025-05-03 16:02:00
25860,122773,71795,5,Lagos to Kano,2025-05-02,EXPIRED,0.00,FAILED,2025-04-23 19:46:00,2025-04-26 20:42:00
151865,112886,112993,44,Ibadan-Ilorin,2025-05-19,COMPLETED,4100.00,PAID,2025-05-18 21:53:00,2025-05-20 05:51:00
184755,107051,107385,35,Port Harcourt-Uyo,2025-06-06,COMPLETED,6500.00,PAID,2025-05-22 09:56:00,2025-05-22 14:35:00
24784,105209,32222,52,Enugu-Makurdi,2025-05-24,CANCELLED,0.00,PAID,2025-05-05 13:28:00,2025-05-08 13:27:00
203012,105382,72655,5,Lagos-Kano,2025-04-19,CANCELLED,0.00,PAID,2025-04-01 12:39:00,2025-04-01 14:04:00
235777,102566,820,14,Lagos-Uyo,2025-05-23,COMPLETED,3000.00,PAID,2025-05-22 08:13:00,2025-05-22 09:47:00
32273,103447,64628,58,Kano-Bauchi,2025-04-15,COMPLETED,15850.00,PAID,2025-04-12 17:23:00,2025-04-12 18:43:00
167924,115507,110283,23,Abuja-Jos,2025-06-09,CANCELLED ,15200.00,REFUNDED,2025-05-26 17:31:00,2025-05-26 20:42:00
233992,114172,27846,19,Lagos-Abadan,2025-04-03,COMPLETED,4550.00,PAID,2025-04-03 06:14:00,2025-04-03 09:35:00
138155,117968,105404,5,Lagos-Kano,2025-03-18,COMPLETED,7000.00,PAID,2025-02-28 06:04:00,2025-02-28 11:31:00
78405,117481,118160,8,Lagos-Abeokuta,2025-04-27,COMPLETED,1050.00,PAID,2025-04-22 13:33:00,2025-04-22 15:32:00
97372,109476,49505,26,Abuja-Bauchi,2025-05-25,COMPLETED,9600.00,PAID,2025-05-17 17:41:00,2025-05-17 21:55:00
104710,112155,13096,16,Lagos-Ilorin,2025-05-05,COMPLETED,2844.60,PAID ,2025-04-19 15:55:00,2025-04-19 19:25:00
111371,101694,79691,44,Ibadan-Ilorin,2025-05-24,COMPLETED,5367.36,PAID,2025-05-08 09:48:00,2025-05-08 09:55:00
200102,109667,8449,13,Lagos-Akure,2025-05-05,COMPLETED,2750.00,PAID,2025-04-30 14:47:00,2025-04-30 16:10:00
96866,101180,116614,NULL,Kano-Bauchi,2025-04-27,COMPLETED,16000.00,PAID,2025-04-17 10:24:00,2025-04-17 15:08:00
50867,114854,68517,0,Enugu-Onitsha,2025-05-03,CANCELLED,3300.00,REFUNDED,2025-04-17 06:31:00,2025-04-17 11:09:00
142482,110230,29757,54,Kano-Zaria,2025-03-30,COMPLETED,11750.00,PAID,2025-03-22 14:27:00,2025-03-22 19:43:00
205383,109833,18777,26,Abuja-Bauchi,2025-04-22,COMPLETED,13000.00,PAID,2025-04-10 20:16:00,2025-04-10 20:52:00
67476,124397,43270,16,Lagos Ilorin,2025-06-11,COMPLETED,3000.00,PAID,2025-05-25 16:41:00,2025-05-25 21:50:00
157689,121552,106202,14,Lagos-Uyo,2025-06-12,CANCELLED,0.00,PAID  ,2025-05-24 18:48:00,2025-05-24 22:57:00
199890,113514,28516,17,Lagos-Zaria,2025/06/15,COMPLETED,6850.00,PAID,2025-04-12 05:16:00,2025-04-12 09:52:00
92771,113266,31714,51,Enugu-Aba,2025-04-01,PENDING,4400.00,PENDING,2025-03-20 13:19:00,2025-03-20 14:47:00
84868,123516,56769,30,Abuja-Owerri,2025-04-30,EXPIRED,0.00,FAILED,2025-04-23 15:32:00,2025-05-04 06:44:00
205797,104792,90750,25,Abuja-Maiduguri,2025-05-01,COMPLETED,11200.00,PAID,2025-04-25 15:57:00,2025-04-25 18:42:00
198064,107693,39930,46,Ibadan-Abeokuta,2025-03-20,COMPLETED,4800.00,PAID,2025-03-15 11:04:00,2025-03-15 14:28:00
26944,108203,28296,38,Port Harcourt-Asaba,2025-03-26,COMPLETED,8700.00,PAID,2025-03-20 08:23:00,2025-03-20 13:24:00
94491,123373,26715,46,Ibadan-Abeokuta,2025-06-13,CANCELLED,0.00,REFUNDED,2025-05-28 05:42:00,2025-05-28 11:22:00
77925,107844,74477,43,Ibadan-Oyo,2025-05-30,PENDING,3700.60,PENDING,2025-05-15 08:36:00,2025-05-15 12:35:00
38620,109844,95851,37,Port Harcourt-Onitsha,2025-05-02,COMPELTED,6600.00,PAID,2025-04-11 17:15:00,2025-04-11 18:45:00
90091,100966,87506,60,Kaduna-Katsina,2025-05-21,COMPLETED,13850.00,PAID,2025-05-14 12:37:00,2025-05-14 16:45:00
6834,123507,6517,59,Kaduna Zaria,2025-05-01,COMPLETED,12750.00,PAID,2025-04-19 06:55:00,2025-04-21 12:28:00
194900,102248,112437,54,Kano-Zaria,2025-04-19,PENDING,13100.00,PENDING,2025-04-16 12:10:00,2025-04-16 14:26:00
90474,119082,96354,22,Abuja-Kano,2025-04-25,COMPELTED,21800.00,PAID,2025-04-22 15:44:00,2025-04-24 13:55:00
20692,119107,43153,15,Lagos-Jos,2025-06-14,CANCELLED,0.00,PAID,2025-06-13 17:57:00,2025-06-13 19:48:00
96899,100972,96213,46,Ibadan-Abeokuta,2025-04-22,COMPLETED,5850.00,PAID,2025-04-11 11:43:00,2025-04-22 15:08:00
26348,122991,52964,15,Lagos-Jos,2025-04-09,COMPLETED,4900.00,PAID,2025-04-04 10:32:00,2025-04-04 16:06:00
19561,110797,86652,19,Lagos-Abadan,2025-03-17,COMPLETED,3447.82,PAID,2025-02-27 21:15:00,2025-03-03 07:18:00
57863,113718,55915,17,Lagos-Zaria,2025-03-21,  COMPLETED,4450.00,PAID,2025-03-15 21:17:00,2025-03-15 22:04:00
183224,103509,16834,26,Abuja-Bauchi,2025-05-06,COMPLETED,17500.00,PAID,2025-05-03 06:07:00,2025-05-03 11:27:00
222238,116674,59803,4,Lagos - Enugu ,2025-04-26,COMPLETED,3408.93,PAID,2025-04-18 09:10:00,2025-04-18 12:50:00
97820,105113,7073,47,Enugu-Onitsha,2025-06-06,CANCELLED,0.00,PAID,2025-05-20 12:35:00,2025-05-20 15:26:00
67009,106393,52511,17,Lagos-Zaria,2025-03-21,CANCELLED,0.00,PAID,2025-02-28 17:14:00,2025-02-28 21:26:00
173729,106513,71948,15,Lagos-Jos,2025-06-14,canceled,0.00,PAID,2025-06-09 12:22:00,2025-06-11 20:02:00
176074,123932,66860,1,Lagos-Abuja,2025-05-19,PENDING,2650.00,PENDING,2025-05-05 06:11:00,2025-05-05 10:03:00
00051969,102369,107753,11,Lagos-Maiduguri,2025-04-19,NO_SHOW,7500.00,PAID,2025-03-31 10:40:00,2025-03-31 12:21:00
134274,118123,64367,59,Kaduna - Zaria,2025-03-26,COMPLETED,13200.00,PAID,2025-03-05 21:21:00,2025-03-08 20:14:00
210454,123483,111677,2,Lagos-Ibadan,2025-06-04,unknown,0.00,PAID,2025-05-14 17:47:00,2025-05-14 22:06:00
244252,115057,26308,59,Kaduna-Zaria,2025-05-12,COMPLETED,12640.59,PAID,2025-05-01 11:47:00,2025-05-04 12:04:00
41065,101337,16786,41,Ibadan-Lagos,2025-06-13,  COMPLETED,2350.00,PAID,2025-06-12 10:42:00,2025-06-12 20:12:00
1002,  118342,57442,22,Abuja-Kano,2025-05-19,COMPLETED,10050.00,PAID,2025-05-10 20:43:00,2025-05-11 01:00:00
16357,114975,42092,27,Abuja-Makurdi,2025-04-24,COMPLETED,14050.00,PAID,2025-04-22 18:26:00,2025-04-22 21:57:00
27475,109770,78911,54,Kano-Zaria,2025-05-25,COMPLETED,19950.00,PAID,2025-05-19 12:51:00,2025-05-19 15:59:00
37119,103708,5233,46,Ibadan-Abeokuta,2025-06-04,COMPLETED,2500.00,PAID,2025-05-17 20:41:00,2025-05-18 02:18:00
172959,103579,66870,NULL,Lagos-Kano,2025-04-08,COMPLETED,5344.77,PAID,2025-03-18 08:34:00,2025-03-18 10:03:00
91984,105009,63517,59,Kaduna-Zaria,2025-05-16,CANCELLED,19950.00,REFUNDED,2025-05-12 10:20:00,2025-05-12 10:26:00
51789,102549,111540,9,  Lagos-Onitsha,2025-04-21,COMPLETED,2000.00,PAID,2025-04-11 09:44:00,2025-04-11 13:26:00
249645,117340,72135,43,Ibadan-Oyo,2025-03-17,COMPLETED,4950.00,PAID,2025-03-12 18:43:00,2025-03-12 23:46:00
99147,109370,97380,17,Lagos-Zaria,2025-04-01,NO_SHOW,5375.25,PARTIAL,2025-03-29 11:14:00,2025-03-29 12:13:00
110724,105303,79107,20,Lagos - Sokoto,2025-03-29,CANCELLED,0.00,FAILED,2025-03-11 21:49:00,2025-03-12 01:30:00
168985,108047,99965,46,Ibadan-Abeokuta,2025-04-10,COMPELTED,3600.00,PAID,2025-03-29 17:27:00,2025-03-29 19:44:00
42482,107670,115961,2,Lagos-Ibadan,2025-06-09,COMPLETED,2150.00,PAID,2025-05-21 10:13:00,2025-05-21 14:54:00
211810,111535,38312,15,Lagos-Jos,2025-04-05,COMPLETED,6700.00,PAID,2025-04-02 16:36:00,2025-04-02 20:00:00
86033,NaN,96053,31,Port Harcourt-Enugu,2025-03-27,EXPIRED,0.00,FAILED,2025-03-21 15:04:00,2025-03-21 19:00:00
178757,109814,41824,23,Abuja-Jos,2025-04-19,PENDING,13000.00,PENDING,2025-04-05 07:37:00,2025-04-05 10:47:00
194480,111716,95259,52,Enugu-Makurdi,2025-04-11,COMPLETED,6500.00,PAID,2025-04-07 19:46:00,2025-04-08 00:38:00
115791,124680,14040,38,Port Harcourt-Asaba,2025-05-24,COMPLETED,5100.00,PAID,2025-05-04 07:51:00,2025-05-04 13:32:00
65615,100026,71635,60,Kaduna-Katsina,2035-01-01,COMPLETED,11100.00,PAID,2025-06-07 19:40:00,2025-06-07 21:51:00
83673,109786,10020820,43,Ibadan-Oyo,2025-03-17,COMPLETED,3150.00,PAID,2025-03-15 15:45:00,2025-03-15 18:07:00
45083,122335,16936,33,PORT HARCOURT - OWERRI,2025-03-29,PENDING,6150.00,PENDING,2025-03-24 12:06:00,2025-03-24 16:39:00
145219,119956,22386,35,Port Harcourt-Uyo,2025-05-12,PENDING,11673.38,PENDING,2025-05-08 16:33:00,2025-05-08 18:57:00
82865,123562,59118,52,Enugu-Makurdi.,2025-03-27,CANCELLED,7750.00,REFUNDED,2025-03-24 21:21:00,2025-03-24 21:40:00
43073,119007,104446,34,Port Harcourt-Warri,2025-05-28,completed,5436.47,PAID,2025-05-22 18:19:00,2025-05-23 00:06:00
158831,102407,110106,14,Lagos-Uyo,2025-04-15,COMPLETED,2350.00,PAID,2025-04-12 18:59:00,2025-04-15 08:15:00
214080,109956,47589,58,Kano-Bauchi,2025-05-30,COMPLETED,14100.00,PAID,2025-05-15 12:58:00,2025-05-15 13:33:00
209161,107273,24953,9,Lagos-Onitsha,2025-04-27,COMPLETED,1650.00,PAID,2025-04-12 21:07:00,2025-04-12 22:05:00
27309,119025,47502,59,Kaduna-Zaria,2025-05-13,COMPLETED,14700.00,PAID,2025-04-24 13:31:00,2025-04-24 17:31:00
146319,119373,1517,43,Ibadan-Oyo,2025-03-18,COMPLETED,3550.00,PAID,2025-03-12 14:36:00,2025-03-26 11:53:00
9346,109733,7117,26,Abuja-Bauchi,2025-06-02,CANCELLED,0.00,PAID,2025-05-23 16:47:00,2025-05-23 20:48:00
181776,120947,43402,59,KADUNA - ZARIA,2025-06-06,CANCELLED,8650.00,REFUNDED,2025-05-31 05:59:00,2025-05-31 08:59:00
36227,122396,108295,60,Kaduna-Katsina,2025-05-20,PENDING,20650.00,PENDING,2025-05-05 07:57:00,2025-05-05 13:45:00
54293,105959,56790,3,Lagos-Port Harcourt,2025-04-15,COMPLETED,3261.43,PAID,2025-03-31 18:18:00,2025-03-31 22:44:00
32799,114567,22682,41,Ibadan-Lagos,2025-04-17,COMPLETED,2650.00,PAID,2025-04-10 17:57:00,2025-04-10 23:22:00
61046,NULL,27237,3,Lagos-Port Harcourt,2025-06-12,COMPLETED,2931.29,PAID,2025-05-22 14:50:00,2025-05-22 17:47:00
32085,112800,73476,38,Port Harcourt-Asaba,2025-05-19,COMPLETED,6400.00,PAID,2025-05-02 16:53:00,2025-05-02 18:48:00
35399,106964,37548,58,Kano Bauchi,2025-05-14,REFUNDED,13100.00,REFUNDED,2025-04-25 21:12:00,2025-04-25 22:23:00
26941,109630,118539,2,Lagos-Ibadan,2025-03-30,PENDING,3200.00,PENDING,2025-03-21 21:33:00,2025-03-22 01:34:00
227218,114644,12301,13,Lagos-Akure,"Jun 15, 2025",CANCELLED,1932.18,REFUNDED,2025-04-09 21:44:00,2025-04-09 23:53:00
79603,112013,28285,19,Lagos-Abadan,2025-05-15,PENDING,2950.00,PENDING  ,2025-05-06 19:59:00,2025-05-10 08:22:00
18505,103274,73311,59,Kaduna-Zaria,2025-04-06,COMPLETED,9550.00,PAID,2025-04-01 06:01:00,2025-04-01 10:34:00
67676,108060,50441,14,Lagos-Uyo,2025-05-10,COMPLETED ,2488.34,PAID,2025-05-09 19:31:00,2025-05-10 01:24:00
155102,114587,8093,37,Port Harcourt-Onitsha,2025-03-16,COMPLETED,7050.00,PAID,2025-03-15 20:36:00,2025-03-15 21:23:00
154306,116875,68196,60,Kaduna-Katsina,2025-06-12,CANCELLED,13250.00,REFUNDED,2025-06-11 16:22:00,2025-06-11 19:21:00
86020,116096,79360,15,Lagos-Jos,2025-05-01,COMPLETED,4050.00,PAID,2025-04-20 11:32:00,2025-04-20 14:37:00
28949,119209,81215,11,Lagos-Maiduguri,2025-04-20,REFUNDED,7000.00,REFUNDED,2025-04-15 14:49:00,2025-04-18T08:20:00Z
218222,103426,9856,56,Kano-Maiduguri,2025-04-20,COMPLETED,15401.88,PAID,2025-04-12 20:37:00,2025-04-12 23:31:00
167656,102016,15970,39,  Port Harcourt-Ibadan,2025-04-23,COMPLETED,8900.00,PAID,2025-04-16 10:57:00,2025-04-19 06:15:00
209530,103097,110520,28,Abuja-Ilorin,2025-04-13,COMPLETED,6877.67,PAID,2025-04-08 15:18:00,2025-04-08 18:37:00
13883,108442,23662,14,Lagos-Uyo,2025-06-01,COMPLETED,1700.00,PAID,2025-05-31 15:38:00,2025-05-31 17:18:00
228838,114419,13944,51,Enugu-Aba,2025-06-10,COMPLETED,4339.15,PAID,2025-06-04 11:18:00,2025-06-07 02:12:00
83949,103535,112493,17,Lagos-Zaria,2025-05-26,PENDING,6161.41,PENDING,20250517124100,2025-05-17 16:06:00
4437,103446,102046,3,Lagos-Port Harcourt,2025-04-13,CANCELLED,3400.00,REFUNDED,2025-03-29 15:18:00,2025-03-29 15:18:00
135036,115263,102264,17,Lagos-Zaria,2025-05-28,COMPLETED,6900.00,PAID,2025-05-14 08:13:00,2025-05-14 12:27:00
56999,105670,16568,59,Kaduna-Zaria,2025-04-03,CANCELLED,0.00,PAID,2025-03-17 17:58:00,2025-03-17 22:56:00
74819,104950,112456,38,Port Harcourt-Asaba,2025-04-19,COMPLETED,6706.49,PAID,2025-04-08 10:26:00,2025-04-08 14:46:00
130358,101537,35724,3,Lagos-Port Harcourt  ,2025-04-22,COMPLETED,1955.82,PAID,2025-04-13 20:26:00,2025-04-13 22:16:00
12456,117184,68252,13,Lagos-Akure,2025-04-16,PENDING,2050.00,PENDING,2025-03-29 20:27:00,2025-03-30 01:08:00
188328,900406,37127,13,Lagos-Akure,2025-03-27,COMPLETED,,PAID,2025-03-10 20:46:00,2025-03-11 00:48:00
59338,102992,7806,22,Abuja-Kano,2025-04-14,COMPLETED,11000.00,PAID,2025-04-01 06:02:00,2025-04-01 10:36:00
70993,123057,23054,1,Lagos-Abuja,2025-06-05,CANCELLED,0.00,PARTIAL,2025-05-19 06:58:00,2025-05-19 07:01:00
114142,117828,114216,17,Lagos-Zaria,2025-04-06,COMPLETED,5050.00,PAID,2025-04-02 14:28:00,2025-04-03 02:02:00
139770,111181,55154,39,Port Harcourt-Ibadan,2025-05-01,COMPLETED,7050.00,PAID,2025-04-28 17:01:00,2025-04-28 22:00:00
20712,120307,18548,59,Kaduna-Zaria,2025-04-13,CANCELLED,12450.00,REFUNDED,2025-03-24 16:23:00,
109951,114921,89396,23,Abuja-Jos,2025-03-25,complete,14200.00,PAID,2025-03-17 11:30:00,2025-03-17 15:33:00
25280,107100,110470,56,Kano-Maiduguri,2025-05-30,COMPLETED,17750.00,PAID,2025-05-29 06:54:00,2025-05-29 10:17:00
190477,117190,63578,15,Lagos-Jos,2025-04-03,COMPLETED,7026.69,paid,2025-03-26 17:11:00,2025-03-26 17:34:00
203300,120108,105541,54,Kano-Zaria,2025-03-22,COMPLETED,14053.11,PAID,2025-03-13 16:41:00,2025-03-13 18:55:00
85667,113580,70753,15,Lagos-Jos,2025-04-13,EXPIRED,4600.00,PENDING,2025-04-05 06:29:00,2025-04-05 10:29:00
131248,104445,105653,17,Lagos-Zaria,2025-06-11,COMPLETED,8300.00,PAID,2025-06-03 14:30:00,2025-06-03 15:08:00
185272,109211,86583,49,Enugu-Awka,2025-03-18,CANCELLED,0.00,PAID,2025-03-15 18:20:00,2025-03-15 18:35:00
31140,119627,48802,6,Lagos-Benin City,2025-05-01,CANCELLED,3050.00,REFUNDED,2025-04-14 20:44:00,2025-04-14 22:35:00
141709,124998,75914,43,Ibadan-Oyo,2025-03-30,CANCELED,0.00,PAID,2025-03-23 12:35:00,2025-03-23 15:55:00
197615,105646,111700,25,Abuja-Maiduguri,2025-04-24,complete,16300.00,PAID,2025-04-15 05:13:00,2025-04-16 16:18:00
233630,116968,10777,54,Kano-Zaria,2025-05-23,COMPLETED,7150.00,PAID,2025-05-11 11:48:00,2025-05-11 14:27:00
31256,120245,94821,11,Lagos-Maiduguri,2025-02-30,PENDING,8250.00,PENDING,2025-03-31 20:23:00,2025-04-02 15:51:00
60699,109301,71919,49,Enugu-Awka,2025-05-22,COMPLETED,3857.18,PAID,2025-05-18 05:26:00,2025-05-18 12:02:00
228553,108668  ,80385,11,Lagos-Maiduguri,2025-04-20,COMPLETED,7250.00,PAID,2025-04-05 12:08:00,2025-04-05 14:04:00
80095,110443,24462,13,Lagos-Akure,2025-05-22,COMPLETED,2700.00,PAID,2025-05-22 18:13:00,2025-05-22 21:17:00
102570,101236,11597,9,Lagos-Onitsha,2025-05-19,COMPLETED,1350.00,PAID,2025-05-11 09:25:00,2025-05-11 11:11:00
78074,103012,75170,38,Port Harcourt-Asaba,2025-05-14,COMPLETED,5400.00,PAID,2025-05-07T18:19:00Z,2025-05-07 23:41:00
155016,900297,95465,23,Abuja-Jos,2025-03-27,EXPIRED,0.00,FAILED,2025-03-20 08:14:00,2025-03-20 10:35:00
135666,123062,84270,46,Ibadan-Abeokuta,2025-04-14,COMPLETED,0.00,PAID,2025-04-12 08:58:00,2025-04-12 09:31:00
180540,122520,81640,35,Port Harcourt-Uyo  ,2025-05-10,COMPLETED,12350.00,PAID,2025-05-10 17:21:00,2025-05-10 23:06:00
83038,111027,84603,31,Port Harcourt-Enugu,2025-04-15,COMPLETED,9419.83,paid,2025-04-06 14:59:00,2025-04-06 15:37:00
178715,113763,57544,19,Lagos-Abadan,2025-06-09,COMPLETED,3327.57,PAID,2025-06-06 12:36:00,2025-06-08 19:55:00
171785,119899,65613,38,Port Harcourt-Asaba,2025-06-01,completed,6416.66,PAID,2025-05-25 21:19:00,2025-05-26 01:42:00
139790,124421,52649,17,Lagos-Zaria,2025-04-11,COMPLETED,5200.00,PAID,2025-03-28 19:40:00,2025-03-28 22:02:00
2100,118116,113747,10,LAGOS - WARRI,2025-05-17,COMPLETED,5400.00,PAID,2025-05-02 05:43:00,2025-05-02 10:23:00
129590,123877,14628,60,Kaduna-Katsina,2025-04-04,COMPLETED  ,14400.00,PAID,2025-03-17 06:16:00,2025-03-17 10:38:00
205682,120699,77624,2,Lagos-Ibadan,2025-05-14,COMPLETED,1950.00,PAID,2025-04-25 13:34:00,2025-04-25 14:36:00
73870,110667,90924,57,Kano-Sokoto,2025-04-25,COMPLETED,8450.00,PAID,2025-04-09 19:54:00,2025-04-09 23:26:00
147530,119513,10515,36,Port Harcourt _ Calabar,2025-05-15,COMPLETED,5800.00,PAID,2025-05-07 14:57:00,2025-05-07 20:13:00
69303,120674,10460,9,Lagos-Onitsha,2025-05-08,completed,1450.00,PAID,2025-05-06 21:42:00,2025-05-06 23:51:00
231067,118852,5310,17,Lagos-Zaria,2025-03-30,COMPLETED,4750.00,PAID,2025-03-09 07:27:00,2025-03-09 11:13:00
136666,105231,36475,52,Enugu-Makurdi,2025-05-15,COMPLETED,6750.00,PAID,2025-05-13 18:49:00,2025-05-13 23:01:00
144149,100629,52293,51,Enugu-Aba,2025-05-20,EXPIRED,8400.00,PAID,2025-05-03 20:54:00,2025-05-03 23:58:00
247640,108757,44954,39,Port Harcourt-Ibadan,2025-05-12,EXPIRED,0.00,FAILED,2025-05-09 11:05:00,2025-05-09 14:05:00
10999,120227  ,111614,18,Lagos-Asaba,2025-04-25,COMPLETED,1750.00,PAID,2025-04-25 15:00:00,2025-04-25 20:50:00
170601,108484,88668,13,Lagos-Akure,2025-05-20,PENDING,1850.00,PENDING,2025-05-09 07:38:00,2025-05-11 11:37:00
73911,112418,33232,23,Abuja-Jos,2025-04-07,COMPLETED,15100.00,PAID,2025-03-18 16:59:00,2025-03-18 17:57:00
208381,121130,93826,2,Lagos-Ibadan,2025-04-15,PENDING,2750.00,PENDING,2025-04-15 12:09:00,2025-04-19 05:20:00
158084,100070,107991,53,Kano-Kaduna,2025-06-10,CANCELLED,0.00,PENDING ,2025-06-08 11:12:00,2025-06-08 16:57:00
220536,124967,39868,26,Abuja-Bauchi,2025-03-20,COMPLETED,9300.00,PAID,2025-03-03 18:10:00,2025-03-03 19:27:00
87974,111202,22317,32,Port Harcourt-Aba,2025-03-15,COMPLETED,6600.00,PAID ,2025-02-24 17:28:00,2025-02-24 20:12:00
113460,101068,192,48,Enugu-Owerri,2025-05-07,COMPLETED,7145.39,PAID,2025-04-25 16:03:00,2025-04-26 12:15:00
218611,115073,59998,33,Port Harcourt-Owerri,2025-06-07,EXPIRED,7400.00,PENDING,2025-05-25 21:30:00,2025-05-26 00:28:00
186691,112452,116730,15,Lagos-Jos,2025-03-15,COMPLETED,2855.39,PAID,2025-02-25 05:01:00,2025-02-25 07:03:00
49443,115079,37797,15,Lagos-Jos,2025-06-05,PENDING,5300.00,PENDING,2025-05-25 11:20:00,2025-05-25 16:49:00
7644,110983,111325,12,Lagos-Calabar,2025-03-16,PENDING,1950.00,PENDING,2025-03-12 08:31:00,2025-03-12 13:24:00
119101,117562,15474,57,Kano-Sokoto,2025-05-10,EXPIRED,0.00,FAILED,2025-05-08 11:05:00,2025-05-08 12:17:00
191978,112009,23845,3,Lagos-Port Harcourt,2025-05-08,COMPLETED,2870.51,PAID,2025-05-05 12:13:00,2025-05-05 14:38:00
102556,109360,105785,22,Abuja-Kano,2025-05-06,COMPLETED,8000.00,PAID,2025-04-29 06:03:00,2025-04-29 10:00:00
121950,112047,51384,14,Lagos-Uyo,2025-06-02,COMPLETED,1800.00,PAID,2025-05-29 18:38:00,2025-06-02 17:42:00
208613,111779,85664,47,Enugu - Onitsha,2025-05-30,COMPLETED,3750.00,PAID,2025-05-16 08:15:00,2025-05-16 13:58:00
111527,110894,62257,17,Lagos-Zaria.,2025-03-31,COMPLETED,5150.00,PAID,2025-03-26 15:05:00,2025-03-26 18:12:00
31870,109129,83018,3,Lagos-Port Harcourt,2025-04-13,Completed,2950.00,PAID,2025-04-09 06:05:00,2025-04-09 12:01:00
4994,115146,84920,13,Lagos-Akure,2025-03-23,COMPLETED,3188.27,p,2025-03-18 21:25:00,2025-03-19 01:12:00
88109,102379,32047,43,Ibadan-Oyo,2025-03-21,COMPLETED,3749.20,PAID,2025-03-04 09:41:00,2025-03-04 11:05:00
62967,121004,113205,32,Port Harcourt-Aba,2025-05-21,COMPLETED,6900.00,PAID,2025-04-30 06:56:00,2025-04-30 10:58:00
136382,117201,62292,11,Lagos-Maiduguri  ,2025-05-14,PENDING,8750.00,PENDING,2025-05-12 06:56:00,2025-05-12 09:22:00
162853,   ,5986,22,Abuja-Kano,2025-05-16,CANCELLED,11100.00,REFUNDED,2025-05-13 13:14:00,2025-05-13 17:56:00
108827,118488,,28,Abuja-Ilorin,2025-04-29,COMPLETED,10200.00,PAID,2025-04-09 09:40:00,2025-04-09 10:05:00
14873,109450,78595,38,Port Harcourt-Asaba,2025-03-19,COMPLETED,5750.00,PAID,2025-02-26 06:23:00,2025-02-26 07:45:00
117751,NULL,69999,39,Port Harcourt-Ibadan,2025-05-05,CANCELLED,0.00,PAID,2025-04-25 11:04:00,2025-04-28 12:17:00
30622,100515,51441,9,Lagos-Onitsha,2025-03-19,CANCELLED,0.00,PAID ,2025-03-14 17:18:00,2025-03-14 18:08:00
246459,112944,39622,16,Lagos-Ilorin,2025-05-14,COMPLETED,2900.00,PAID,2025-04-30 10:14:00,2025-04-30 14:39:00
50329,107795,5562,25,Abuja-Maiduguri,2025-04-16,COMPLETED,16100.00,PAID,2025-04-16 17:36:00,2025-04-16 22:03:00
25071,100180,114081,48,Enugu-Owerri,2025-04-26,COMPLETED,7100.00,PAID,2025-04-21 18:58:00,2025-04-25 03:18:00
158254,110513,79644,58,Kano-Bauchi,2025-05-24,COMPLETED,4500.00 NGN,PAID,2025-05-17 21:40:00,2025-05-18 01:34:00
41182,104251,60734,58,Kano-Bauchi,2025-05-25,COMPLETED,16800.00,PAID,2025-05-10 11:01:00,2025-05-10 16:19:00
215539,122017,24907,38,Port Harcourt-Asaba,2025-05-02,COMPLETED,11650.00,PAID,2025-04-14 05:03:00,2025-04-14 05:11:00
106380,102872,49041,18,Lagos-Asaba,2025-04-06,NO_SHOW,1454.31,PAID,2025-03-22 16:25:00,2025-03-22 18:52:00
247103,123386,94243,23,Abuja-Jos,2025-06-01,COMPLETED,12760.05,PAID,2025-05-28 17:27:00,2025-05-28 23:01:00
103381,115526,67555,56,Kano-Maiduguri,2025-04-13,CANCELLED,13950.00,REFUNDED,2025-04-07 16:43:00,2025-04-07 18:40:00
92385,104443,26102,11,Lagos-Maiduguri,2025-05-09,COMPLETED,11500.00,PAID,2025-04-30 18:38:00,2025-04-30 20:15:00
167509,101948,7664,58,Kano-Bauchi,2025-05-26,CANCELLED,0.00,FAILED,2025-05-08 08:13:00,2025-05-09 01:22:00
207320,101028,36546,47,Enugu-Onitsha,2025-05-22,COMPLETED,4300.00,PAID,2025-05-22 15:33:00,2025-05-22 18:02:00
238196,103822,68751,41,Ibadan-Lagos,2025-05-27,CANCELLED,2800.00,REFUNDED,2025-05-17 07:59:00,2025-05-17 11:52:00
236123,100674,45548,5,Lagos-Kano,2025-03-18,COMPLETED,6150.00,PAID,2025-03-05 07:29:00,2025-03-05 13:11:00
144512,115047,2562,15,Lagos-Jos,2025-03-17,PENDING,4491.70,PENDING,2025-03-12 07:43:00,2025-03-12 12:45:00
38896,NaN,85190,13,Lagos-Akure,2025-05-20,COMPLETED,1950.00,PAID,2025-05-12 14:02:00,2025-05-12 17:31:00
15879,111130,101911,13,Lagos–Akure,2025-05-02,PENDING,1800.00,PENDING,2025-04-18 19:06:00,2025-04-18 19:10:00
227393,121558,82308,15,Lagos-Jos,2025-04-25,COMPLETED,4050.00,PAID,2025-04-11 16:54:00,2025-04-11 19:30:00
244680,120386,51085,14,Lagos-Uyo,2025-05-01,COMPLETED,2050.00,PAID,2025-04-23 07:15:00,2025-04-23 07:52:00
22473,105513,92211,21,Abuja-Kaduna,2025-06-05,COMPLETED,8750.00,PAID,2025-05-16 21:36:00,2025-05-17 03:20:00
22336,900687,38219,51,Enugu-Aba,2025-03-22,COMPLETED,8150.00,PAID,2025-03-16 12:17:00,2025-03-16 17:38:00
155597,118397,24158,1,Lagos-Abuja,2025-05-26,CANCELLED,7500.00,REFUNDED,2025-05-20 13:43:00,2025-05-20 14:31:00
75433,116136,55470,3,Lagos-Port Harcourt,2025-05-06,COMPLETED,3300.00,PAID,2025-04-15 17:02:00,2025-04-15 22:51:00
196599,108161,89438,54,Kano-Zaria,2025-06-12,CANCELLED,0.00,paid,2025-05-24 19:47:00,2025-05-24 22:06:00
175835,107179,67372,59,Kaduna-Zaria,2025-05-17,CANCELLED,0.00,PAID,2025-05-09T09:26:00Z,2025-05-09 14:46:00
99697,121075,58989,57,Kano-Sokoto,2025-05-04,COMPLETED,15500.00,PAID,2025-04-23 12:25:00,2025-04-27 11:51:00
27897,102346,98398,5,Lagos-Kano,2025-06-04,COMPLETED,5350.00,PAID,2025-05-23 16:45:00,2025-05-23 19:50:00
166179,120804,108027,28,Abuja-Ilorin,2025-03-31,CANCELLED,0.00,PAID,2025-03-24 13:04:00,2025-03-24 17:58:00
10363,102548,99962,14,Lagos-Uyo,2025-03-26,COMPLETED,2000.00,PAID,2025-03-07 12:54:00,2025-03-07 12:57:00
48714,109509,32298,31,Port Harcourt-Enugu,2025-06-01,COMPLETED,4000.00,PAID,2025-05-13 12:59:00,2025-05-13 15:43:00
00180951,113978,61176,54,Kano-Zaria,2025-03-24,CANCELLED,0.00,PAID,2025-03-19 20:00:00,2025-03-20 01:11:00
35877,102811,60290,3,Lagos-Port Harcourt,2025-04-26,COMPLETED,4150.00,p,2025-04-06 19:59:00,2025-04-06 20:00:00
89952,116696,13198,56,Kano-Maiduguri,2025-05-19,COMPLETED,19900.00,PAID,2025-05-07 20:04:00,2025-05-08 01:43:00
177000,106808,10384,15,Lagos-Jos,2025-05-16,COMPLETED,2750.00,PAID,2025-05-12 21:41:00,2025-05-14 10:21:00
176312,116183,118425,2,Lagos-Ibadan,2025-05-24,COMPLETED,2700.00,PAID,2025-05-11 16:06:00,2025-05-11 18:02:00
215904,110953,91035,58,Kano-Bauchi,2025-06-06,COMPLETED,14950.00,PAID  ,2025-05-24 14:39:00,2025-05-24 14:59:00
159497,110344,45425,20,  Lagos-Sokoto,2025-03-16,COMPLETED,5500.00,PAID,2025-02-25 13:43:00,2025-02-25 17:19:00
71131,105002,8624,49,Enugu to Awka,2025-04-26,EXPIRED,3200.00,PAID,2025-04-08 20:29:00,2025-04-09 02:05:00
138588,103644,92829,46,Ibadan-Abeokuta,2000-06-15,COMPLETED,5000.00,PAID,2025-04-12 13:47:00,2025-04-12 16:12:00
17631,106065,43160,3,Lagos-Port Harcourt.,2025-04-07,CANCELLED,0.00,PAID,2025-03-20 09:44:00,2025-03-20 14:08:00
146918,119615,106453,28,Abuja-Ilorin.,2025-04-16,COMPLETED,7900.00,PAID,2025-03-29 05:45:00,
85030,113336,85163,10,Lagos-Warri,2025-06-11,COMPLETED,4100.00,PAID,2025-06-02T17:24:00Z,2025-06-02 22:12:00
180829,112460,25498,19,Lagos-Abadan,2025-03-21,COMPLETED,2300.00,PAID,2025-03-17 17:11:00,2025-03-17 18:44:00
15802,105273,101860,10,Lagos-Warri,2025-03-29,COMPLETED,3765.74,PAID,2025-03-09 18:32:00,2025-03-09 19:28:00
228029,121489,67211,26,Abuja - Bauchi,2025-06-11,COMPLETED,9700.00,PAID,2025-06-08 18:33:00,2025-06-10 10:57:00
158418,112619,10854,60,Kaduna-Katsina,2025-04-08,COMPLETED,13200.00,PAID,2025-03-31 09:00:00,2025-03-31 10:41:00
45002,124678,46205,9,Lagos  Onitsha,2025-03-21,COMPLETED,0.00,PAID,2025-03-02 21:35:00,2025-03-04 19:41:00
121483,900897,36516,49,Enugu-Awka,2025-03-29,COMPLETED,3300.00,PAID,2025-03-10 10:52:00,2025-03-10 15:22:00
125932,900841,71817,2,Lagos-Ibadan,2025-03-21,COMPLETED,2350.00,PAID,2025-03-19 09:40:00,2025-03-22 16:23:00
168989,121842,72934,43,Ibadan-Oyo,2025-06-05,REFUNDED,2450.00,REFUNDED,2025-05-16 13:17:00,2025-05-29 21:44:00
158683,900538,99200,15,Jos-Lagos,2025-04-30,COMPLETED,4200.00,PAID,2025-04-22 21:40:00,2025-04-23 03:39:00
16022,101211,47584,41,Ibadan-Lagos,2025-05-10,COMPLETED,2124.97,PAID,2025-05-02 09:38:00,2025-05-02 14:00:00
235077,114858,69875,35,Port Harcourt-Uyo,2025-04-03,COMPLETED,6650.00,PAID,2025-04-03 13:29:00,2025-04-05 15:53:00
184783,   ,39692,2,Lagos-Ibadan,2025-05-30,COMPLETED,3000.00,PAID,2025-05-13 17:06:00,
17050,123354,52592,17,Lagos-Zaria,2025-03-20,COMPLETED,7929.27,PAID ,2025-02-28 19:13:00,2025-03-01 00:36:00
234955,105266,58970,55,Kano-Katsina,2025-06-11,COMPLETED,22450.00,PAID,2025-06-03 21:22:00,2025-06-04 02:13:00
102323,107141,64633,14,Lagos-Uyo,2025-04-28,PENDING,3000.00,PENDING,2025-04-27 06:45:00,2025-04-30 12:21:00
104135,100844,99870,43,Ibadan-Oyo,2025-03-17,COMPLETED,5100.00,PAID,2025-03-15 11:48:00,2025-03-15 13:08:00
133565,104672,67928,3,Lagos-Port Harcourt,2025-04-12,CANCELLED,4950.00,REFUNDED,2025-03-27 21:05:00,2025-03-27 21:38:00
91006,124026,82854,55,Kano to Katsina,2025-06-03,NO_SHOW,17750.00,PAID,2025-05-27 19:32:00,2025-05-28 00:41:00
37102,102447,21727,3,Lagos-Port Harcourt,2025-06-13,COMPLETED,2950.00,PAID,2025-06-13 13:19:00,2025-06-13 17:14:00
41519,122075,2422,1,Lagos-Abuja,2025-05-30,CANCELLED,2501.86,REFUNDED,2025-05-16 19:51:00,2025-05-16 23:30:00
210971,110480,81380,36,Port Harcourt-Calabar,2025-05-25,COMPLETED,7200.00,PAID,2025-05-19 05:18:00,2025-05-19 08:33:00
46759,118696,51526,38,Port Harcourt-Asaba,2025-05-04,COMPLETED,7450.00,PAID,2025-04-20 06:52:00,2025-04-20 12:18:00
128732,101964,76443,23,Abuja-Jos,2025-04-02,COMPLETED,14000.00,PAID,2025-03-31 13:40:00,2025-03-31 15:57:00
225934,116262,83474,38,Port Harcourt-Asaba,2025-05-22,COMPLETED,5800.00,PAID,2025-05-17 15:35:00,2025-05-17 18:05:00
108597,115293,36712,3,Lagos  Port Harcourt,2025-05-20,COMPLETED,2850.00,PAID,2025-05-04 08:50:00,2025-05-04 13:37:00
93162,117269,52391,35,Port Harcourt-Uyo,2025-05-12,Pending,5100.00,PENDING,2025-05-02 20:06:00,2025-05-03 00:50:00
164280,122671,93603,2,Lagos-Ibadan,2025-04-07,COMPLETEDX,0.00,PAID,2025-04-04 21:58:00,2025-04-04 22:06:00
40433,114925,27643,19,Lagos-Abadan,2025-04-17,COMPLETED,2250.00,PAID,2025-04-17 18:37:00,2025-04-17 20:32:00
206328,112632,42714,38,Port Harcourt-Asaba,2025-03-30,COMPLETED,12650.00,PAID,2025-03-10 05:22:00,2025-03-10 10:57:00
225232,115074,23190,9,Onitsha-Lagos,2025-05-12,CANCELLED,1800.00,REFUNDED,2025-04-29 14:02:00,2025-04-29 18:56:00
60050,114449,74782,19,Lagos-Abadan,2025-03-28,COMPLETED,2350.00,PAID,2025-03-07 18:52:00,2025-03-08 22:44:00
49762,900860,36434,58,Kano-Bauchi,2025-04-01,COMPLETED,12450.00,PAID,2025-03-24 16:10:00,2025-03-24 18:16:00
218783,116361,55264,47,Enugu-Onitsha,2025-04-28,PENDING,4483.28,PENDING,2025-04-16 21:08:00,2025-04-25 21:54:00
173597,107249,30753,13,Lagos-Akure,2025-04-29,COMPLETED,4850.00,PAID,2025-04-11 18:28:00,2025-04-11 21:54:00
59843,102701,34742,11,Lagos-Maiduguri,2025-03-26,COMPLETED,10550.00,PAID,2025-03-18 08:40:00,2025-03-18 13:28:00
10836,110937,42984,47,Enugu-Onitsha,2025-05-17,COMPLETED,5439.35,PAID,2025-05-14 07:14:00,2025-05-14 08:37:00
24136,104604,85323,14,Lagos-Uyo,2025-05-31,COMPLETED,3309.10,PAID,2025-05-11 08:09:00,2025-05-11 12:52:00
59741,NULL,91192,17,Lagos-Zaria,2025-03-29,CANCELLED,9450.00,REFUNDED,2025-03-16 13:52:00,2025-03-16 15:57:00
35827,110925,73882,13,Lagos-Akure,2025-04-20,COMPLETED,3600.00,PAID,2025-04-15 17:42:00,2025-04-18 19:53:00
165531,107759,55310,43,Ibadan-Oyo,2025-03-31,COMPLETED ,1850.00,PAID,2025-03-16 14:40:00,2025-03-16 16:01:00
193159,122279,44026,59,Kaduna-Zaria,2019-12-31,COMPLETED,9200.00,PAID,2025-05-20 19:28:00,2025-05-20 23:10:00
169948,118709,83107,15,Lagos-Jos,2025-05-12,COMPLETED,7100.00,PAID,2025-05-12 11:58:00,2025-05-12 17:40:00
54078,111737,97377,56,Kano-Maiduguri,2025-04-26,PENDING,18700.00,PENDING,2025-04-21 05:37:00,2025-04-21 06:00:00
213255,123166,35270,12,Lagos–Calabar,2025-05-04,COMPLETED,2250.00,PAID,2025-05-03 07:32:00,2025-05-06 21:35:00
147853,118386,10686,11,Lagos-Maiduguri,2025-04-22,COMPLETED,13550.00,Paid,2025-04-16 13:19:00,
127586,123820,29972,59,Kaduna-Zaria,2025-04-01,PENDING,18400.00,PENDING,2025-03-12 05:20:00,2025-03-12 08:35:00
4880,118395,97934,25,Abuja-Maiduguri,2025-05-09,CANCELLED,0.00,PAID,2025-04-20 19:44:00,2025-04-21 01:19:00
142935,116593,8461,22,Abuja-Kano  ,2025-05-19,CANCELLED,7300.00,REFUNDED,2025-05-04 19:33:00,2025-05-05 01:05:00
122849,100640,94500,60,Kaduna-Katsina,2025-05-30,COMPLETED,12650.00,PAID,2025-05-18 18:57:00,
135173,109001,108809,17,Lagos-Zaria,2025-04-12,CANCELLED,0.00,PAID,2025-04-08 17:28:00,2025-04-08 22:41:00
107911,111682,12468,26,Abuja-Bauchi,2025-04-13,COMPLETED,12850.00,PAID,2025-04-04 19:31:00,2025-04-05 01:07:00
80435,101453,109626,25,Abuja-Maiduguri,2025-05-11,COMPLETED,21850.00,PAID,2025-05-05 08:41:00,2025-05-05 12:55:00
34609,104781,79054,56,Kano-Maiduguri,2025-03-22,PENDING,22850.00,PENDING,2025-03-18 13:15:00,2025-03-19 10:57:00
248984,107035,5956,17,Lagos _ Zaria,2025-04-04,COMPLETED,7800.00,PAID,2025-03-21 15:13:00,2025-03-21 20:45:00
114405,103083,85985,15,Lagos-Jos,2025-03-29,CANCELLED,0.00,PENDING,2025-03-17 13:05:00,2025-03-17 16:55:00
104495,117303  ,90310,27,Abuja-Makurdi,2025-03-17,PENDING,10750.00,PENDING,2025-03-04 14:53:00,2025-03-04 19:49:00
8432,103999,1443,24,Abuja-Enugu,2025-04-24,COMPLETED,5950.00,PAID,2025-04-04 05:40:00,2025-04-04 06:07:00
240616,101675,30327,52,Enugu-Makurdi,2025-13-01,CANCELLED,0.00,PAID,2025-05-08 12:17:00,2025-05-08 17:36:00
101956,118657,43279,38,Port Harcourt-Asaba,2025-04-19,COMPLETED,8600.00,PAID,2025-04-17 10:06:00,2025-04-17 10:56:00
29144,119654,54942,21,Abuja-Kaduna,2025-05-18,EXPIRED,12800.00,PENDING,2025-05-02 05:02:00,2025-05-02 05:36:00
42621,,34527,5,Lagos-Kano,2025-03-27,COMPLETED,8750.00,PAID,2025-03-23 08:48:00,2025-03-23 11:43:00
17960,114511,42284,33,Port Harcourt-Owerri,2025-04-29,COMPLETED,6150.00,PAID,2025-04-11 05:44:00,2025-04-11 07:15:00
34180,114315,10083838,3,Lagos-Port Harcourt,2025-04-21,COMPLETED,3750.00,PAID,2025-04-20 07:53:00,2025-04-20 12:11:00
83529,114480,72032,33,Port Harcourt-Owerri,2025-03-27,CANCELLED  ,0.00,PAID,2025-03-18 08:07:00,2025-03-18 09:47:00
159006,900244,46241,6,Lagos-Benin City,2025-05-24,COMPLETED,3950.00,PAID,2025-05-09 06:28:00,2025-05-09 10:41:00
117423,123322,32750,26,Abuja-Bauchi,2025-04-20,COMPLETED,16350.00,PAID,2025-03-30 11:37:00,2025-03-30 16:00:00
193100,112337,118979,5,Lagos-Kano,2025-05-21,CANCELLED,0.00,PENDING,2025-05-01 19:17:00,2025-05-01 19:54:00
113188,121432,23679,35,Port Harcourt-Uyo,2025-04-02,COMPLETED,3550.00,PAID,2025-03-28 11:16:00,2025-03-28 17:15:00
91281,116563,105910,49,Enugu-Awka  ,2025-03-18,COMPLETED,3300.00,PAID,2025-03-04 11:28:00,2025-03-04 13:07:00
111983,108806,72228,59,Kaduna-Zaria,2025-04-10,COMPLETED,19550.00,paid,2025-03-22 10:50:00,2025-03-23 07:01:00
186750,110627,2817,59,Kaduna-Zaria Zaria,2025-05-24,CANCELLED,15250.00,REFUNDED,2025-05-10 05:46:00,2025-05-10 09:33:00
99648,117810,3645,49,Enugu-Awka,2025-04-12,CANCELLED,0.00,PAID,2025-04-07 07:06:00,2025-04-07 11:04:00
21431,119447,42918,2,  Lagos-Ibadan,2025-04-04,PENDING,1350.00,PENDING,2025-03-26 18:15:00,2025-03-27 00:09:00
76601,108423,59900,59,Kaduna-Zaria,2025-04-22,COMPLETED,7450.00,PAID,2025-04-19 16:00:00,2025-04-19 17:49:00
184157,121382,73741,60,Kaduna-Katsina,2025-04-05,COMPLETED,14100.00,PAID,2025-03-15 20:48:00,2025-03-16 01:08:00
241626,117991,1842,1,Lagos-Abuja,20250615,COMPLETED,4650.00,PAID,2025-04-05 09:56:00,2025-04-08 05:44:00
133628,115253,33384,16,Lagos-Ilorin,2025-05-11,COMPLETED,2700.00,PAID,2025-05-05 15:37:00,2025-05-05 19:13:00
238769,122669,34108,29,Abuja-Port Harcourt,2025-04-13,NO_SHOW,7150.00,PAID,2025-03-25 12:58:00,2025-03-25 15:19:00
196757,112640,70860,35,Port Harcourt-Uyo,2025-04-07,COMPLETED ,7500.00,PAID,2025-03-20 06:14:00,2025-03-20 10:59:00
117494,114895,70998,46,Ibadan-Abeokuta,2025-04-03,COMPLETED,2950.00,PAID,2025-03-24 15:27:00,
183313,104428,95049,47,Enugu-Onitsha,2025-06-10,COMPLETED,2100.00,PAID,2025-05-20 14:12:00,2025-06-02 21:56:00
94910,108345,11462,2,Lagos-Ibadan,2025-05-06,COMPLETED,2050.00,PAID ,2025-04-24 10:20:00,2025-04-28 05:47:00
75749,112624,106614,35,Port Harcourt-Uyo,2025-05-25,COMPLETED ,8350.00,PAID,2025-05-23 20:01:00,2025-05-23 20:51:00
169168,101190,101035,41,Ibadan-Lagos,2025-05-26,COMPLETED,3750.00,PAID,2025-05-26 14:20:00,2025-05-26 16:27:00
67886,106974,86413,32,Port Harcourt-Aba,2035-01-01,EXPIRED,0.00,FAILED,2025-05-20 09:40:00,2025-05-20 15:35:00
68225,118738,70909,11,Lagos-Maiduguri,2025-05-29,CANCELLED,0.00,FAILED,2025-05-19 20:37:00,2025-05-19 22:22:00
140549,121162,16550,3,Lagos-Port Harcourt,2025-03-30,NO_SHOW,4602.60,PENDING,2025-03-12 08:03:00,2025-03-12 08:06:00
68170,113568,6269,14,Lagos-Uyo,2025-04-26,PENDING,3100.00,PENDING,2025-04-07 06:19:00,2025-04-10 07:42:00
163518,124965,30816,22,Abuja-Kano,2025-04-15,COMPLETED,12400.00,PAID,2025-04-03 21:17:00,2025-04-04 22:22:00
134543,122900,17869,49,Enugu-Awka,2025-05-09,complete,4800.00,PAID,2025-04-19 09:17:00,2025-04-19 11:03:00
151713,119561,73217,11,Lagos _ Maiduguri,2025-05-03,PENDING,10300.00,PENDING,2025-04-12 14:12:00,2025-04-12 17:33:00
30349,103252,91492,12,Lagos-Calabar,2025-03-16,COMPLETED,2150.00,PAID,2025-03-06 15:13:00,2025-03-06 16:19:00
53161,110699,8337,11,Lagos-Maiduguri,2025-05-05,COMPLETED,7150.00,PAID,2025-04-24 15:16:00,2025-04-24 17:00:00
161289,104181,10227,59,Zaria-Kaduna,2025-04-01,PENDING,17950.00,PENDING,2025-03-25 14:08:00,2025-03-26 12:56:00
143206,105047,65424,17,Lagos-Zaria,2025-03-15,COMPLETED,5542.96,PAID,2025-02-26 07:42:00,2025-02-26 12:43:00
51463,113049,68834,14,Lagos-Uyo,15/06/2025,COMPLETED,2600.00,PAID,2025-06-03 16:23:00,2025-06-03 19:21:00
147648,116007,105678,58,Kano-Bauchi,2025-04-20,NO_SHOW,19400.00,FAILED,2025-04-09 08:05:00,2025-04-09 12:32:00
183429,102950,114032,2,Lagos-Ibadan,2025-05-08,CANCELLED,0.00,Refunded,2025-04-22 05:10:00,2025-04-22 09:57:00
223820,110872,57211,2,Lagos-Ibadan,2025-05-25,COMPLETED,1650.00,PAID,2025-05-19 14:16:00,2025-05-19 20:11:00
2726,120954,33421,51,Enugu-Aba,2025-05-24,PENDING,5350.00,PENDING,2025-05-04 18:08:00,2025-05-04 20:27:00
175690,121073,38074,13,Lagos-Akure,2025-05-26,COMPLETED,1850.00,PAID,2025-05-19 20:09:00,2025-05-20 01:25:00
188232,114298,104935,59,Kaduna-Zaria,2025-04-11,COMPLETED,8330.16,PAID,2025-03-29 18:57:00,2025-03-29 23:43:00
246004,106861,33774,54,Kano–Zaria,2025-05-06,CANCELLED,0.00,PARTIAL,2025-04-17 08:53:00,2025-04-17 11:18:00
131562,null,15702,41,Ibadan-Lagos,2025-06-10,REFUNDED,3000.00,REFUNDED,2025-05-28 14:35:00,2025-05-28 19:53:00
63773,109555,93960,5,Lagos-Kano,2025-03-28,CANCELLED,5150.00,REFUNDED,2025-03-26 05:23:00,2025-03-26 09:07:00
217147,124293,101408,41,Ibadan-Lagos,2025-05-12,NO_SHOW,3200.00,PAID,2025-04-26 09:30:00,2025-04-26 13:10:00
229802,108443,111296,12,Lagos-Calabar,2025-05-11,COMPLETED,2250.00,PAID ,2025-04-22 18:56:00,2025-04-22 22:22:00
246870,900347,27215,13,Lagos-Akure,2025-06-06,CANCELLED,6506.66,REFUNDED,2025-05-31 15:34:00,2025-05-31 16:08:00
29561,114226,48570,59,Kaduna-Zaria,2025-05-11,COMPLETED,12681.15,PAID  ,2025-04-22 17:30:00,2025-04-22 18:05:00
110915,109349,50798,NULL,Lagos-Abadan,2025-05-07,COMPLETED,3000.00,PAID,2025-04-16 14:35:00,2025-04-16 16:36:00
11267,109918,102011,21,Abuja-Kaduna,2025-04-17,PENDING,17750.00,PENDING,2025-04-08 10:11:00,2025-04-08 12:02:00
181958,100424,65928,35,Port Harcourt-Uyo,2025-03-23,COMPLETED,7000.00,PAID,2025-03-15 07:00:00,2025-03-15 07:34:00
161072,102352,20063,38,Port Harcourt-Asaba,2025-05-05,COMPLETED,7633.31,PAID,2025-04-30 07:50:00,2025-04-30 09:28:00
230019,121329,108033,56,Kano-Maiduguri,2025-04-17,COMPLETED,23850.00,PAID,2025-04-12 18:45:00,2025-04-13 00:23:00
16904,123427,34241,26,Abuja-Bauchi,2025-05-05,COMPLETED,-7325.62,PAID,2025-04-19 09:37:00,2025-04-19 11:25:00
170810,120937,107128,NULL,Lagos-Port Harcourt,2025-03-22,CANCELLED,6100.00,REFUNDED,2025-03-07 08:51:00,2025-03-07 11:04:00
138776,124106,10081636,57,Kano-Sokoto,2025-04-21,COMPLETED,19445.08,PAID,2025-04-02 21:24:00,2025-04-03 02:41:00
41843,111430,71852,59,Kaduna-Zaria,2025-05-06,  COMPLETED,17200.00,PAID,2025-04-18 13:55:00,2025-04-18 19:05:00
247888,118903,16355,54,Kano-Zaria,2025-06-14,COMPLETED,18300.00,p,2025-06-11 19:52:00,2025-06-11 22:41:00
108174,119350,96596,17,Lagos-Zaria,2025-04-20,COMPLETED,9700.00,PAID,2025-04-20 16:24:00,2025-04-24 02:18:00
52115,122340,44024,42,Ibadan-Ogbomoso,2025-03-30,COMPLETED,5150.00,PAID,2025-03-18 05:01:00,2025-03-18 07:17:00
185354,123644,88860,22,Abuja-Kano,2025-05-18,COMPLETED,15407.35,PAID,2025-04-27 07:58:00,2025-04-27 09:29:00
5992,104755,94594,60,Kaduna-Katsina,2025-05-13,COMPLETED,9450.00,PAID,2025-05-02 09:20:00,2025-05-02 09:44:00
154471,114300,75988,30,Abuja-Owerri,2025-04-22,COMPLETED,17700.00,PAID,2025-04-16 05:46:00,2025-04-16 06:40:00
155833,102609,109588,17,Lagos-Zaria,2025-13-01,COMPLETED,6250.00,PAID,2025-05-03 12:38:00,2025-05-03 14:23:00
159443,102738,30627,59,Kaduna-Zaria,2025-04-03,CANCELLED,14709.05,REFUNDED,2025-03-17 16:56:00,2025-03-17 17:26:00
114258,106574,31786,27,Abuja-Makurdi,2025-06-01,CANCELLED ,14100.00,REFUNDED,2025-05-15 15:43:00,2025-05-15 16:18:00
96301,122106,1251,15,Lagos-Jos,2025-04-08,COMPLETED,3450.00,PAID,20250321145100,2025-03-21 14:55:00
179413,103562,51134,15,Lagos-Jos,2025-04-06,PENDING,4900.00,PENDING,2025-04-06 07:17:00,2025-04-06 07:24:00
125181,121356,7143,22,Abuja-Kano,2025-03-26,COMPLETED,27500.00,PAID ,2025-03-17 06:01:00,2025-03-17 06:18:00
6026,102397,64017,00000032,Port Harcourt-Aba,2025-05-13,COMPLETED,5200.00,PAID,2025-04-22 14:39:00,2025-04-22 19:26:00
246634,124720,40098,47,Enugu-Onitsha,2025-03-16,COMPLETED,3500.00,PAID,2025-03-13 11:02:00,2025-03-13 16:55:00
92730,  118218,54834,1,Lagos-Abuja,2025-04-02,COMPLETED,5500.00,PAID,2025-03-29 12:35:00,2025-03-29 14:31:00
10942,113949,89904,56,Kano-Maiduguri,2025-04-02,Completed,17000.00,PAID,2025-03-23 06:45:00,2025-03-26 01:34:00
185329,116913,70679,43,Ibadan-Oyo,2025-05-05,COMPLETED,3550.00,PAID,2025-04-28 20:59:00,2025-05-02 05:18:00
152954,114611,88205,46,Ibadan-Abeokuta,2025-06-08,COMPLETED,2150.00,PAID,2025-05-30 12:57:00,2025-05-31 14:58:00
222993,117617,19284,17,Lagos-Zaria,2025-04-30,COMPLETED,5850.00,PAID,2025-04-09 07:31:00,2025-04-09 12:07:00
178106,122125,96770,47,Enugu-Onitsha,2025-04-25,CANCELLED,0.00,,2025-04-21 05:30:00,2025-04-21 07:21:00
191664,118001,26156,13,Lagos-Akure,2025-03-18,COMPLETED,3400.00,PAID,2025-03-05 09:29:00,2025-03-05 11:26:00
38672,111686,94542,47,Enugu - Onitsha ,2025-05-21,COMPLETED,4090.69,PAID,2025-05-08 07:14:00,2025-05-08 08:57:00
247554,123519,12993,17,Lagos-Zaria,2025-04-05,CANCELLED,6900.00,REFUNDED,2025-03-20 13:35:00,2025-03-20 15:18:00
219473,118962,0,26,Abuja-Bauchi,2025-04-21,COMPLETED,15600.00,PAID,2025-04-04 11:48:00,2025-04-04 15:19:00
178108,123505,39079,13,Lagos-Akure,2025-05-01,COMPLETED,2500.00,PAID,2025-04-16 05:20:00,2025-04-16 10:41:00
191092,116918,10001539,28,Abuja-Ilorin,2025-05-05,COMPLETED,7250.00,PAID,2025-04-17 14:04:00,2025-04-19 16:22:00
152096,121997,114295,11,Lagos-Maiduguri,2025-04-16,COMPLETED,11512.78,PAID,2025-03-28 11:16:00,2025-03-28 17:09:00
24190,113234,70331,59,Kaduna-Zaria,2025-03-23,PENDING,8547.66,PENDING,2025-03-14 14:47:00,2025-03-14 16:59:00
166872,101031,51323,15,Lagos–Jos,2025-03-29,COMPLETED,3750.00,PAID,2025-03-14 06:32:00,2025-03-14 06:34:00
183845,120935,36311,44,Ibadan-Ilorin,2025-05-06,CANCELLED,0.00,PAID,2025-04-18 18:30:00,2025-04-18 21:53:00
196988,102650,54592,51,Enugu-Aba,2025-06-10,COMPLETED,5250.00,p,2025-06-10 06:27:00,2025-06-10 11:38:00
63184,122720,25684,43,Ibadan-Oyo,2025-05-06,COMPLETED,4379.41,PAID,2025-05-02 13:04:00,2025-05-09 23:43:00
165683,122941,52514,22,Abuja-Kano,2025-06-02,CANCELLED,12658.08,REFUNDED,2025-05-25 06:34:00,2025-05-25 08:29:00
6536,110587,57652,17,Lagos-Zaria,2025-04-27,COMPLETED,6900.00,PAID,2025-04-21 17:12:00,2025-04-21 22:29:00
95658,108437,82300,43,Ibadan-Oyo,2025-05-28,COMPLETED,4000.00,PAID,2025-05-08 14:54:00,2025-05-08 19:39:00
106950,108867,4433,49,Enugu-Awka,2025-06-12,COMPLETED,7150.00,PAID,2025-06-08 18:06:00,2025-06-08 20:11:00
219494,120857,75404,54,Kano-Zaria,15 Jun,COMPLETED,21743.93,PAID,2025-04-17 05:18:00,2025-04-17 10:55:00
16305,119561,86986,1,Lagos-Abuja,2025-04-29,REFUNDED,3050.00,REFUNDED,2025-04-11 09:11:00,2025-04-11 11:55:00
110221,120542,40276,29,Abuja-Port Harcourt,2025-04-14,COMPLETED,10000.00,PAID,2025-04-02 11:30:00,2025-04-04 18:28:00
94543,122668,61362,17,Lagos-Zaria,2025-05-18,CANCELLED,0.00,Paid,2025-05-08 10:22:00,2025-05-08 13:39:00
52961,103201,98050,NULL,Abuja-Bauchi,2025-04-14,COMPLETED,10403.95,PAID,2025-04-12 18:12:00,2025-04-12 22:09:00
203994,113496,54541,47,Enugu-Onitsha,2025-04-17,COMPLETED,5450.00,PAID,2025-04-04 05:28:00,2025-04-04 05:39:00
62688,107386,117712,51,Enugu-Aba,2025-03-26,COMPLETED,3050.00,PAID,2025-03-17 21:35:00,
98143,124886,112137,54,Kano–Zaria,2025-05-17,EXPIRED,0.00,FAILED,2025-05-15 11:53:00,2025-05-15 17:00:00
232906,124211,1312,15,Lagos-Jos,2025-05-01,COMPLETED,4950.00,PAID,2025-04-19 07:40:00,2025-04-19 13:38:00
26503,108139,48510,59,Kaduna-Zaria,2025-05-21,COMPLETED,15700.00,PAID,2025-05-08 05:09:00,2025-05-08 06:47:00
162858,121050,32399,19,  Lagos-Abadan,2025-04-02,COMPLETED,2600.00,PAID,2025-03-13 06:40:00,2025-03-13 08:08:00
157753,109048,96440,31,Port Harcourt-Enugu,2025-06-03,COMPLETED,3850.00,PAID,2025-05-13 07:59:00,2025-05-13T09:58:00Z
192529,123609,117943,31,Enugu-Port Harcourt,2025-04-04,COMPLETED,14350.00,PAID,2025-03-14 11:24:00,2025-03-14 16:41:00
48252,113228,6692,9,Lagos-Onitsha,2025-06-09,COMPLETED,2800.00,PAID,2025-06-08 11:41:00,2025-06-08 12:35:00
74398,120430,99293,54,Kano-Zaria,2025-05-14,CANCELLED,0.00,PENDING,2025-05-06 06:33:00,2025-05-06 10:07:00
11153,121202,12926,13,Lagos-Akure,2025-03-15,COMPLETED,2850.00,PAID,2025-02-28 16:55:00,2025-02-28 18:28:00
83468,116220,27148,33,Port Harcourt-Owerri,2025-03-19,COMPLETED,8455.53,PAID,2025-03-08 18:07:00,2025-03-08 21:26:00
124806,109135,88352,17,Lagos-Zaria,2025-05-21,CANCELLED,0.00,PAID,2025-04-30 21:15:00,2025-05-01 22:59:00
107567,104401,37890,8,Lagos-Abeokuta,2025-05-09,COMPLETED,1550.00,PAID,2025-04-27 07:10:00,2025-04-28 17:38:00
42053,114665,10092751,9,Lagos-Onitsha,2025-04-05,CANCELLED,0.00,PAID,2025-03-24 21:51:00,2025-03-25 00:26:00
55333,101464,101364,38,Port Harcourt-Asaba,2025-05-15,COMPLETED,7500.00,PAID,2025-05-14 13:43:00,2025-05-14 14:33:00
185054,122789,30811,56,Kano-Maiduguri,2025-03-29,CANCELLED,30750.00,REFUNDED,2025-03-11 20:10:00,2025-03-11 20:27:00
73403,116161,114167,38,Port Harcourt-Asaba,2025-06-06,COMPLETED,4400.00,PAID,2025-05-29 15:10:00,2025-05-29 15:24:00
3778,100864,61515,11,Lagos-Maiduguri,2025-06-09,CANCELLED,6702.52,REFUNDED,2025-05-30 08:19:00,2025-06-06 19:22:00
55113,109163,15983,17,Lagos-Zaria,2025-06-11,COMPLETED,6800.00,PAID,2025-06-07 11:59:00,2025-06-07 12:29:00
123383,112417,35149,57,Kano-Sokoto,2025-05-15,COMPLETED,17350.00,PAID,2025-05-09 12:54:00,2025-05-09 15:35:00
175590,106586,97521,10,Lagos-Warri,2025-04-30,COMPLETED,2850.00,PAID,2025-04-09 21:22:00,2025-04-10 02:44:00
41111,113684,35337,17,Lagos-Zaria,2025-05-04,COMPLETED,11850.00,PAID,2025-05-01 17:45:00,2025-05-08 07:15:00
10957,107423,92699,21,Abuja-Kaduna,2025-04-22,COMPLETED,16800.00,PAID,2025-04-01 13:52:00,2025-04-01 18:27:00
32977,117002  ,17424,11,Lagos-Maiduguri,2025-03-15,COMPLETED,7000.00,PAID,2025-02-28 07:18:00,2025-02-28 12:08:00
81803,117816,5584,20,Lagos-Sokoto,2025-03-25,NO_SHOW,6050.00,PAID,2025-03-18 17:30:00,2025-03-18 17:52:00
169364,112175,41758,36,Port Harcourt-Calabar,2025-05-08,COMPLETED,7050.00,PAID,2025-04-27T19:55:00Z,2025-04-27 23:19:00
56604,124496,12483,43,Ibadan to Oyo,2025-05-15,CANCELLED,0.00,PAID,2025-04-27 08:30:00,2025-04-27 12:14:00
97296,None,10201,14,Lagos-Uyo,2025-05-11,COMPLETED,2500.00,PAID,2025-04-23 12:18:00,2025-04-23 16:51:00
238744,115382,61344,49,Awka-Enugu,2025-04-10,COMPLETED,3750.00,PAID,2025-03-29 18:18:00,2025-03-29 20:43:00
32416,112226,103265,12,Lagos-Calabar,2025-05-06,COMPLETED,2083.07,PAID,2025-05-03 07:21:00,2025-05-03 11:36:00
165383,103909,32940,48,Enugu-Owerri,2025-04-10,COMPLETED,5100.00,PAID,2025-03-20 10:37:00,2025-03-20 11:34:00
77412,120564,15487,52,Enugu-Makurdi,2025-05-01,CANCELLED,0.00,PAID,2025-04-29 05:32:00,2025-04-29 08:09:00
58917,119333,63287,15,Lagos-Jos,2025-05-04,COMPLETED,4800.00,PAID,2025-05-02 07:54:00,2025-05-02 13:38:00
176995,100076,90479,51,Ibadan-Lagos,2025-05-14,EXPIRED,0.00,FAILED,2025-04-26 07:24:00,2025-04-26 09:11:00
143441,119326,105077,11,Lagos-Maiduguri,2025-05-26,CANCELLED,0.00,PAID,2025-05-26 06:33:00,2025-05-26 08:49:00
97627,119783,92745,,Kano-Zaria,2025-06-08,COMPLETED,11100.00,PAID,2025-05-28 18:40:00,2025-05-28 21:34:00
159038,114841,96958,21,Abuja-Kaduna,2025-06-06,COMPLETED,19300.00,PAID,2025-05-16 15:55:00,2025-05-16 19:06:00
46692,104008,86865,41,Ibadan-Lagos,2025-05-04,PENDING,3400.00,pending,2025-04-13 06:05:00,2025-04-21 14:45:00
22985,113062,24966,15,Lagos-Jos,2025-06-08,COMPLETED,3800.00,PAID,2025-05-27 15:07:00,2025-05-27 18:15:00
5621,117657,5001,59,Kaduna  Zaria,2025-06-12,COMPLETED,13600.00,PAID,2025-06-06 20:59:00,2025-06-07 19:58:00
574,900468,37342,17,Lagos-Zaria,2025-05-31,NO_SHOW,6571.01,PENDING,2025-05-22 17:15:00,2025-05-22 20:23:00
225574,900706,92291,10,Lagos-Warri,2025-06-12,COMPLETED,2750.00,PAID,2025-06-03 16:03:00,2025-06-03 17:33:00
63346,121068,69539,43,Ibadan - Oyo,2025-04-02,COMPLETED,3050.00,PAID,2025-03-16 14:58:00,2025-03-16 18:26:00
131145,110224,55661,13,Lagos-Akure,2025-05-29,COMPLETED,2300.00,PAID,2025-05-16 11:41:00,2025-05-16 16:52:00
223879,103471,46559,35,Port Harcourt-Uyo,2025-04-12,COMPLETED,8200.00,paid,2025-04-05 15:06:00,2025-04-05 15:06:00
219147,121878,65909,59,Kaduna-Zaria,2025-05-06,COMPLETED,8450.00,PAID,2025-04-28 19:35:00,2025-04-28 22:30:00
198370,107616,96298,19,Lagos-Abadan,2025-04-05,COMPLETED,2900.00,PAID,2025-03-22 17:24:00,2025-03-22 19:07:00
142864,100905,45706,43,Ibadan-Oyo,2025-04-25,NO_SHOW,1800.00,PAID,2025-04-17 09:37:00,2025-04-17 12:20:00
213131,109847,6217,29,Abuja-Port Harcourt,2025-05-30,COMPLETED,12550.00,PAID,2025-05-13 17:58:00,2025-05-13 19:45:00
115499,121650,38373,43,Ibadan-Oyo,2025-04-18,EXPIRED,0.00,FAILED,2025-03-29 19:14:00,2025-03-29 20:51:00
176573,103597,114626,57,Kano-Sokoto,2025-05-08,COMPLETED,15749.31,PAID,2025-05-07 18:30:00,2025-05-07 21:18:00
55027,900348,69971,59,Kaduna-Zaria,2025-04-22,CANCELLED,14400.00,REFUNDED,2025-04-20 21:10:00,2025-04-21 01:24:00
179169,111930,22105,1,Lagos-Abuja,2025-05-21,COMPELTED,4050.00,PAID,2025-05-06 17:08:00,2025-05-06 19:04:00
103728,121912,10080513,41,Ibadan-Lagos,2025-05-13,PENDING,4000.00,PENDING,2025-05-01 12:08:00,2025-05-01 13:18:00
54110,124311,42270,22,Abuja-Kano,2025-05-08,COMPLETED,12950.00,PAID,2025-04-24 16:01:00,2025-04-24 18:23:00
5951,119822,108139,33,Port Harcourt-Owerri,2025-04-19,COMPLETED,10650.00,PAID,2025-04-09 14:34:00,2025-04-09 16:22:00
235402,108682,41264,49,Enugu-Awka,2025-03-27,COMPLETED,3900.00,PAID,2025-03-19 13:47:00,2025-03-19 16:32:00
239279,109987,86115,47,Enugu-Onitsha,2025-03-21,completed,5550.00,PAID,2025-03-02 18:41:00,2025-03-02 21:04:00
41956,121295,55612,59,Kaduna-Zaria,2025-04-19,CANCELLED,0.00,FAILED,2025-04-04 06:12:00,2025-04-04 11:19:00
12702,103281,21732,38,Port Harcourt-Asaba,2025-05-18,COMPLETED,8221.69,PAID,2025-05-18 10:58:00,2025-05-18 17:53:00
56200,113913,51516,47,Enugu-Onitsha,2025-05-02,COMPLETED,4148.55,PAID,2025-04-25 12:32:00,2025-04-25 13:34:00
66118,111135,21786,19,Lagos-Abadan,2025-06-12,REFUNDED,2200.00,refunded,2025-06-11 19:16:00,2025-06-11 20:04:00
193619,111939,57,40,Ibadan-Enugu,2025-03-19,complete,4300.00,PAID,2025-03-19 05:27:00,2025-03-19 05:56:00
24039,121713,38830,15,Lagos-Jos,2025-03-18,COMPLETED,3000.00,PAID,2025-03-15 14:41:00,2025-03-15 17:31:00
22785,107767,6698,45,Ibadan-Akure,2025-06-09,CANCELLED,0.00,PAID,2025-06-07 21:10:00,2025-06-08 01:32:00
47093,111543,383,3,Lagos-Port Harcourt,2025-05-30,COMPLETED,TBD,PAID,2025-05-13 08:04:00,2025-05-16 21:48:00
85429,105199,54471,54,Kano-Zaria,2025-03-15,COMPLETED,24150.00,PAID,2025-03-08 17:16:00,2025-03-08 22:47:00
94499,101142,22104,23,Abuja-Jos,2025-05-30,COMPLETED,6950.00,PAID,2025-05-21 11:06:00,2025-05-21 14:38:00
9441,123578,17407,16,Lagos-Ilorin,2025-05-10,COMPLETED,3100.00,PAID,2025-05-09 11:45:00,2025-05-09 15:05:00
150384,106221,116091,38,Port Harcourt-Asaba,2025-05-02,COMPLETED,5700.00,PAID,2025-04-20 16:54:00,2025-04-20 17:36:00
238752,121108,18287,23,Abuja-Jos,2025-05-02,PENDING,22050.00,PENDING,2025-04-15 16:58:00,2025-04-15 18:54:00
25431,117262,88912,26,Abuja-Bauchi,2025-05-23,COMPLETED,14350.00,PAID,2025-05-13 17:20:00,2025-05-13 21:38:00
242285,117323,63443,14,Lagos-Uyo,2025-05-06,COMPLETED,0.00,PAID,2025-04-26 12:52:00,2025-04-30 20:43:00
233095,106865  ,119789,46,Ibadan-Abeokuta,2025-05-16,NO_SHOW,2150.00,PAID,2025-04-28 20:04:00,2025-04-28 20:51:00
69436,100672,74235,43,Ibadan-Oyo.,2025-04-26,CANCELLED,3050.00,REFUNDED,2025-04-07 12:36:00,2025-04-07 12:37:00
140730,106010,119534,20,Lagos-Sokoto,2025-04-22,COMPLETED,8450.00,PAID,2025-04-04 08:45:00,2025-04-04 11:04:00
226649,123556,43233,42,Ibadan-Ogbomoso,2025-05-15,COMPLETED,7150.00,PAID,2025-04-24 18:48:00,2025-04-24 21:40:00
152644,112959,11078,37,Port Harcourt-Onitsha,2025-03-28,CANCELLED,7000.00,REFUNDED,2025-03-10 13:41:00,2025-03-10 14:52:00
93327,106945,613,59,Kaduna-Zaria,2025-06-04,CANCELLED,10150.00,  REFUNDED,2025-05-26 19:23:00,2025-05-29 12:06:00
4761,  118461,116100,55,Kano-Katsina,2025-05-10,COMPLETED,11422.29,PAID,2025-05-02 20:03:00,2025-05-02 20:29:00
19136,107365,77731,47,  Enugu-Onitsha,2025-05-07,PENDING,4600.00,PENDING,2025-05-01 07:30:00,2025-05-01 11:31:00
196431,106078,35241,14,Lagos-Uyo,2025-05-09,CANCELLED,0.00,PENDING,2025-04-18 06:29:00,2025-04-18 11:12:00
157977,122967,70474,50,Enugu-Umuahia,2025-05-22,COMPLETED,7300.00,PAID,2025-05-06 09:09:00,2025-05-06 10:30:00
115352,109195,13993,16,Lagos-Ilorin,2025-04-18,COMPLETED,4000.00,PAID,2025-04-10 19:27:00,2025-04-11 01:19:00
104949,124530,73214,52,Enugu-Makurdi,2025-04-08,COMPLETED,4600.00,PAID,2025-04-01 09:03:00,2025-04-01 09:30:00
66030,108459,30476,3,Lagos-Port Harcourt,2025-05-02,COMPLETED,5200.00,PAID,2025-04-27 08:50:00,2025-04-27 13:31:00
17399,100176,59272,17,Lagos-Zaria,2025-03-24,EXPIRED,5050.00,PENDING,2025-03-14 18:22:00,2025-03-14 19:32:00
80546,122234,3540,2,Lagos-Ibadan,2025-04-09,CANCELLED,0.00,FAILED,2025-03-27 21:07:00,2025-03-28 01:42:00
189518,114916,103497,3,Lagos/Port Harcourt,2025-05-22,CANCELLED,0.00,PAID,2025-05-21 11:43:00,2025-05-21 14:14:00
94660,119670,93569,14,Lagos-Uyo,2025-05-21,CANCELLED,0.00,PAID,2025-05-20 09:35:00,2025-05-20 15:20:00
11073,104231,26665,20,Lagos-Sokoto,2025-06-07,COMPLETED,7373.44,PAID,2025-05-28T15:43:00Z,2025-05-28 17:25:00
158306,105621,24032,28,Abuja-Ilorin,2025-05-04,PENDING,8869.40,PENDING,2025-04-26 12:20:00,2025-04-26 12:27:00
91779,109527,51084,17,Lagos-Zaria,2025-05-13,COMPLETED,"NGN 4,500",PAID,2025-05-01 16:49:00,2025-05-01 19:17:00
237037,102547,18011,56,Maiduguri-Kano,2025-04-03,COMPLETED,14681.03,PAID,2025-03-17 11:48:00,2025-03-17 15:08:00
63972,119019,5791,30,Abuja-Owerri,2025-05-26,PENDING,11200.00,PENDING,2025-05-21 08:04:00,2025-05-21 08:32:00
92431,112124,55814,2,Lagos-Ibadan,2025-05-25,COMPLETED,2400.00,PAID,2025-05-06 13:13:00,2025-05-06 19:10:00
121886,118294,71687,29,Abuja-Port Harcourt,2025-06-13,COMPLETED,12700.00,PAID,2025-05-31 15:52:00,2025-05-31 17:49:00
238994,115160,13671,38,Abuja-Port Harcourt,2025-03-30,NO_SHOW,12200.00,PAID,2025-03-19 17:31:00,2025-03-19 18:45:00
89575,110748,81453,26,Abuja-Bauchi,2025-05-02,COMPLETED,9750.00,PAID,2025-04-17 12:14:00,2025-04-20 01:28:00
198151,123826,100141,28,Abuja-Ilorin,2025-05-28,COMPLETED,11960.08,PAID ,2025-05-28 19:26:00,2025-05-28 21:38:00
58040,123460,81162,30,Abuja-Owerri,,COMPLETED,6912.53,PAID,2025-06-04 11:10:00,2025-06-04 16:01:00
215369,118911,34583,57,Kano-Sokoto,2025-06-13,COMPLETED ,17100.00,PAID,2025-05-31 17:23:00,2025-05-31 19:35:00
246666,113184,112155,48,Enugu-Owerri,2025-06-07,COMPLETED,4376.17,PAID,2025-05-31 16:11:00,2025-05-31 20:23:00
34813,114772,11087,35,Port Harcourt-Uyo,2025-05-17,EXPIRED,0.00,FAILED,2025-05-04 05:42:00,2025-05-04 08:34:00
81209,124231,104638,8,Lagos-Abeokuta Abeokuta,2025-05-13,CANCELLED,1400.00,REFUNDED,2025-05-10 08:30:00,2025-05-10 12:04:00
43262,121119,25316,59,Kaduna–Zaria,2025-06-06,COMPLETED,16700.00,PAID,2025-05-27 12:53:00,2025-05-27 17:46:00
94038,102497,54746,23,Abuja _ Jos,2025-04-17,PENDING,15400.00,PENDING,2025-04-10 15:06:00,2025-04-10 16:17:00
88239,123418,89817,34,Port Harcourt–Warri,2025-06-09,COMPLETED,10350.00,PAID,2025-06-09 14:25:00,2025-06-09 15:13:00
70154,106956,109982,5,Lagos-Kano,2025-03-17,NO_SHOW,5500.00,Paid,2025-02-26 19:50:00,2025-02-27 01:05:00
142354,110006,90272,11,Lagos-Maiduguri,2025-05-23,done,8200.00,PENDING,2025-05-17 13:50:00,2025-05-17 17:34:00
130940,117307,20524,47,Enugu-Onitsha,2025-04-28,COMPLETED,4588.64,PAID,2025-04-23 21:23:00,2025-04-23 23:26:00
190324,119103,88802,50,Enugu-Umuahia,2025-04-16,COMPLETED ,5154.38,PAID,2025-03-27 08:58:00,2025-03-27 10:19:00
52702,105197,106588,15,Lagos-Jos,2025-05-23,CANCELLED,0.00,PAID,2025-05-23 11:19:00,2025-05-23 16:51:00
198136,102193,78451,6,Lagos-Benin City,2025-05-07,PENDING,2100.00,PENDING,2025-05-03 05:59:00,2025-05-03 11:51:00
52712,101369,92420,46,Ibadan-Abeokuta,2025-05-18,COMPLETED,3900.00,PAID,2025-05-18 20:49:00,2025-05-18 23:56:00
90043,120968,4161,43,Ibadan-Oyo,2025-03-27,CANCELLED,2750.00,REFUNDED,2025-03-17 09:21:00,2025-03-18 14:29:00
198627,103159,10007369,14,Lagos-Uyo,2025-04-14,COMPLETED,2700.00,PAID,2025-03-31 11:27:00,2025-03-31 15:39:00
36986,105899,31292,13,LAGOS - AKURE,2025-03-15,COMPLETED,2800.00,PAID,2025-02-27 19:27:00,2025-02-27 21:44:00
30331,113549,69330,15,Lagos-Jos,2025-04-13,COMPLETED,8800.00,PAID,2025-03-31 13:19:00,2025-03-31 13:47:00
221322,120540,104492,17,Lagos-Zaria,2025-04-17,NO_SHOW,4350.00,p,2025-04-10 08:04:00,2025-04-10 08:22:00
56337,118081,61376,28,Abuja-Ilorin,2025-05-04,COMPLETED,11350.00,PAID,2025-04-21 15:51:00,2025-04-23 16:34:00
142912,103875,64714,36,Port Harcourt-Calabar,2025/06/15,COMPLETED,5400.00,PAID,2025-03-28 18:34:00,2025-03-28 21:18:00
124996,900673,66738,23,Abuja-Jos,2025-04-30,COMPLETED,11850.00,PAID,2025-04-26 21:30:00,2025-04-26 22:08:00
101621,103496,27688,11,Lagos-Maiduguri,2025-04-10,COMPLETED,3758.14,PAID,2025-04-10 07:46:00,2025-04-10 10:47:00
214990,119218,102029,27,Abuja-Makurdi,2025-04-21,COMPLETED,15200.00,PAID,2025-04-11 17:22:00,2025-04-11 18:47:00
201789,100738,5628,59,Kaduna-Zaria,2025-04-15,COMPLETED,11200.00,PAID,2025-04-12 19:37:00,2025-04-12 22:18:00
161047,100687,57478,29,Abuja-Port Harcourt,2025-04-30,CANCELLED,,REFUNDED,2025-04-20 13:07:00,2025-04-20 14:27:00
835,  117364,9220,36,Port Harcourt-Calabar,2025-05-30,COMPLETED,8350.00,PAID,2025-05-12 19:01:00,2025-05-12 21:26:00
239220,106240,15064,8,Lagos-Kano,2025-04-20,PENDING,7600.00,PENDING,2025-04-13 09:03:00,2025-04-21 02:33:00
76097,116056,30158,34,Port Harcourt-Warri,2025-04-12,COMPLETED,,PAID,2025-03-29 06:58:00,2025-03-31 21:24:00
185253,115346,32561,49,Enugu-Awka,2025-05-02,CANCELLED,0.00,PARTIAL,2025-04-15 08:13:00,2025-04-15 09:45:00
70816,106477,68059,47,Enugu-Onitsha,2025-03-31,COMPLETED,3781.23,PAID,2025-03-18 16:19:00,2025-03-19 04:14:00
193439,102922,115974,43,Ibadan-Oyo,2025-04-01,  COMPLETED,4600.00,PAID,2025-03-16 06:56:00,2025-03-16 10:16:00
78523,107242,50013,54,Kano-Zaria,2025-04-28,COMPLETED,23987.03,PAID,2025-04-08 14:52:00,2025-04-11 06:52:00
64676,110659,29075,12,Lagos-Calabar,2025-03-29,COMPLETED,1700.00,PAID ,2025-03-14 19:28:00,2025-03-14 20:28:00
249943,104455,9473,56,Kano-Maiduguri,2025-05-28,EXPIRED,0.00,FAILED,20250522185200,2025-05-22 22:10:00
243095,117062,106610,50,Enugu-Umuahia  ,2025-05-08,COMPLETED,3800.00,PAID,2025-04-26 13:42:00,2025-04-26 17:18:00
198041,101272,13858,56,Kano-Maiduguri,2025-03-18,EXPIRED,17540.55,PAID,2025-03-06 20:28:00,2025-03-07 01:00:00
100270,112834,102713,30,Abuja-Owerri,2025-03-17,CANCELLED,0.00,PAID,2025-03-05 15:21:00,2025-03-05 18:44:00
84967,120711,102409,11,Lagos-Maiduguri,2025-05-23,PENDING,4650.00,PENDING,2025-05-13 12:45:00,2025-05-13 14:31:00
86733,109508,3674,43,Ibadan-Oyo,2025-05-12,NO_SHOW,4150.00,PAID,2025-04-21 07:56:00,2025-04-21 08:18:00
33945,100196,85073,38,Port Harcourt - Asaba,2025-03-15,COMPLETED,3800.00,PAID,2025-03-03 07:30:00,2025-03-07 06:43:00
147906,114610,91475,3,Lagos-Port Harcourt,2025-04-10,CANCELLED,0.00,paid,2025-04-01 17:46:00,2025-04-01 19:00:00
187379,116007,25194,3,Lagos-Port Harcourt,2025-03-29,CANCELLED,2639.12,REFUNDED,2025-03-08 07:07:00,2025-03-08 09:26:00
95840,106758,6295,49,Enugu-Awka,2025-04-16,COMPLETED,4750.00,PAID,2025-03-29 07:26:00,2025-03-29 08:38:00
38819,101702,107762,58,Kano-Bauchi,2025-03-20,CANCELLED,22150.00,REFUNDED,2025-03-05 13:04:00,2025-03-08 00:14:00
86630,116732,117880,25,Abuja-Maiduguri,2025-04-21,NO_SHOW,13600.00,PAID,2025-04-01 08:27:00,2025-04-01 13:01:00
166320,105668,98017,9,Lagos-Onitsha,2025-05-20,PENDING,2050.00,PENDING ,2025-05-05 16:14:00,2025-05-05 16:48:00
78516,117691,109069,47,Enugu-Onitsha,2025-04-02,COMPLETED,2500.00,PAID,2025-03-20 16:29:00,2025-03-20 18:04:00
225722,115141,83392,37,Port Harcourt-Onitsha,2025-06-08,COMPLETED,5500.00,PAID,2025-05-24 15:08:00,2025-05-24 21:04:00
87329,116816,101052,46,Ibadan-Abeokuta,2025-04-04,COMPLETED,3000.00,PAID,2025-03-28 15:54:00,2025-03-28 16:47:00
153442,113537,108965,26,Abuja-Bauchi,2025-06-14,CANCELLED,0.00,PAID,2025-05-24T15:11:00Z,2025-05-24 19:54:00
110954,117071,27322,17,Lagos-Zaria,2025-03-15,COMPLETED,6750.00,Paid,2025-03-02 21:44:00,2025-03-03 02:47:00
133349,900109,66625,14,Lagos-Uyo,2025-06-14,COMPLETED,2455.88,PAID,2025-05-29 17:33:00,2025-06-02 02:55:00
37896,119069,84416,43,Ibadan-Oyo,20250615,COMPLETED,2050.00,PAID,2025-05-12 15:08:00,2025-05-12 17:30:00
147241,117990,63883,56,Kano-Maiduguri,2025-05-28,COMPLETED,16150.00,PAID,2025-05-19 06:01:00,2025-05-19 08:27:00
81924,124926,94585,13,Lagos Akure,2025-06-02,COMPLETED,2300.00,PAID,2025-05-26 06:15:00,2025-05-26 10:16:00
89988,108698,111056,46,Ibadan/Abeokuta,2025-04-29,CANCELLED,0.00,PENDING,2025-04-16 12:46:00,2025-04-16 17:07:00
9796,122073,61631,59,Kaduna/Zaria,2025-03-15,COMPLETED,9411.09,PAID,2025-03-14 20:39:00,2025-03-14 23:58:00
3517,110983,11301,59,Kaduna-Zaria,2025-05-31,COMPLETED,12908.23,PAID,2025-05-19 17:48:00,2025-05-19 22:27:00
245423,118578,51026,14,Lagos-Uyo,2025-03-24,0,2100.00,PAID,2025-03-09 20:05:00,2025-03-09 21:49:00
193586,109962,83988,48,Enugu-Owerri,2025-05-31,COMPLETED,2850.00,PAID,2025-05-26 05:41:00,2025-05-26 10:42:00
187693,119161,38877,44,Ibadan-Ilorin,2025-05-27,PENDING,5650.00,PENDING,2025-05-09 12:09:00,2025-05-09 12:31:00
165267,108852,66404,55,Kano-Katsina,2025-03-29,PENDING,18505.26,PENDING,2025-03-28 07:20:00,2025-03-28 11:39:00
41234,123932,50089,14,Lagos-Uyo,2025-04-09,COMPLETED,4500.00 NGN,PAID,2025-04-04 06:53:00,2025-04-04 12:04:00
100298,103642,35782,55,Kano-Katsina,2025-04-29,COMPLETEDX,0.00,PAID,2025-04-25 10:13:00,2025-04-25 14:58:00
227800,115891,47320,47,Enugu Onitsha,2025-04-16,COMPLETED,5950.00,PAID,2025-04-05 13:17:00,2025-04-05 14:07:00
226529,110686,84439,12,Lagos-Calabar,2025-03-21, complete,2020.83,PAID,2025-03-17 14:21:00,2025-03-17 15:57:00
239331,115281,116665,13,Lagos-Akure,2025-05-25,COMPLETED,2750.00,PAID,2025-05-21 21:28:00,2025-05-22 03:15:00
221401,101175,104496,1,Lagos-Abuja,2025-04-18,COMPELTED,5550.00,PAID,2025-03-31 12:13:00,2025-03-31 17:38:00
204141,120969,12729,13,Lagos-Akure,2025-04-21,COMPLETED,3800.00,Paid,2025-04-06 13:20:00,2025-04-06 17:48:00
212149,114479,103947,57,Kano-Sokoto,2025-03-31,COMPLETED,10615.16,PAID,2025-03-30 16:36:00,2025-04-11 05:08:00
195952,112731,105751,32,Port Harcourt-Aba,2025-04-21,COMPLETED,9350.00,PAID,2025-04-06 08:53:00,2025-04-06 11:07:00
3466,111167,27477,34,Port Harcourt-Warri,2025-04-09,COMPLETED,6850.00,PAID,2025-04-01 13:06:00,2025-04-01 18:59:00
190338,101125,25517,21,ABUJA - KADUNA,2025-06-04,REFUNDED,8550.00,REFUNDED,2025-05-22 12:34:00,2025-05-22 18:24:00
135402,115342,14378,12,Lagos-Calabar,2025-04-24,COMPLETED,2500.00,PAID,2025-04-17T10:08:00Z,2025-04-17 13:46:00
156805,108495,44376,22,Abuja  Kano,2025-04-15,CANCELLED,15900.00,REFUNDED,2025-04-05 13:14:00,2025-04-09 01:37:00
143475,111816,3259,49,Enugu-Awka,2025-04-27,COMPLETED,6000.00,PAID,2025-04-22 10:09:00,2025-04-22 10:39:00
47930,101182,91890,43,Ibadan-Oyo,2025-03-28,COMPLETED,2550.00,PAID,2025-03-08 16:59:00,2025-03-08 21:27:00
214449,108027,6690,15,Lagos-Jos,2025-03-26,COMPLETED,4450.00,PAID,2025-03-13 16:34:00,2025-03-13 16:59:00
238547,114432,96657,31,Port Harcourt-Enugu,2025-03-28,CANCELLED,8412.06,REFUNDED,2025-03-27 18:59:00,2025-03-27 19:42:00
139352,119405,115826,39,Port Harcourt-Ibadan.,2025-04-28,COMPLETED,5800.00,PAID,2025-04-21 08:20:00,2025-04-25 00:11:00
32730,122856,4398,14,Lagos-Uyo,,CANCELLED,1500.00,REFUNDED,2025-04-30 12:19:00,2025-04-30 15:02:00
235719,115190,77251,59,Kaduna-Zaria,2025-04-10,COMPLETED,20350.00,PAID,2025-04-01 08:07:00,2025-04-04 04:42:00
195162,103583,80342,3,Lagos-Port Harcourt,2025-04-14,COMPLETED,2498.32,PAID,2025-04-01 16:51:00,2025-04-12 16:09:00
152677,120466,57433,43,Ibadan-Oyo Oyo,2025-05-08,COMPLETED,3350.00,PAID,2025-05-05 09:23:00,2025-05-08 12:32:00
224588,111187,44621,47,Enugu-Onitsha,2025-03-29,COMPLETED,3950.00,PAID,2025-03-09 11:25:00,2025-03-09 14:08:00
93933,118847,37207,38,Port Harcourt-Asaba,2025-04-27,CANCELLED,0.00,PAID,2025-04-14 12:33:00,2025-04-14 17:58:00
135406,102391,83893,17,Lagos-Zaria,2019-12-31,EXPIRED,0.00,FAILED,2025-03-15 17:02:00,2025-03-15 17:46:00
107607,120369,26500,7,Lagos-Abuja,2025-04-12,COMPLETED,5884.98,PAID,2025-04-04 15:10:00,2025-04-04 16:35:00
178386,120833,22907,42,Ibadan-Ogbomoso,2025-03-23,CANCELLED,0.00,PAID,2025-03-16 09:38:00,14/06/2025 07:12
144093,112153,9578,14,Lagos-Uyo,2025-04-02,CANCELLED,1800.00,REFUNDED,2025-03-22 12:24:00,2025-03-22 12:49:00
186081,111956,46863,22,Abuja-Kano,2025-06-05,COMPLETED,12950.00,PAID,2025-05-24 12:16:00,2025-05-24 17:24:00
88946,103149,22139,39,Port Harcourt-Ibadan,2025-06-06,COMPLETED,10350.00,PAID,2025-05-25T11:28:00Z,2025-05-25 15:18:00
83697,107084,35696,15,Lagos-Jos,2025-06-05,COMPLETED,6812.50,PAID,2025-05-23 13:21:00,2025-05-24 20:01:00
246335,109502,91781,49,Enugu-Awka,2025-04-20,COMPLETED,3550.00,PAID,2025-04-01 09:36:00,2025-04-07 21:11:00
47337,111567,72579,26,Abuja - Bauchi,2025-04-12,REFUNDED,10050.00,REFUNDED,2025-03-27 21:06:00,2025-03-28 01:32:00
103972,123473,10234,39,Port Harcourt-Ibadan,2025-05-04,COMPLETED,5892.21,PAID,2025-04-28 12:43:00,2025-04-28 17:25:00
39716,122398,10052649,59,Kaduna-Zaria,2025-05-31,PENDING,11750.00,PENDING,2025-05-16 17:15:00,2025-05-16 17:50:00
133491,124567,77061,9,Lagos-Onitsha,2025-05-28,COMPLETED,2199.29,PAID,2025-05-17T16:53:00Z,2025-05-21 10:46:00
60514,113443,52685,60,Kaduna-Katsina,2025-06-07,COMPLETED,10550.00,PAID,2025-06-11 03:32:00,2025-06-02 00:32:00
154413,900670,38320,14,Lagos-Uyo,2025-05-08,COMPLETED,2250.00,PAID,2025-05-06 08:39:00,2025-05-06 13:53:00
195791,106748,113848,59,Kaduna-Zaria.,2025-03-22,COMPLETED,15150.00,PAID,2025-03-19 16:20:00,2025-03-19 22:01:00
203404,116207,2779,35,Port Harcourt-Uyo,2025-03-22,COMPLETED,6950.00,PAID,2025-03-12 11:01:00,2025-03-12 13:14:00
204342,103257,83662,13,Lagos-Akure,2025-05-05,COMPLETED,3500.00,PAID,2025-04-29 16:54:00,2025-04-29 20:13:00
106172,103478,72420,30,Abuja-Owerri,2025-03-28,COMPLETED,10650.00,PAID,2025-03-10 08:02:00,2025-03-10 09:03:00
161135,120058,25010,14,Lagos-Uyo,2025-04-29,CANCELLED,2350.00,REFUNDED,2025-04-28 09:33:00,2025-04-28 12:51:00
239505,102872,6382,15,LAGOS - JOS,2025-04-14,COMPLETED,7300.00,PAID,2025-03-27 20:12:00,2025-03-27 23:48:00
56329,113762,115621,15,Lagos-Jos,2025-04-07,COMPLETED,3300.00,PAID,2025-04-07 13:00:00,2025-04-07 14:25:00
173463,100647,39650,26,ABUJA - BAUCHI,2025-04-20,COMPLETED,18200.00,PAID,2025-04-16 14:54:00,2025-04-16 15:43:00
1459,101696,50086,53,Kano-Kaduna,2025-04-13,COMPLETED,9850.00,PAID,2025-04-13 09:23:00,2025-04-13 12:23:00
191780,119171,84330,12,Lagos-Calabar,2025-06-03,PENDING,1650.00,PENDING,2025-05-17 05:59:00,2025-05-17 06:44:00
30262,116618,91691,31,Port Harcourt-Enugu,2025-04-30,COMPLETED,10650.00,PAID,2025-04-27 08:42:00,2025-04-27 14:19:00
116081,110926,36352,59,Kaduna-Zaria,2025-05-26,COMPLETED,12333.28,PAID,2025-05-11 16:15:00,2025-05-11 16:40:00
235031,101783,108629,24,Abuja-Enugu Enugu,2025-06-04,COMPLETED,13900.00,PAID,2025-06-01 17:43:00,2025-06-01 23:31:00
182378,112194,23484,30,Abuja-Owerri,2025-04-12,COMPLETED,12300.00,PAID,2025-04-07 06:06:00,2025-04-07 06:57:00
79658,null,89448,42,Ibadan-Ogbomoso,2025-05-11,COMPLETED,4050.00,PAID,2025-05-09 08:11:00,2025-05-09 09:46:00
179213,106519,92195,49,Enugu-Awka,2025-05-19,COMPLETED,3050.00,NULL,2025-05-04 05:30:00,2025-05-04 07:23:00
21532,115716,51783,1,Lagos-Abuja,2025-03-26,COMPLETED,4700.00,PAID,2025-03-14 09:48:00,2025-03-14 13:21:00
183202,107910,119340,32,Port Harcourt-Aba,2025-03-17,PENDING,5916.57,PENDING,2025-03-16 16:09:00,2025-03-16 20:22:00
241476,109167,117654,60,Kaduna-Katsina,2025-04-27,CANCELLED,25100.00,REFUNDED,2025-04-27 16:41:00,2025-04-27 19:15:00
126580,110903,60517,17,Lagos-Zaria,2025-03-17,COMPLETED,9848.73,PAID,2025-03-09 17:39:00,2025-03-12 22:54:00
97335,123725,49496,38,Port Harcourt-Asaba,2025-05-19,PENDING,8100.00,PENDING,2025-05-10 12:13:00,2025-05-10 12:22:00
106718,104363,5052,43,Ibadan-Oyo,2025-05-01,COMPLETED,2150.00,  PAID,2025-04-16 12:25:00,2025-04-16 14:25:00
49631,111526,37332,13,Lagos-Akure,2025-13-01,CANCELLED,2207.61,REFUNDED,2025-04-03 05:25:00,2025-04-05 09:38:00
37526,113999,10469,31,Port Harcourt-Enugu,2025-13-01,COMPLETED,8450.00,PAID,2025-05-27 18:18:00,2025-05-27 20:24:00
115477,109722,36413,15,Lagos-Jos,2025-05-05,NO_SHOW,5315.13,PAID,2025-04-17 14:28:00,2025-04-17 14:46:00
153082,900592,40272,17,Lagos-Zaria,2025-05-09,CANCELLED,0.00,PARTIAL,2025-04-30 11:05:00,2025-04-30 11:37:00
106518,122188,67451,51,  Enugu-Aba,2025-04-21,COMPLETED,7100.00,PAID,2025-04-02 19:06:00,2025-04-03 00:05:00
126753,112963,66076,59,Kaduna-Zaria,2025-04-15,COMPLETED,11850.00,PAID,2025-03-28 15:20:00,2025-03-28 17:59:00
176028,114773,93838,2,Lagos-Ibadan.,2025-03-28,COMPLETED,1900.00,PAID,2025-03-22 13:56:00,2025-03-26 02:39:00
171250,119197,100169,29,Abuja-Port Harcourt,2025-06-13,COMPLETED ,14300.00,PAID,2025-05-26 11:06:00,2025-05-29 06:54:00
244206,106170,85718,35,Port Harcourt-Uyo,2025-04-20,CANCELLED,0.00,REFUNDED,2025-04-05 10:53:00,2025-04-05 14:26:00
193471,124590,99163,1,Lagos-Abuja,2025-06-11,COMPLETED,3148.43,PAID,2025-05-24 11:46:00,2025-05-31 01:16:00
174950,104592,112990,17,Lagos-Zaria,2025-04-11,COMPLETED,6700.00,PAID,2025-03-23 10:50:00,2025-03-23 16:47:00
51672,105149,10465,19,Lagos-Abadan,2025-03-23,COMPLETED,2650.00,PAID,2025-03-14 19:11:00,2025-03-14 23:39:00
211516,111928,70305,43,Ibadan-Oyo,2025-04-14,CANCELLED,0.00,PENDING,2025-04-09 05:39:00,2025-04-09 10:36:00
97906,114440,35011,NULL,Enugu-Onitsha,2025-04-14,EXPIRED,0.00,FAILED,2025-04-02 09:22:00,2025-04-03 05:24:00
816,900637,70604,3,Lagos-Port Harcourt,2025-06-01,COMPLETED,6818.05,PAID,2025-05-14 17:40:00,2025-05-14 23:04:00
129557,103524,96718,2,Lagos-Ibadan,2025-05-26,COMPLETED,3100.00,PAID,2025-05-22 15:23:00,2025-05-22 15:29:00
221393,120503,24001,59,Kaduna-Zaria,2025-06-02,COMPLETED,19953.76,PAID,2025-05-12 12:08:00,2025-05-12 14:02:00
20754,107852,28009,22,Abuja-Kano,2025-04-15,COMPLETED,21955.72,PAID,2025-04-02 09:07:00,2025-04-02 13:28:00
240827,122964,97588,59,Kaduna-Zaria,2025-04-25,COMPLETED,16900.00,PAID,2025-04-19 06:06:00,2025-04-19 07:24:00
116329,109337,75005,46,Ibadan-Abeokuta,2025-04-06,COMPLETED,3200.00,PAID,2025-03-21 10:28:00,2025-03-21 11:06:00
5884,109313,53173,51,Enugu-Aba,2025-06-09,COMPLETED,4600.00,PAID,2025-05-28 14:22:00,2025-05-28 14:56:00
126366,108239,101631,50,Enugu-Umuahia,2025-06-04,CANCELLED,0.00,PAID,2025-05-16 10:24:00,2025-05-16 14:35:00
94148,111043,118129,2,Lagos-Ibadan,2025-04-16,COMPLETED,1608.08,PAID,2025-04-06 05:51:00,2025-04-06 07:08:00
47382,114104,36355,23,Abuja-Jos,2025-05-30,COMPLETED,16450.00,PAID,2025-05-29 07:50:00,2025-05-30 03:16:00
13290,121884,45131,2,Lagos Ibadan,2025-06-09,COMPLETED,1850.00,PAID,2025-05-21 05:13:00,2025-05-21 10:18:00
16775,110098,65876,51,Enugu-Aba,2025-05-24,EXPIRED,0.00,FAILED,2025-05-17 17:54:00,2025-05-17 21:07:00
215556,115685,69419,22,Abuja-Kano,2025-03-22,CANCELLED,0.00,PAID,2025-03-20 05:03:00,2025-03-20 10:59:00
151436,107234,24905,46,Ibadan-Abeokuta,2025-04-30,COMPLETED,3210.83,PAID,2025-04-12 20:04:00,2025-04-13 02:00:00
109459,104990,17644,35,Port Harcourt-Uyo,2025-04-28,COMPLETED,4650.00,PAID,2025-04-26 10:30:00,2025-04-26 10:45:00
38890,102277,44979,17,Lagos-Zaria,2025-03-15,COMPLETED,7700.00,PAID,2025-02-25 10:26:00,2025-02-25 13:07:00
153815,118867,61869,46,Ibadan-Abeokuta,2025-03-26,Completed,4240.86,PAID,2025-03-22 21:02:00,2025-03-22 22:57:00
101387,108209,31020,33,Port Harcourt _ Owerri,2025-03-23,COMPLETED,6100.00,PAID,2025-03-23 14:01:00,2025-03-23 19:14:00
248422,105183,40701,32,Port Harcourt-Aba,2025-05-13,COMPLETED,7150.00,p,2025-05-04 07:21:00,2025-05-04 12:46:00
234401,null,30096,17,Lagos-Zaria,2025-05-08,COMPLETED,7900.00,PAID,2025-04-30 06:32:00,2025-04-30 10:21:00
108254,116930,78353,43,Ibadan-Oyo,2025-05-17,COMPLETED,2700.00,PAID,2025-05-12 21:37:00,2025-05-13 01:59:00
81837,103000,101261,59,Kaduna-Zaria,2025-04-24,COMPLETED,19667.26,Paid,2025-04-21 19:25:00,2025-04-21 21:41:00
76431,117320,95156,1,Lagos-Abuja,2025-04-15,CANCELLED,0.00,PAID,2025-04-13 07:12:00,2025-04-13 09:29:00
65863,900685,26010,38,Port Harcourt-Asaba,2025-04-19,COMPLETED,8018.31,PAID,2025-04-10 20:53:00,2025-04-11 00:14:00
125438,,69433,29,Abuja-Port Harcourt,2025-04-03,COMPLETED,13342.28,PAID,2025-03-14 08:22:00,2025-03-14 09:58:00
152667,110509,42242,16,LAGOS - ILORIN,2025-05-31,COMPLETED,3749.12,PAID,2025-05-21 06:46:00,2025-05-24 22:19:00
214805,106057,84602,33,Port Harcourt-Owerri,2025-03-21,COMPLETED,5650.00,PAID,2025-03-05 12:40:00,2025-03-05 13:21:00
118279,103017,32222,52,Enugu-Makurdi,2025-05-24,COMPLETED,6700.00,PAID,2025-05-24 21:10:00,2025-05-28 02:55:00
81692,102589,95010,2,Lagos  Ibadan,2025-05-30,COMPLETED,2750.00,PAID,2025-05-27 11:42:00,2025-05-27 12:27:00
244289,106908,73744,54,Kano-Zaria,2025-03-23,COMPLETED,14020.75,PAID,2025-03-18 07:26:00,2025-03-18 10:59:00
114369,120939,113201,57,Enugu-Aba,2025-05-20,COMPLETED,4650.00,PAID,2025-05-19 19:43:00,2025-05-21 21:05:00
153063,105684,61612,21,Abuja-Kaduna,2025-06-05,PENDING,17980.61,PENDING,2025-05-23 19:53:00,2025-05-27 09:09:00
129098,117674,70435,50,Enugu Umuahia,2025-04-03,COMPLETED,3901.23,PAID,2025-03-14 10:52:00,2025-03-14 15:27:00
153289,102547,117338,56,Kano-Maiduguri,2025-05-14,CANCELLED,20900.00,REFUNDED,2025-05-10 05:12:00,2025-05-10 07:36:00
157872,113304,86753,30,Abuja-Owerri,2025-03-15,COMPLETED,10400.00,PAID,2025-02-22 20:41:00,2025-02-22 21:44:00
63309,119163,77971,17,Lagos-Zaria,2025-06-02,COMPLETED,3400.00,PAID,2025-05-12 14:31:00,2025-05-14 17:25:00
80363,103829,37483,17,Lagos-Zaria,2025-06-01,Completed,4950.00,PAID,2025-05-12 13:16:00,2025-05-12 13:19:00
158515,102850,23781,16,Lagos-Ilorin,2025-05-11,NO_SHOW,3000.00,PAID,2025-04-30 18:20:00,2025-04-30 18:40:00
106789,104757,50088,13,Lagos-Akure,2025-05-06,CANCELED,0.00,PAID,2025-04-21 12:03:00,2025-04-21 15:43:00
67443,105448,105112,17,Lagos-Zaria,2025-04-21,CANCELLED,6000.00,REFUNDED,2025-04-05 14:59:00,2025-04-15 00:54:00
40640,113395,15524,60,Kaduna-Katsina,2025-05-18,COMPLETED,,PAID,2025-05-08 06:12:00,2025-05-08 11:17:00
58380,116865,3708,43,Ibadan-Oyo,2025-04-06,COMPLETED,2325.30,PAID,2025-04-02 07:03:00,2025-04-02 11:43:00
168711,113035,71414,56,Kano-Maiduguri,2025-03-23,COMPLETED ,13000.00,PAID,2025-03-12 18:48:00,2025-03-12 21:28:00
62809,101512,87336,54,Kano-Zaria,2025-05-22,COMPLETED,12450.00,PAID,2025-05-21 08:21:00,2025-05-21 09:32:00
197833,108440,85483,37,Port Harcourt-Onitsha,2025-04-20,CANCELLED,6450.00,REFUNDED,2025-04-10 20:40:00,2025-04-11 02:06:00
158139,100845,107306,22,Abuja-Kano,2025-06-14,CANCELLED,5107.37,REFUNDED,2025-06-07 10:34:00,2025-06-07 15:16:00
44622,900444,97203,13,Lagos-Akure,2025-05-20,CANCELLED,0.00,PAID,2025-05-04 13:43:00,2025-05-04 17:05:00
185061,   ,18959,51,Enugu-Aba,2025-05-26,COMPLETED,5850.00,PAID,2025-05-22 09:39:00,2025-05-22 11:03:00
34079,109320,51173,28,Abuja-Ilorin,2025-04-25,COMPLETED,7500.00,PAID,2025-04-07 21:01:00,2025-04-08 16:30:00
217726,107344,111005,43,Ibadan-Oyo,2025-04-27,COMPLETED,2600.00,PAID,2025-04-14 09:13:00,2025-04-14 14:49:00
17016,113492,67249,2,Lagos-Ibadan,2025-03-27,CANCELLED,0.00,PAID,2025-03-20 13:26:00,2025-03-22 01:43:00
65104,118082,115028,34,Abuja-Ilorin,2025-03-30,COMPLETED,16650.00,PAID,2025-03-11 13:13:00,2025-03-11 13:59:00
247262,117643,22189,59,Kaduna _ Zaria,2025-04-29,COMPLETED,12544.73,PAID,2025-04-26 12:58:00,2025-04-26 14:37:00
223470,118874,16706,3,Lagos-Port Harcourt,2025-03-16,CANCELLED,0.00,PAID,2025-02-28 05:25:00,2025-03-01 04:30:00
163414,119887,16622,3,Lagos-Port Harcourt.,2025-05-20,COMPLETED,3200.00,PAID,2025-05-13 16:29:00,2025-05-13 22:24:00
149929,108685,114770,26,Abuja-Bauchi,2025-05-11,COMPLETED,11450.00,paid,2025-05-10 18:05:00,2025-05-10 18:33:00
84571,114520,41178,3,Lagos-Port Harcourt,2025-04-30,COMPLETED,3950.00,PAID,2025-04-17 07:51:00,2025-04-17 09:38:00
179902,None,86931,46,Ibadan-Abeokuta,2025-05-22,COMPLETED,2600.00,PAID,2025-05-08 09:58:00,2025-05-08 14:53:00
120789,102512,82431,35,Port Harcourt-Uyo,2025-05-14,COMPLETED,5200.00,Paid,2025-05-02 14:27:00,2025-05-02 15:43:00
20401,121428,44623,43,Ibadan-Oyo,2025-03-17,COMPLETED,5100.00,PAID,2025-03-14 13:19:00,2025-03-14T13:37:00Z
126065,112513,33619,54,Kano-Zaria,2025-05-20,COMPLETED,20300.00,PAID,2025-05-06 17:27:00,2025-05-08 15:11:00
63000,117035,101672,33,Port Harcourt-Owerri,2025-04-10,CANCELLED,0.00,PARTIAL,2025-04-02 09:18:00,2025-04-02 09:53:00
128811,103120,71117,38,Port Harcourt-Asaba,2025-05-09,CANCELLED,0.00,PAID,2025-04-26 07:31:00,2025-04-26 12:20:00
12221,100779,33252,43,Ibadan-Oyo,2025-04-15,CANCELLED,0.00,PENDING,2025-04-06 10:44:00,2025-04-08 11:57:00
107731,115198,111061,32,Port Harcourt-Aba,2025-04-15,COMPLETED,10152.97,p,2025-04-06 08:29:00,2025-04-06 11:33:00
97481,121521,75806,49,Enugu-Awka,2025-05-20,PENDING,2950.00,PENDING,2025-05-01 13:41:00,2025-05-01 17:47:00
00132183,103092,46155,49,Enugu-Awka,2025-04-01,COMPLETED,3450.00,PAID,2025-03-13 14:32:00,2025-03-13 16:54:00
92166,118471,73652,17,Lagos-Zaria,2025-04-16,COMPELTED,8339.12,PAID,2025-04-09 07:15:00,2025-04-09 08:09:00
94682,102837,59506,50,Enugu-Umuahia,2025-03-17,  COMPLETED,6143.69,PAID,2025-03-10 19:33:00,2025-03-11 01:01:00
21227,106548,93447,54,Kano-Zaria,2025-04-15,COMPLETED,11600.00,PAID,2025-04-01 12:44:00,2025-04-01 14:53:00
144912,100413,108470,15,Lagos-Jos,2025-03-22,CANCELLED,0.00,PAID,2025-03-15 06:56:00,2025-03-15T09:39:00Z
168132,123904,23416,11,Lagos - Maiduguri ,2025-04-21,EXPIRED,0.00,FAILED,2025-04-17 11:58:00,2025-04-17 16:54:00
164808,121385,35540,2,Lagos-Ibadan,2025-04-05,CANCELLED,3100.00,REFUNDED,2025-03-20 15:36:00,2025-03-20 19:59:00
108232,113692,84419,54,Kano-Zaria,2025-03-16,COMPLETED,13500.00,PAID,2025-03-11 15:42:00,2025-03-11 16:59:00
37750,120828,11730,35,Port Harcourt-Uyo,2025-05-27,NO_SHOW,8350.00,PAID,2025-05-08 13:29:00,2025-05-08 18:35:00
23417,NaN,59639,16,Lagos-Ilorin,2025-03-28,COMPLETED,3650.00,PAID,2025-03-25 12:46:00,2025-03-25 17:39:00
172609,113550,9707,3,Lagos-Port Harcourt,2025-05-21,PENDING,6450.00,PENDING,2025-05-18 09:38:00,2025-05-18 13:16:00
182262,102734,50998,22,Abuja-Kano,2025-03-26,COMPLETED,15609.84,PAID,2025-03-07 11:13:00,2025-03-07 13:57:00
129376,118752,33572,6,Lagos-Benin City,2025-06-07,COMPLETED,3050.00,PAID,2025-05-18 17:02:00,2025-05-20 02:53:00
163452,113047,46722,52,ENUGU - MAKURDI,2025-04-23,COMPLETED,5800.00,PAID,2025-04-17 09:10:00,2025-04-17 12:34:00
247152,106245,82832,43,Ibadan-Oyo,2025-03-22,CANCELLED,4505.46,REFUNDED,2025-03-06 07:16:00,2025-03-06 09:31:00
125917,112560,97938,59,Kaduna-Zaria,2025-04-29,REFUNDED,14550.00,REFUNDED,2025-04-14 06:03:00,2025-04-14 06:38:00
143691,116033,57823,14,Lagos-Uyo,2025-06-07,CANCELLED,2119.44,REFUNDED,2025-05-27 10:23:00,2025-05-27 12:42:00
24987,111483,36824,58,Kano-Bauchi,2025-04-16,COMPLETED,13350.00,PAID,2025-04-14 09:32:00,2025-04-14 14:37:00
194485,100556,101528,59,Kaduna-Zaria,2025-04-05,COMPLETED,22916.04,PAID,2025-03-17 14:04:00,2025-03-17 16:26:00
7699,115576,16746,1,Lagos-Abuja,2025-04-21,COMPLETED,7750.00,PAID,2025-04-02 10:19:00,2025-04-02 14:52:00
107927,111803,26200,55,Kano-Katsina,2025-05-30,PENDING,18300.00,PENDING,2025-05-25 06:18:00,2025-05-25 10:24:00
10921,106469,19371,14,Lagos-Uyo,2025-03-18,COMPLETED,3750.00,PAID,2025-03-18 11:18:00,2025-03-18 15:51:00
213407,112044,114272,26,Abuja-Bauchi,2025-05-23,COMPLETED,15900.00,PAID,2025-05-14 12:47:00,2025-05-14 15:55:00
41283,111197,27310,28,Abuja-Ilorin,2025-04-09,REFUNDED,10800.00,REFUNDED,2025-03-25 21:43:00,2025-03-28 02:05:00
97646,113594,81052,14,Lagos-Uyo,2025-06-12,Completed,2000.00,PAID,2025-05-24 13:02:00,2025-05-24 16:28:00
127896,105178,21258,24,Lagos-Uyo,2025-03-30,COMPLETED,2400.00,PAID,2025-03-16 10:02:00,2025-03-16 12:19:00
159907,106200,105554,17,Lagos/Zaria,2025-04-10,CANCELLED,0.00,PAID,2025-04-07 05:55:00,2025-04-08 04:19:00
108051,102888,23590,17,Lagos-Zaria,2025-03-22,COMPLETED,8450.00,PAID,2025-03-22 14:00:00,2025-03-22 20:59:00
3199,122593,26668,32,Port Harcourt-Aba,2025-04-20,COMPLETED,9750.00,PAID,2025-04-14 08:46:00,2025-04-14 12:03:00
205600,120642,1597,54,Kano-Zaria,2025-05-18,COMPLETED,16800.00,PAID,2025-04-29 11:32:00,2025-04-29 17:29:00
152855,117392,94821,NULL,Lagos-Maiduguri,2025-04-10,COMPLETED,5300.00,PAID,2025-04-09 08:09:00,2025-04-10 03:53:00
16019,109474,66045,46,Ibadan-Abeokuta,2025-05-24,CANCELLED,4500.00 NGN,REFUNDED,2025-05-11 09:30:00,2025-05-11 12:26:00
85936,122167,63013,26,Abuja-Bauchi,2025-05-06,CANCELLED,12580.21,REFUNDED,2025-05-02 17:50:00,2025-05-02 19:39:00
103852,116251,27649,15,Lagos-Jos,2025-05-11,COMPLETED,5550.00,PAID,2025-05-05 08:25:00,2025-05-08 19:48:00
153539,112180,22214,3,Lagos-Port Harcourt,2025-05-06,COMPLETED,4750.00,PAID,2025-04-18 08:04:00,2025-04-18 11:28:00
110014,124192,56713,15,Lagos-Jos,2025-04-21,COMPLETED,6709.84,PAID,2025-04-15 11:17:00,2025-04-15 16:17:00
166880,109144,98325,49,  Enugu-Awka,2025-06-04,CANCELLED,0.00,PARTIAL,2025-06-02 16:13:00,2025-06-02 20:21:00
26147,104764,10055318,26,Abuja-Bauchi,2025-05-26,PENDING,10400.00,PENDING,2025-05-17 11:57:00,2025-05-21 08:43:00
204384,109084,15948,37,Port Harcourt-Onitsha Onitsha,2025-06-11,COMPLETED,4450.00,PAID,2025-05-30 18:37:00,2025-05-30 19:16:00
14867,110558,76854,47,Enugu-Onitsha,2025-05-26,COMPLETED,4250.00,PAID,2025-05-08 11:26:00,2025-05-08 12:24:00
143280,104929,104031,19,Lagos-Abadan,2025-04-14,COMPLETED,2250.00,PAID,2025-04-03 08:33:00,2025-04-03 11:26:00
148478,103831,9249,47,Enugu-Onitsha,2025-04-14,COMPLETED,2550.00,PAID,2025-04-01 11:37:00,2025-04-01 14:51:00
237992,112999,1172,47,Enugu-Onitsha,2025-03-24,COMPLETED,3950.00,PAID ,2025-03-13 12:53:00,2025-03-13 15:40:00
207197,104720,45521,32,Port Harcourt-Aba,2025-05-12,CANCELLED,6850.00,REFUNDED,2025-04-26 19:48:00,2025-04-26 21:50:00
167806,100561,10023,38,Port Harcourt-Asaba,2025-06-10,CANCELLED,0.00,PENDING,2025-06-03 21:49:00,2025-06-06 08:23:00
61838,None,63877,12,Lagos-Calabar,2025-05-29,COMPLETED,3050.00,PAID,2025-05-18 20:33:00,2025-05-19 15:16:00
63059,100087,14843,51,  Enugu-Aba,2025-05-22,COMPLETED,6829.81,PAID,2025-05-03 06:39:00,2025-05-03 06:50:00
246501,117039,43687,39,Port Harcourt-Ibadan,2025-05-04,CANCELLED,0.00,PAID,2025-04-22 05:04:00,2025-04-22T08:45:00Z
80137,101968,30766,14,Lagos-Uyo,2025-06-03,COMPLETED,1850.00,PAID,2025-05-14 05:59:00,2025-05-14 08:01:00
46053,109750,3094,41,Ibadan-Lagos,2025-05-16,COMPLETED,3000.00,PAID,2025-05-11 20:08:00,2025-05-11 22:30:00
99461,101331,16739,13,Lagos-Akure,2025-03-19,  PENDING,1800.00,PENDING,2025-02-28 09:03:00,2025-02-28 12:16:00
130975,124131,42754,45,IBADAN - AKURE,2025-06-06,COMPLETED,3200.00,PAID,2025-05-21 19:57:00,2025-05-22 00:49:00
22125,111253,12043,23,Abuja-Jos,2025-03-29,NO_SHOW,19000.00,PAID,2025-03-16 05:38:00,20250316074800
122891,109899,2630,41,Ibadan-Lagos,2025-03-25, complete,3150.00,PAID,2025-03-20 19:24:00,2025-03-20 20:15:00
245181,109627,26120,5,Lagos-Kano,2025-06-13,COMPLETED,3800.00,PAID,2025-05-31 09:14:00,2025-05-31 11:10:00
133495,107815,65175,45,Ibadan-Akure,2025-05-07,COMPLETED,5454.21,PAID,2025-05-01 14:27:00,2025-05-01 15:04:00
230172,115685,111043,11,Lagos-Maiduguri,2025-03-28,COMPLETED,8500.00,PAID,2025-03-15 07:17:00,2025-03-15 08:26:00
194673,110775,106590,1,Lagos-Abuja,2025-04-26,COMPLETED,5100.00,PAID,2025-04-09 12:03:00,2025-04-09 18:01:00
189612,104094,81663,28,Abuja-Ilorin,2025-05-24,COMPLETED,10850.00,PAID,2025-05-07 19:19:00,2025-05-07 19:45:00
28031,121320,54572,42,Ibadan-Ogbomoso,2025-05-15,COMPLETED,3150.00,PAID,2025-05-15 11:43:00,2025-05-15 12:35:00
197293,121506,34155,15,Lagos-Jos,2025-04-16,COMPLETED,6550.00,PAID,2025-03-30 20:09:00,2025-03-30 21:27:00
60233,100554,34443,58,Kano-Bauchi,2025-05-29,COMPLETED,9000.00,paid,2025-05-23 19:08:00,2025-05-23 22:25:00
5462,104610,70270,43,Ibadan-Oyo,2025-05-03,COMPLETED,3000.00,PAID,2025-04-17 15:02:00,2025-04-17 19:09:00
131518,105638,56835,56,  Kano-Maiduguri,2025-04-09,COMPLETED,17200.00,PAID,2025-04-05 20:28:00,2025-04-05 23:15:00
102721,116818,94893,55,Kano-Katsina,2025-04-13,COMPLETED,13058.02,PAID,2025-04-01 08:41:00,2025-04-01 12:14:00
44941,119191,30506,21,Lagos-Uyo,2025-03-25,COMPLETED,2200.00,PAID,2025-03-24 09:46:00,2025-03-24 15:27:00
221076,113533,86667,59,Kaduna-Zaria,2025-06-07,COMPLETED,16150.00,PAID,2025-05-27 12:21:00,2025-05-27 17:02:00
182309,120428,49682,12,Lagos-Calabar,2025-03-22,COMPLETED,1922.82,PAID,2025-03-06 17:23:00,2025-03-09 21:39:00
125664,124452,39889,11,Lagos-Maiduguri,2025-04-29,COMPLETED,6734.67,PAID,2025-04-25 10:15:00,2025-04-25 14:15:00
212491,108789,60368,2,Lagos-Ibadan,2025-05-15,COMPLETED,2100.00,PAID,2025-05-09 18:13:00,2025-05-09 19:50:00
129392,106733,114296,1,Lagos-Abuja,2025-04-11,EXPIRED,3950.00,PAID,2025-04-01T18:04:00Z,2025-04-15 08:54:00
153036,102950,58020,20,Lagos-Sokoto,2025-06-09,CANCELLED,6800.00,REFUNDED,2025-06-09 08:35:00,2025-06-09 09:46:00
220192,112014,4186,56,Kano-Maiduguri,2025-03-19,COMPLETED,22050.00,PAID,2025-03-11 09:17:00,-
147002,124761,67959,46,Ibadan-Abeokuta,2025-03-22,COMPLETED,2500.00,paid,2025-03-09 17:04:00,2025-03-09 19:13:00
88235,122755,32142,17,Lagos-Zaria,2025-05-22,COMPLETED,9300.00,PAID,2025-05-01 12:19:00,2025-05-05 09:03:00
76345,109509,119184,15,Lagos-Jos,2025-03-22,COMPLETED,4049.25,PAID,2025-03-04 07:05:00,2025-03-04 12:42:00
124603,110886,51805,13,Lagos-Akure,2025-05-18,COMPLETED,3200.00,PAID,2025-05-05 17:51:00,2025-05-05 22:01:00
64832,900210,62783,13,Lagos-Akure,2025-05-09,COMPLETED,2300.00,PAID,2025-04-29 07:09:00,2025-05-02 04:15:00
107130,112743,58543,20,Lagos-Sokoto,2025-04-25,COMPLETED,9100.00,PAID ,2025-04-14 05:12:00,2025-04-14 09:38:00
65955,114975,47028,46,Ibadan-Abeokuta,2025-05-10,COMPLETED,2910.06,PAID,2025-05-03 18:32:00,2025-05-06 15:13:00
115751,112005,1915,3,Lagos-Port Harcourt,2025-05-02,COMPLETED,2800.00,PAID,2025-04-15 17:18:00,2025-04-15 22:45:00
9464,123625,5515,23,Abuja-Jos,2025-04-03,PENDING,13500.00,PENDING  ,2025-03-31 17:47:00,2025-03-31 20:54:00
19911,120816,4335,59,Kaduna-Zaria,2025-06-11,CANCELLED,8778.88,REFUNDED,2025-06-06 17:36:00,2025-06-06 18:13:00
82298,110994,102793,17,Lagos-Zaria,2025-00-10,PENDING,4600.00,PENDING,2025-03-08 14:44:00,2025-03-08 18:31:00
97354,104998,23708,26,Abuja-Bauchi,2025-03-15,COMPLETED,20000.00,PAID,2025-03-13 12:17:00,2025-03-13 12:37:00
17884,None,25690,13,Lagos-Akure,2025-05-13,COMPLETED,2600.00,PAID,2025-04-26 18:14:00,2025-04-26 20:28:00
24810,116326,53512,10,Lagos-Warri,2025-06-12,COMPLETED,2096.35,PAID ,2025-06-07 13:56:00,2025-06-07 19:01:00
235306,121618,63073,36,Port Harcourt-Calabar,2025-05-19,COMPLETED,5450.00,PAID  ,2025-05-10 08:58:00,2025-05-10 10:13:00
217970,110261,29538,19,Lagos-Abadan,2025-03-29,COMPLETED,2250.00,PAID,2025-03-28 16:12:00,2025-03-28 17:03:00
23968,113756,36628,00000038,Port Harcourt-Asaba,2025-04-08,COMPLETED,8300.00,PAID,2025-03-27 06:47:00,2025-03-27 09:17:00
106143,120913,17879,10,Lagos-Warri,2025-06-02,COMPLETED,4350.00,PAID,2025-05-17 07:25:00,2025-05-17 07:44:00
105178,118169,114167,38,Port Harcourt-Asaba,2025-06-06,Cancelled,0.00,PAID,2025-06-01 21:12:00,2025-06-02 01:25:00
16820,115286,21486,2,Lagos–Ibadan,2025-06-01,CANCELLED,0.00,PAID,2025-05-16 09:06:00,2025-05-18 18:19:00
218771,118580,69139,17,Lagos-Zaria,2025-06-07,PENDING,5550.00,PENDING,2025-06-07 07:06:00,2025-06-07 11:37:00
83466,118651,29108,59,Kaduna-Zaria,2025-05-14,COMPLETED,13050.00,PAID,2025-04-23 05:03:00,2025-04-23 07:23:00
128268,121699,59052,29,Abuja-Port Harcourt,2025-03-22,PENDING,5850.00,PENDING,2025-03-13 07:42:00,2025-03-13 12:42:00
218237,102198,98895,56,Kano-Maiduguri,2025-06-13,COMPLETED,17150.00,PAID,2025-06-07 16:42:00,2025-06-07 18:59:00
133002,104405,14917,5,Lagos-Kano,2025-04-12,CANCELLED,7406.25,REFUNDED,2025-03-23 09:44:00,2025-03-23 13:32:00
131697,112844,28061,51,Enugu-Aba,2025-05-13,EXPIRED,5050.00,PAID,2025-05-06 07:11:00,2025-05-06 11:05:00
218815,110076,17820,29,Abuja-Port Harcourt,2025-05-27,PENDING,15000.00,PENDING,2025-05-14 18:47:00,2025-05-14 20:05:00
99362,124612,88552,48,Enugu-Owerri,2025-05-02,COMPLETED,3400.00,PAID,2025-04-11 20:30:00,2025-04-11 23:56:00
215308,112653  ,40706,26,Abuja-Bauchi,2025-03-29,NO_SHOW,10950.00,PAID,2025-03-21 16:46:00,2025-03-21 20:53:00
35146,104097,21145,43,Ibadan-Oyo,2025-05-11,COMPLETED,4550.00,PAID,2025-04-29 09:41:00,2025-04-29 13:26:00
154699,112684,85461,59,Kaduna-Zaria,2025-06-06,EXPIRED,0.00,FAILED,2025-05-21 14:08:00,2025-05-21 18:01:00
249866,115556,62740,56,Kano-Maiduguri,2025-04-22,COMPLETED,17850.00,PAID,2025-04-12 14:58:00,2025-04-12 17:30:00
3237,112678  ,69040,50,Enugu-Umuahia,2025-05-31,COMPLETED,5250.00,PAID,2025-05-20 13:24:00,2025-05-20 15:03:00
149190,103085,5423,19,Lagos-Abadan,2025-05-25,COMPLETED,1650.00,PAID,2025-05-08 11:16:00,2025-05-08 14:02:00
215763,109997,87824,49,Enugu-Awka,2025-03-19,CANCELLED,0.00,PAID,2025-03-12 17:41:00,2025-03-27 04:34:00
71467,103096,26783,15,Lagos-Jos,2025-03-30,COMPLETED,3000.00,PAID,2025-03-20 21:41:00,2025-03-20 23:04:00
44060,101656,113868,22,Abuja-Kano,2025-04-13,COMPLETED,14250.39,Paid,2025-04-08 19:52:00,2025-04-08 22:51:00
113895,120407,89461,57,Kano-Sokoto,2025-04-24,COMPLETED,13300.00,Paid,2025-04-03 11:13:00,2025-04-03 17:06:00
131062,123254,61512,11,Lagos-Maiduguri,2025-04-14,COMPELTED,4550.00,PAID,2025-03-28 17:19:00,2025-03-28 19:48:00
162950,112668,88811,17,Lagos-Zaria,2025-04-19,EXPIRED ,0.00,FAILED,2025-04-19 07:07:00,2025-04-19 07:39:00
236143,117991,108184,53,Kano-Kaduna,2025-05-07,COMPLETED,11600.00,PAID,2025-05-06 21:24:00,2025-05-06 23:31:00
59482,104916,32,43,Ibadan-Oyo,2025-06-15 00:00:00,COMPLETED,4250.00,PAID,2025-05-09 17:59:00,2025-05-09 18:29:00
97825,105931,66100,26,Abuja-Bauchi,2025-03-16,COMPLETED,10800.00,PAID,2025-02-25 11:14:00,2025-02-25 12:59:00
187109,124439,60464,17,Lagos-Zaria,2025-04-24,CANCELLED,0.00,REFUND ,2025-04-24 17:09:00,2025-04-24 19:11:00
55361,100480,12914,46,Ibadan-Abeokuta,2025-04-22,COMPLETED,4741.50,PAID,2025-04-21 06:57:00,2025-04-21 07:43:00
159434,112452,13635,17,Lagos-Zaria,2025-04-06,COMPLETED,7300.00,PAID,2025-03-27 12:36:00,2025-03-27 16:23:00
222591,122642,18775,59,Kaduna-Zaria,2025-04-11,COMPLETED,11900.00,PAID,2025-03-29 17:41:00,2025-03-29 20:27:00
119859,112556,54102,19,Lagos-Abadan,2025-03-25,PENDING,1800.00,PENDING,2025-03-17 19:36:00,2025-03-17 23:45:00
210805,112085,3737,59,Kaduna-Zaria,2025-06-09,PENDING,11701.98,PENDING,2025-06-07 08:29:00,2025-06-07 14:24:00
117682,111679,62883,15,LAGOS - JOS,2025-03-16,COMPLETED,3550.00,PAID,2025-03-13 19:52:00,2025-03-13 20:01:00
139244,122875,43084,13,Lagos-Akure,2025-05-30,COMPLETED,3400.00,PAID,2025-05-27 20:38:00,2025-05-28 01:47:00
153841,106602,15297,31,  Port Harcourt-Enugu,2025-05-22,COMPLETED,6350.00,PAID,2025-05-20 06:07:00,2025-06-02 03:48:00
163575,111623,13536,19,Lagos-Abadan,2025-06-10,COMPLETED,3050.00,PAID,2025-06-04 21:38:00,2025-06-05 01:03:00
144885,NULL,46199,5,Lagos-Kano,2025-03-15,COMPLETED,9800.00,PAID,2025-02-26 16:35:00,2025-02-26 20:43:00
242062,122204,27588,29,Abuja-Port Harcourt,2025-06-10,CANCELLED ,0.00,PAID,2025-05-20 21:02:00,2025-05-21 01:30:00
109858,118589,93084,48,Enugu-Owerri,2025-05-15,COMPLETED,5950.00,PAID,2025-05-02 06:23:00,2025-05-02 07:59:00
159708,102300,9578,14,Lagos-Uyo,2025-04-02,COMPLETED,1650.66,PAID,2025-03-24 11:06:00,2025-03-24 12:31:00
70042,110731,47786,43,Ibadan-Oyo,2025-04-20,COMPLETED  ,2000.00,PAID,2025-04-01 17:15:00,2025-04-01 21:59:00
190378,None,93511,22,Abuja-Kano,2025-04-28,PENDING,15835.42,PENDING,2025-04-13 21:31:00,2025-04-13 23:22:00
32243,113011,30042,17,Lagos-Zaria,15/06/2025,COMPLETED,4708.51,PAID,2025-05-13 13:41:00,2025-05-24 18:34:00
41161,120386,12409,26,Abuja-Bauchi,2025-05-30,COMPLETED,9050.00,PAID,2025-05-22 19:41:00,2025-05-23 00:14:00
81285,104418,97360,6,Lagos-Benin City,2025-06-13,COMPLETED,3700.00,PAID,2025-06-12 13:15:00,
240013,100610,108807,15,Lagos-Jos,2025-03-28,CANCELLED,0.00,FAILED,2025-03-19 15:04:00,2025-03-19 19:19:00
94914,119451,33061,5,Lagos-Kano Kano,2025-04-09,COMPLETED,9750.00,PAID,2025-03-28 16:02:00,2025-03-28 16:24:00
25953,100645,60090,51,Enugu-Aba,2025-05-19,REFUNDED,6900.00,REFUNDED,2025-05-19 20:49:00,2025-05-20 01:02:00
114253,101528,39043,26,Abuja/Bauchi,2025-03-25,CANCELLED,8750.00,REFUNDED,2025-03-04 12:07:00,2025-03-04 14:15:00
80055,NULL,44406,60,Kaduna-Katsina,2025-04-06,CANCELLED,0.00,PAID,2025-03-26 11:58:00,2025-03-27 03:05:00
195378,110922,84057,19,Lagos-Abadan,2025-05-22,CANCELLED,2255.02,REFUNDED,2025-05-16 16:36:00,2025-05-18 23:44:00
206218,105030,96288,43,Ibadan-Oyo,2025-06-01,CANCELLED,0.00,PAID,2025-05-20 06:41:00,2025-05-20 11:19:00
162305,112697,17891,28,Abuja-Ilorin,2025-05-19,COMPLETED,14800.00,PAID,2025-05-12 12:53:00,2025-05-12 13:27:00
146679,111116,64678,13,Lagos-Akure,2025-05-20,REFUNDED,2616.11,REFUNDED,2025-05-12 05:16:00,2025-05-12 09:27:00
228337,102909,27464,12,Lagos-Calabar,2025-04-24,COMPLETED,2150.00,PAID,2025-04-11 12:24:00,2025-04-11 18:19:00
49940,100838,109282,56,Kano-Maiduguri,2025-05-23,COMPLETED,16550.00,PAID,2025-05-23 14:17:00,2025-05-23 17:12:00
212901,117775,64999,2,Lagos-Ibadan,2025-04-01,COMPLETED,1900.00,PAID,2025-03-26 20:45:00,2025-03-26 23:30:00
183847,110552,10057809,38,Port Harcourt-Asaba,2025-06-06,COMPLETED,9150.00,PAID,2025-05-23 05:19:00,2025-05-23 05:52:00
200689,109805,119359,47,Enugu-Onitsha,2025-04-28,canceled,0.00,PAID,2025-04-17 19:25:00,2025-04-18 01:22:00
68090,107024,49687,59,  Kaduna-Zaria,2025-04-29,COMPLETED,16300.00,PAID,2025-04-28 11:21:00,2025-04-28 14:45:00
166163,104019,80434,45,Ibadan-Akure,2025-06-01,COMPLETED,3550.00,PAID,2025-05-14 13:18:00,2025-05-14 17:14:00
47821,102399,113724,56,Kano-Maiduguri,2098-06-01,COMPLETED,21700.00,PAID,2025-05-02 20:01:00,2025-05-02 22:41:00
198727,104544,36766,20,LAGOS - SOKOTO,2025-05-25,COMPLETED,4300.00,PAID,2025-05-11 15:59:00,2025-05-11 18:41:00
167145,116328,63279,29,Abuja-Port Harcourt,2025-05-19,COMPLETED,16050.00,PAID,2025-05-17 17:23:00,2025-05-17 21:04:00
142709,118322,74643,10,Lagos-Warri,2025-03-28,Expired,0.00,FAILED,2025-03-17 14:42:00,2025-03-17 19:48:00
97668,113595,7519,14,Lagos-Uyo,2025-05-30,COMPLETED,1550.00,PAID,2025-05-24 21:27:00,2025-05-24 23:45:00
62019,100464,103015,60,Kaduna-Katsina,2025-04-15,COMPLETED,12150.00,PAID,2025-04-12 15:16:00,2025-04-12 16:47:00
108544,124509,84878,23,Abuja-Jos,2025-05-01,COMPLETED,12873.58,NULL,2025-04-21 13:30:00,2025-04-22 12:52:00
99690,900408,37528,49,Enugu-Awka,2025-05-04,COMPLETED,2600.00,PAID,2025-05-01 21:44:00,2025-05-02 00:42:00
10880,118917,13192,49,Enugu-Awka Awka,2025-06-06,CANCELLED,0.00,PENDING,2025-05-16 13:28:00,2025-05-16 18:03:00
74438,103773,44838,17,Lagos Zaria,2025-04-18,PENDING,3900.00,PENDING,2025-04-12 07:54:00,2025-04-24 14:27:00
228550,114840,41728,56,Kano-Maiduguri,2025-03-20,COMPLETED,17000.00,PAID,2025-03-20 18:21:00,2025-03-20T21:02:00Z
180237,NaN,40281,33,Port Harcourt-Owerri,2025-04-27,COMPLETED,6465.33,PAID,2025-04-10 07:39:00,2025-04-22 23:40:00
44697,109670,52599,30,Abuja-Owerri,2025-06-13,COMPLETED,16300.00,PAID,2025-06-09 06:29:00,2025-06-09 09:12:00
15251,104935,44408,5,Lagos-Kano,2025-04-03,CANCELLED,0.00,PAID,2025-03-25T16:47:00Z,2025-03-25 22:27:00
60307,104108,94798,10,Lagos-Warri,2025-04-22,COMPLETED,3465.47,PAID,2025-04-06 14:10:00,2025-04-06 17:54:00
18555,124103,88399,11,Lagos-Maiduguri,2025-03-31,REFUNDED,10200.00,refunded,2025-03-22 12:32:00,2025-03-22 18:27:00
65221,None,112299,59,Kaduna-Zaria,2025-05-27,PENDING,17017.21,PENDING,2025-05-12 09:28:00,2025-05-12 14:05:00
127996,119055,78811,29,Abuja-Port Harcourt,2025-05-25,CANCELLED,0.00,n/a,2025-05-12 18:35:00,2025-05-22 02:20:00
97628,107759,72396,14,Lagos-Uyo,2025-05-18,COMPLETED,1548.72,PAID,2025-05-15 10:49:00,2025-05-15 15:36:00
53565,112568,119353,2,Lagos-Ibadan,2025-03-25,COMPLETED,1450.00,,2025-03-12 16:51:00,2025-03-12 20:06:00
211169,122147,26656,25,Abuja-Maiduguri,2025-04-22,COMPLETED,11050.00,PAID,2025-04-12 06:23:00,2025-04-15 18:52:00
209060,113536,101076,38,Port Harcourt-Asaba Asaba,2025-06-11,COMPLETED,7650.00,PAID,2025-05-21 19:27:00,2025-05-21 23:54:00
45564,117652,93688,15,Lagos-Jos,2025-03-17,COMPLETED,6750.00,PAID,2025-03-05 17:59:00,2025-03-05 21:45:00
41516,112845,26023,13,Lagos  Akure,2025-04-16,COMPLETED,3050.00,PAID,2025-03-26 14:41:00,2025-03-26 15:17:00
136153,115715,48019,17,Lagos-Zaria,2025-04-09,CANCELLED,7450.00,REFUNDED,2025-04-02 12:20:00,2025-04-02 15:34:00
118169,113505,82490,43,Ibadan-Oyo,2025-05-06,Pending,3309.42,PENDING,2025-05-01 11:42:00,2025-05-01 14:45:00
238648,105759,82850,11,Lagos-Maiduguri,2025-04-08,CANCELLED,3950.00,REFUNDED,2025-04-04 17:34:00,2025-04-04 21:55:00
75010,113647,1445,32,Port Harcourt-Aba,2025-04-19,CANCELLED,0.00,PAID,2025-04-19 21:15:00,2025-04-19 23:41:00
133577,   ,19154,56,Kano-Maiduguri,2025-06-13,CANCELLED,0.00,PAID,2025-05-25 10:55:00,2025-05-25 11:03:00
249448,112100,47169,17,Lagos-Zaria,2025-04-10,COMPLETED,5500.00,PAID,2025-03-26 07:19:00,2025-03-29 15:36:00
132349,109649,20975,38,Port Harcourt-Asaba,2025-05-01,COMPLETED,8600.00,PAID,2025-04-14 21:53:00,2025-04-15 18:47:00
75724,,58382,11,Lagos-Maiduguri,2025-06-05,NO_SHOW,5400.00,PAID,2025-06-01 09:46:00,2025-06-01 11:04:00
